Date,ALGT
2006-12-08,25.1
2006-12-11,26.299999
2006-12-12,26.07
2006-12-13,26.85
2006-12-14,27.84
2006-12-15,27.65
2006-12-18,27.549999
2006-12-19,26.49
2006-12-20,27.1
2006-12-21,27.57
2006-12-22,27.23
2006-12-26,27.52
2006-12-27,27.92
2006-12-28,27.9
2006-12-29,28.059998999999998
2007-01-03,27.77
2007-01-04,27.77
2007-01-05,27.75
2007-01-08,26.98
2007-01-09,26.99
2007-01-10,26.969998999999998
2007-01-11,27.360001
2007-01-12,28.25
2007-01-16,29.58
2007-01-17,30.0
2007-01-18,30.190001000000002
2007-01-19,29.51
2007-01-22,29.67
2007-01-23,31.129998999999998
2007-01-24,32.32
2007-01-25,31.98
2007-01-26,32.0
2007-01-29,31.85
2007-01-30,32.59
2007-01-31,33.25
2007-02-01,34.049999
2007-02-02,34.939999
2007-02-05,35.200001
2007-02-06,34.029999
2007-02-07,34.07
2007-02-08,33.450001
2007-02-09,33.259997999999996
2007-02-12,32.919998
2007-02-13,32.709998999999996
2007-02-14,33.0
2007-02-15,32.84
2007-02-16,34.77
2007-02-20,35.470001
2007-02-21,35.0
2007-02-22,34.490002000000004
2007-02-23,33.5
2007-02-26,34.639998999999996
2007-02-27,32.950001
2007-02-28,34.459998999999996
2007-03-01,34.439999
2007-03-02,33.950001
2007-03-05,34.080002
2007-03-06,32.57
2007-03-07,33.599998
2007-03-08,33.75
2007-03-09,32.439999
2007-03-12,31.200001
2007-03-13,31.01
2007-03-14,31.07
2007-03-15,32.0
2007-03-16,31.65
2007-03-19,31.65
2007-03-20,33.349998
2007-03-21,33.18
2007-03-22,33.599998
2007-03-23,32.990002000000004
2007-03-26,32.779999
2007-03-27,32.0
2007-03-28,31.25
2007-03-29,31.469998999999998
2007-03-30,31.5
2007-04-02,31.65
2007-04-03,32.75
2007-04-04,31.59
2007-04-05,32.040001000000004
2007-04-09,32.009997999999996
2007-04-10,32.200001
2007-04-11,32.369999
2007-04-12,32.529999
2007-04-13,33.060001
2007-04-16,32.709998999999996
2007-04-17,32.060001
2007-04-18,32.049999
2007-04-19,32.259997999999996
2007-04-20,31.879998999999998
2007-04-23,32.299999
2007-04-24,33.889998999999996
2007-04-25,33.240002000000004
2007-04-26,32.759997999999996
2007-04-27,32.0
2007-04-30,32.09
2007-05-01,34.889998999999996
2007-05-02,34.700001
2007-05-03,34.169998
2007-05-04,33.349998
2007-05-07,32.279999
2007-05-08,31.969998999999998
2007-05-09,31.870001000000002
2007-05-10,30.280001000000002
2007-05-11,30.040001
2007-05-14,29.200001
2007-05-15,27.76
2007-05-16,28.040001
2007-05-17,30.0
2007-05-18,30.190001000000002
2007-05-21,31.200001
2007-05-22,31.52
2007-05-23,31.93
2007-05-24,32.150002
2007-05-25,31.76
2007-05-29,32.16
2007-05-30,31.82
2007-05-31,31.75
2007-06-01,32.23
2007-06-04,32.389998999999996
2007-06-05,32.0
2007-06-06,31.68
2007-06-07,31.690001000000002
2007-06-08,31.73
2007-06-11,31.389999
2007-06-12,30.889999
2007-06-13,31.84
2007-06-14,32.41
2007-06-15,32.900002
2007-06-18,32.5
2007-06-19,32.25
2007-06-20,32.349998
2007-06-21,32.580002
2007-06-22,33.380001
2007-06-25,32.200001
2007-06-26,31.6
2007-06-27,30.959999
2007-06-28,31.59
2007-06-29,30.74
2007-07-02,31.129998999999998
2007-07-03,31.35
2007-07-05,31.620001000000002
2007-07-06,32.32
2007-07-09,31.49
2007-07-10,30.99
2007-07-11,31.709999
2007-07-12,31.92
2007-07-13,31.940001000000002
2007-07-16,31.790001
2007-07-17,33.509997999999996
2007-07-18,33.049999
2007-07-19,32.5
2007-07-20,31.950001
2007-07-23,32.080002
2007-07-24,31.6
2007-07-25,31.629998999999998
2007-07-26,31.139999
2007-07-27,30.959999
2007-07-30,30.18
2007-07-31,29.389999
2007-08-01,30.799999
2007-08-02,30.09
2007-08-03,30.35
2007-08-06,30.860001
2007-08-07,33.490002000000004
2007-08-08,33.799999
2007-08-09,31.440001000000002
2007-08-10,30.52
2007-08-13,30.85
2007-08-14,30.84
2007-08-15,30.18
2007-08-16,30.74
2007-08-17,30.49
2007-08-20,30.52
2007-08-21,30.09
2007-08-22,29.99
2007-08-23,30.5
2007-08-24,30.219998999999998
2007-08-27,30.200001
2007-08-28,29.67
2007-08-29,29.25
2007-08-30,28.84
2007-08-31,29.0
2007-09-04,28.41
2007-09-05,28.299999
2007-09-06,29.940001000000002
2007-09-07,29.969998999999998
2007-09-10,29.139999
2007-09-11,29.950001
2007-09-12,29.780001000000002
2007-09-13,29.73
2007-09-14,30.299999
2007-09-17,29.809998999999998
2007-09-18,30.07
2007-09-19,30.040001
2007-09-20,29.77
2007-09-21,29.950001
2007-09-24,27.879998999999998
2007-09-25,29.43
2007-09-26,30.18
2007-09-27,29.99
2007-09-28,30.32
2007-10-01,31.059998999999998
2007-10-02,31.9
2007-10-03,31.379998999999998
2007-10-04,32.240002000000004
2007-10-05,32.900002
2007-10-08,31.85
2007-10-09,32.080002
2007-10-10,33.16
2007-10-11,33.779999
2007-10-12,34.5
2007-10-15,34.0
2007-10-16,34.0
2007-10-17,38.200001
2007-10-18,36.619999
2007-10-19,35.82
2007-10-22,37.279999
2007-10-23,37.959998999999996
2007-10-24,36.209998999999996
2007-10-25,36.970001
2007-10-26,37.91
2007-10-29,38.41
2007-10-30,36.98
2007-10-31,36.02
2007-11-01,34.830002
2007-11-02,35.799999
2007-11-05,34.75
2007-11-06,34.490002000000004
2007-11-07,32.66
2007-11-08,32.150002
2007-11-09,31.59
2007-11-12,32.450001
2007-11-13,32.189999
2007-11-14,31.559998999999998
2007-11-15,31.01
2007-11-16,31.530001000000002
2007-11-19,32.189999
2007-11-20,32.049999
2007-11-21,31.65
2007-11-23,32.720001
2007-11-26,31.92
2007-11-27,32.220001
2007-11-28,34.509997999999996
2007-11-29,33.869999
2007-11-30,35.400002
2007-12-03,32.860001000000004
2007-12-04,34.23
2007-12-05,33.490002000000004
2007-12-06,34.59
2007-12-07,36.459998999999996
2007-12-10,34.150002
2007-12-11,33.59
2007-12-12,32.860001000000004
2007-12-13,33.98
2007-12-14,33.18
2007-12-17,32.220001
2007-12-18,33.790001000000004
2007-12-19,33.790001000000004
2007-12-20,34.400002
2007-12-21,34.970001
2007-12-24,34.529999
2007-12-26,33.68
2007-12-27,32.919998
2007-12-28,33.639998999999996
2007-12-31,32.139998999999996
2008-01-02,29.190001000000002
2008-01-03,30.75
2008-01-04,28.68
2008-01-07,29.26
2008-01-08,26.049999
2008-01-09,25.6
2008-01-10,25.74
2008-01-11,23.73
2008-01-14,24.200001
2008-01-15,23.969998999999998
2008-01-16,24.049999
2008-01-17,23.41
2008-01-18,21.01
2008-01-22,25.5
2008-01-23,26.76
2008-01-24,23.889999
2008-01-25,24.02
2008-01-28,23.9
2008-01-29,23.780001000000002
2008-01-30,26.610001
2008-01-31,31.280001000000002
2008-02-01,29.540001
2008-02-04,30.780001000000002
2008-02-05,31.0
2008-02-06,31.370001000000002
2008-02-07,30.040001
2008-02-08,30.26
2008-02-11,30.25
2008-02-12,30.42
2008-02-13,30.0
2008-02-14,27.629998999999998
2008-02-15,27.889999
2008-02-19,27.92
2008-02-20,27.93
2008-02-21,28.620001000000002
2008-02-22,27.809998999999998
2008-02-25,28.389999
2008-02-26,28.459999
2008-02-27,28.540001
2008-02-28,28.040001
2008-02-29,27.209999
2008-03-03,27.299999
2008-03-04,27.690001000000002
2008-03-05,27.65
2008-03-06,25.940001000000002
2008-03-07,26.190001000000002
2008-03-10,25.639999
2008-03-11,27.0
2008-03-12,24.629998999999998
2008-03-13,24.129998999999998
2008-03-14,23.129998999999998
2008-03-17,23.01
2008-03-18,25.16
2008-03-19,23.709999
2008-03-20,24.25
2008-03-24,25.24
2008-03-25,25.870001000000002
2008-03-26,25.280001000000002
2008-03-27,25.5
2008-03-28,25.370001000000002
2008-03-31,26.42
2008-04-01,26.889999
2008-04-02,26.860001
2008-04-03,27.41
2008-04-04,27.51
2008-04-07,27.01
2008-04-08,26.440001000000002
2008-04-09,25.73
2008-04-10,25.49
2008-04-11,24.709999
2008-04-14,24.52
2008-04-15,24.09
2008-04-16,24.379998999999998
2008-04-17,23.549999
2008-04-18,23.5
2008-04-21,23.200001
2008-04-22,20.65
2008-04-23,20.68
2008-04-24,20.42
2008-04-25,20.1
2008-04-28,20.799999
2008-04-29,27.809998999999998
2008-04-30,27.25
2008-05-01,28.74
2008-05-02,27.99
2008-05-05,27.75
2008-05-06,27.17
2008-05-07,26.02
2008-05-08,26.41
2008-05-09,25.049999
2008-05-12,25.290001
2008-05-13,24.870001000000002
2008-05-14,24.85
2008-05-15,24.66
2008-05-16,23.879998999999998
2008-05-19,23.030001000000002
2008-05-20,22.200001
2008-05-21,20.639999
2008-05-22,21.15
2008-05-23,20.780001000000002
2008-05-27,22.450001
2008-05-28,21.76
2008-05-29,21.68
2008-05-30,20.9
2008-06-02,20.5
2008-06-03,19.92
2008-06-04,20.469998999999998
2008-06-05,21.24
2008-06-06,20.719998999999998
2008-06-09,22.0
2008-06-10,21.290001
2008-06-11,21.15
2008-06-12,19.950001
2008-06-13,21.299999
2008-06-16,23.91
2008-06-17,24.379998999999998
2008-06-18,22.610001
2008-06-19,24.040001
2008-06-20,22.790001
2008-06-23,21.440001000000002
2008-06-24,21.34
2008-06-25,22.719998999999998
2008-06-26,21.209999
2008-06-27,20.129998999999998
2008-06-30,18.59
2008-07-01,17.33
2008-07-02,17.5
2008-07-03,17.6
2008-07-07,18.0
2008-07-08,19.469998999999998
2008-07-09,18.379998999999998
2008-07-10,17.889999
2008-07-11,17.129998999999998
2008-07-14,17.27
2008-07-15,17.450001
2008-07-16,20.4
2008-07-17,23.18
2008-07-18,23.98
2008-07-21,22.51
2008-07-22,25.059998999999998
2008-07-23,22.389999
2008-07-24,21.4
2008-07-25,21.969998999999998
2008-07-28,21.66
2008-07-29,24.35
2008-07-30,24.469998999999998
2008-07-31,24.68
2008-08-01,24.02
2008-08-04,25.040001
2008-08-05,27.809998999999998
2008-08-06,27.51
2008-08-07,26.67
2008-08-08,29.0
2008-08-11,30.280001000000002
2008-08-12,29.790001
2008-08-13,28.799999
2008-08-14,29.41
2008-08-15,31.02
2008-08-18,30.690001000000002
2008-08-19,29.75
2008-08-20,29.290001
2008-08-21,29.200001
2008-08-22,30.610001
2008-08-25,29.84
2008-08-26,28.540001
2008-08-27,29.18
2008-08-28,30.040001
2008-08-29,31.01
2008-09-02,31.969998999999998
2008-09-03,33.259997999999996
2008-09-04,32.43
2008-09-05,32.099998
2008-09-08,32.23
2008-09-09,33.540001000000004
2008-09-10,32.029999
2008-09-11,32.119999
2008-09-12,30.889999
2008-09-15,31.870001000000002
2008-09-16,35.0
2008-09-17,32.799999
2008-09-18,35.139998999999996
2008-09-19,33.919998
2008-09-22,32.720001
2008-09-23,32.529999
2008-09-24,31.450001
2008-09-25,31.940001000000002
2008-09-26,33.630001
2008-09-29,33.75
2008-09-30,35.32
2008-10-01,34.509997999999996
2008-10-02,34.200001
2008-10-03,30.57
2008-10-06,29.4
2008-10-07,28.32
2008-10-08,26.24
2008-10-09,25.49
2008-10-10,26.030001000000002
2008-10-13,32.0
2008-10-14,29.52
2008-10-15,28.25
2008-10-16,32.380001
2008-10-17,34.560001
2008-10-20,35.459998999999996
2008-10-21,35.810001
2008-10-22,36.029999
2008-10-23,38.299999
2008-10-24,36.830002
2008-10-27,33.860001000000004
2008-10-28,35.25
2008-10-29,34.709998999999996
2008-10-30,36.740002000000004
2008-10-31,39.830002
2008-11-03,39.049999
2008-11-04,40.900002
2008-11-05,39.75
2008-11-06,36.84
2008-11-07,35.990002000000004
2008-11-10,34.419998
2008-11-11,36.740002000000004
2008-11-12,37.869999
2008-11-13,42.240002000000004
2008-11-14,40.290001000000004
2008-11-17,37.389998999999996
2008-11-18,36.77
2008-11-19,34.849998
2008-11-20,37.060001
2008-11-21,38.970001
2008-11-24,41.700001
2008-11-25,40.389998999999996
2008-11-26,43.57
2008-11-28,43.139998999999996
2008-12-01,38.790001000000004
2008-12-02,39.200001
2008-12-03,39.849998
2008-12-04,37.959998999999996
2008-12-05,41.18
2008-12-08,42.900002
2008-12-09,44.0
2008-12-10,41.82
2008-12-11,39.529999
2008-12-12,43.080002
2008-12-15,41.93
2008-12-16,45.290001000000004
2008-12-17,46.59
2008-12-18,44.57
2008-12-19,44.950001
2008-12-22,46.150002
2008-12-23,47.0
2008-12-24,46.990002000000004
2008-12-26,47.740002000000004
2008-12-29,48.619999
2008-12-30,48.5
2008-12-31,48.57
2009-01-02,43.759997999999996
2009-01-05,40.630001
2009-01-06,40.759997999999996
2009-01-07,40.75
2009-01-08,41.790001000000004
2009-01-09,40.009997999999996
2009-01-12,38.84
2009-01-13,36.68
2009-01-14,36.060001
2009-01-15,37.25
2009-01-16,39.279999
2009-01-20,38.869999
2009-01-21,38.849998
2009-01-22,38.27
2009-01-23,38.32
2009-01-26,37.91
2009-01-27,35.900002
2009-01-28,38.150002
2009-01-29,35.970001
2009-01-30,35.759997999999996
2009-02-02,34.959998999999996
2009-02-03,34.459998999999996
2009-02-04,33.0
2009-02-05,34.380001
2009-02-06,36.43
2009-02-09,35.630001
2009-02-10,35.18
2009-02-11,33.630001
2009-02-12,34.259997999999996
2009-02-13,34.330002
2009-02-17,33.400002
2009-02-18,33.98
2009-02-19,33.990002000000004
2009-02-20,34.490002000000004
2009-02-23,33.869999
2009-02-24,34.790001000000004
2009-02-25,33.490002000000004
2009-02-26,33.950001
2009-02-27,34.32
2009-03-02,33.439999
2009-03-03,34.110001000000004
2009-03-04,35.310001
2009-03-05,33.830002
2009-03-06,33.439999
2009-03-09,34.990002000000004
2009-03-10,39.139998999999996
2009-03-11,38.919998
2009-03-12,41.080002
2009-03-13,39.77
2009-03-16,37.77
2009-03-17,39.59
2009-03-18,40.75
2009-03-19,38.02
2009-03-20,38.110001000000004
2009-03-23,40.91
2009-03-24,41.220001
2009-03-25,42.459998999999996
2009-03-26,43.650002
2009-03-27,43.5
2009-03-30,44.0
2009-03-31,45.459998999999996
2009-04-01,44.400002
2009-04-02,49.099998
2009-04-03,45.419998
2009-04-06,47.150002
2009-04-07,48.48
2009-04-08,47.419998
2009-04-09,48.990002000000004
2009-04-13,54.27
2009-04-14,53.16
2009-04-15,52.459998999999996
2009-04-16,54.950001
2009-04-17,52.720001
2009-04-20,54.700001
2009-04-21,56.57
2009-04-22,55.23
2009-04-23,52.970001
2009-04-24,49.060001
2009-04-27,49.889998999999996
2009-04-28,50.009997999999996
2009-04-29,52.66
2009-04-30,52.040001000000004
2009-05-01,51.060001
2009-05-04,55.459998999999996
2009-05-05,51.619999
2009-05-06,47.810001
2009-05-07,43.880001
2009-05-08,43.91
2009-05-11,43.200001
2009-05-12,42.799999
2009-05-13,41.939999
2009-05-14,43.59
2009-05-15,42.299999
2009-05-18,43.740002000000004
2009-05-19,40.73
2009-05-20,40.720001
2009-05-21,38.849998
2009-05-22,39.630001
2009-05-26,41.330002
2009-05-27,40.02
2009-05-28,39.0
2009-05-29,40.34
2009-06-01,42.23
2009-06-02,44.369999
2009-06-03,43.810001
2009-06-04,41.889998999999996
2009-06-05,42.099998
2009-06-08,40.18
2009-06-09,41.110001000000004
2009-06-10,40.130001
2009-06-11,40.849998
2009-06-12,40.110001000000004
2009-06-15,37.799999
2009-06-16,34.93
2009-06-17,36.419998
2009-06-18,35.849998
2009-06-19,35.82
2009-06-22,34.049999
2009-06-23,33.759997999999996
2009-06-24,33.91
2009-06-25,34.150002
2009-06-26,35.869999
2009-06-29,38.84
2009-06-30,39.639998999999996
2009-07-01,39.060001
2009-07-02,38.799999
2009-07-06,39.27
2009-07-07,39.59
2009-07-08,39.240002000000004
2009-07-09,40.360001000000004
2009-07-10,40.75
2009-07-13,42.240002000000004
2009-07-14,43.200001
2009-07-15,45.07
2009-07-16,46.810001
2009-07-17,45.77
2009-07-20,47.040001000000004
2009-07-21,45.799999
2009-07-22,41.509997999999996
2009-07-23,42.099998
2009-07-24,43.799999
2009-07-27,42.889998999999996
2009-07-28,43.43
2009-07-29,44.419998
2009-07-30,44.02
2009-07-31,43.310001
2009-08-03,42.380001
2009-08-04,42.18
2009-08-05,41.18
2009-08-06,41.5
2009-08-07,42.290001000000004
2009-08-10,39.869999
2009-08-11,39.900002
2009-08-12,39.689999
2009-08-13,39.720001
2009-08-14,38.830002
2009-08-17,38.220001
2009-08-18,37.560001
2009-08-19,37.650002
2009-08-20,39.59
2009-08-21,40.970001
2009-08-24,39.5
2009-08-25,39.720001
2009-08-26,39.720001
2009-08-27,39.18
2009-08-28,39.59
2009-08-31,39.189999
2009-09-01,37.799999
2009-09-02,36.919998
2009-09-03,36.84
2009-09-04,38.68
2009-09-08,39.349998
2009-09-09,39.540001000000004
2009-09-10,42.0
2009-09-11,42.380001
2009-09-14,41.380001
2009-09-15,42.73
2009-09-16,44.18
2009-09-17,43.290001000000004
2009-09-18,42.669998
2009-09-21,43.259997999999996
2009-09-22,41.349998
2009-09-23,40.220001
2009-09-24,39.470001
2009-09-25,38.91
2009-09-28,38.09
2009-09-29,37.98
2009-09-30,38.09
2009-10-01,36.700001
2009-10-02,35.529999
2009-10-05,35.700001
2009-10-06,36.560001
2009-10-07,37.380001
2009-10-08,38.599998
2009-10-09,39.529999
2009-10-12,40.099998
2009-10-13,39.639998999999996
2009-10-14,38.650002
2009-10-15,38.75
2009-10-16,38.650002
2009-10-19,39.630001
2009-10-20,41.450001
2009-10-21,37.720001
2009-10-22,37.130001
2009-10-23,36.669998
2009-10-26,36.919998
2009-10-27,36.029999
2009-10-28,35.889998999999996
2009-10-29,37.0
2009-10-30,37.709998999999996
2009-11-02,38.900002
2009-11-03,39.470001
2009-11-04,39.200001
2009-11-05,40.099998
2009-11-06,40.900002
2009-11-09,40.900002
2009-11-10,40.380001
2009-11-11,40.740002000000004
2009-11-12,39.939999
2009-11-13,40.450001
2009-11-16,41.990002000000004
2009-11-17,42.029999
2009-11-18,41.880001
2009-11-19,40.66
2009-11-20,40.639998999999996
2009-11-23,41.650002
2009-11-24,41.799999
2009-11-25,41.790001000000004
2009-11-27,40.91
2009-11-30,41.23
2009-12-01,42.5
2009-12-02,44.32
2009-12-03,44.990002000000004
2009-12-04,45.799999
2009-12-07,45.880001
2009-12-08,46.220001
2009-12-09,46.939999
2009-12-10,46.799999
2009-12-11,47.93
2009-12-14,48.150002
2009-12-15,46.91
2009-12-16,47.27
2009-12-17,47.040001000000004
2009-12-18,46.849998
2009-12-21,47.110001000000004
2009-12-22,48.84
2009-12-23,47.48
2009-12-24,47.5
2009-12-28,46.73
2009-12-29,46.330002
2009-12-30,47.040001000000004
2009-12-31,47.169998
2010-01-04,48.009997999999996
2010-01-05,49.68
2010-01-06,49.75
2010-01-07,49.610001000000004
2010-01-08,49.040001000000004
2010-01-11,49.240002000000004
2010-01-12,49.490002000000004
2010-01-13,49.75
2010-01-14,50.209998999999996
2010-01-15,50.16
2010-01-19,51.189999
2010-01-20,49.889998999999996
2010-01-21,51.18
2010-01-22,50.400002
2010-01-25,50.990002000000004
2010-01-26,51.459998999999996
2010-01-27,53.349998
2010-01-28,52.200001
2010-01-29,51.200001
2010-02-01,51.200001
2010-02-02,51.990002000000004
2010-02-03,52.299999
2010-02-04,50.07
2010-02-05,50.27
2010-02-08,51.189999
2010-02-09,52.959998999999996
2010-02-10,52.18
2010-02-11,52.630001
2010-02-12,53.450001
2010-02-16,53.57
2010-02-17,52.619999
2010-02-18,52.91
2010-02-19,53.360001000000004
2010-02-22,52.380001
2010-02-23,51.919998
2010-02-24,51.950001
2010-02-25,52.200001
2010-02-26,52.139998999999996
2010-03-01,53.0
2010-03-02,53.02
2010-03-03,52.619999
2010-03-04,53.029999
2010-03-05,52.91
2010-03-08,54.310001
2010-03-09,52.0
2010-03-10,54.470001
2010-03-11,54.32
2010-03-12,54.540001000000004
2010-03-15,54.77
2010-03-16,54.029999
2010-03-17,54.380001
2010-03-18,54.5
2010-03-19,54.580002
2010-03-22,55.560001
2010-03-23,57.740002000000004
2010-03-24,58.060001
2010-03-25,56.98
2010-03-26,56.57
2010-03-29,57.889998999999996
2010-03-30,58.25
2010-03-31,57.860001000000004
2010-04-01,56.400002
2010-04-05,55.209998999999996
2010-04-06,54.200001
2010-04-07,54.950001
2010-04-08,55.200001
2010-04-09,53.73
2010-04-12,55.66
2010-04-13,55.27
2010-04-14,56.419998
2010-04-15,57.209998999999996
2010-04-16,56.560001
2010-04-19,56.169998
2010-04-20,50.849998
2010-04-21,51.049999
2010-04-22,51.439999
2010-04-23,53.77
2010-04-26,52.619999
2010-04-27,51.509997999999996
2010-04-28,51.619999
2010-04-29,52.16
2010-04-30,51.43
2010-05-03,52.040001000000004
2010-05-04,50.34
2010-05-05,51.02
2010-05-06,50.139998999999996
2010-05-07,49.380001
2010-05-10,51.669998
2010-05-11,51.18
2010-05-12,52.52
2010-05-13,51.630001
2010-05-14,51.099998
2010-05-17,52.48
2010-05-18,51.150002
2010-05-19,50.689999
2010-05-20,50.5
2010-05-21,51.889998999999996
2010-05-24,50.459998999999996
2010-05-25,53.169998
2010-05-26,55.009997999999996
2010-05-27,55.630001
2010-05-28,55.290001000000004
2010-06-01,52.830002
2010-06-02,54.43
2010-06-03,54.099998
2010-06-04,50.0
2010-06-07,48.369999
2010-06-08,47.66
2010-06-09,47.73
2010-06-10,49.360001000000004
2010-06-11,50.32
2010-06-14,49.91
2010-06-15,48.639998999999996
2010-06-16,47.650002
2010-06-17,46.23
2010-06-18,45.790001000000004
2010-06-21,44.759997999999996
2010-06-22,44.099998
2010-06-23,43.77
2010-06-24,43.189999
2010-06-25,43.07
2010-06-28,43.0
2010-06-29,42.220001
2010-06-30,42.689999
2010-07-01,43.290001000000004
2010-07-02,43.209998999999996
2010-07-06,42.560001
2010-07-07,44.98
2010-07-08,43.830002
2010-07-09,44.98
2010-07-12,44.040001000000004
2010-07-13,44.900002
2010-07-14,46.110001000000004
2010-07-15,45.98
2010-07-16,45.580002
2010-07-19,45.279999
2010-07-20,46.150002
2010-07-21,43.580002
2010-07-22,43.279999
2010-07-23,43.830002
2010-07-26,44.799999
2010-07-27,44.220001
2010-07-28,43.880001
2010-07-29,43.619999
2010-07-30,44.389998999999996
2010-08-02,45.25
2010-08-03,43.939999
2010-08-04,42.720001
2010-08-05,40.830002
2010-08-06,40.669998
2010-08-09,42.689999
2010-08-10,43.5
2010-08-11,41.950001
2010-08-12,42.040001000000004
2010-08-13,42.450001
2010-08-16,41.75
2010-08-17,42.400002
2010-08-18,42.369999
2010-08-19,40.470001
2010-08-20,40.91
2010-08-23,38.830002
2010-08-24,38.029999
2010-08-25,37.919998
2010-08-26,38.52
2010-08-27,39.16
2010-08-30,38.32
2010-08-31,37.630001
2010-09-01,38.57
2010-09-02,38.080002
2010-09-03,38.799999
2010-09-07,37.509997999999996
2010-09-08,38.419998
2010-09-09,39.040001000000004
2010-09-10,39.02
2010-09-13,41.0
2010-09-14,41.939999
2010-09-15,41.040001000000004
2010-09-16,41.32
2010-09-17,41.57
2010-09-20,42.189999
2010-09-21,42.849998
2010-09-22,41.98
2010-09-23,41.290001000000004
2010-09-24,41.919998
2010-09-27,43.0
2010-09-28,43.0
2010-09-29,42.75
2010-09-30,42.32
2010-10-01,43.23
2010-10-04,41.59
2010-10-05,42.099998
2010-10-06,41.950001
2010-10-07,41.700001
2010-10-08,39.779999
2010-10-11,39.040001000000004
2010-10-12,39.400002
2010-10-13,40.5
2010-10-14,40.810001
2010-10-15,41.23
2010-10-18,41.209998999999996
2010-10-19,41.07
2010-10-20,41.490002000000004
2010-10-21,41.34
2010-10-22,41.68
2010-10-25,42.52
2010-10-26,43.43
2010-10-27,43.349998
2010-10-28,46.709998999999996
2010-10-29,47.110001000000004
2010-11-01,47.389998999999996
2010-11-02,47.66
2010-11-03,48.759997999999996
2010-11-04,49.029999
2010-11-05,49.189999
2010-11-08,48.75
2010-11-09,48.77
2010-11-10,47.990002000000004
2010-11-11,47.619999
2010-11-12,47.439999
2010-11-15,46.57
2010-11-16,45.959998999999996
2010-11-17,47.360001000000004
2010-11-18,48.360001000000004
2010-11-19,48.509997999999996
2010-11-22,49.549999
2010-11-23,49.240002000000004
2010-11-24,50.25
2010-11-26,50.02
2010-11-29,50.060001
2010-11-30,49.93
2010-12-01,50.27
2010-12-02,50.080002
2010-12-03,50.310001
2010-12-06,51.049999
2010-12-07,52.130001
2010-12-08,52.360001000000004
2010-12-09,52.07
2010-12-10,52.580002
2010-12-13,50.669998
2010-12-14,50.400002
2010-12-15,48.360001000000004
2010-12-16,48.43
2010-12-17,48.549999
2010-12-20,48.689999
2010-12-21,49.18
2010-12-22,49.689999
2010-12-23,49.34
2010-12-27,49.450001
2010-12-28,49.32
2010-12-29,49.27
2010-12-30,49.959998999999996
2010-12-31,49.240002000000004
2011-01-03,50.84
2011-01-04,51.25
2011-01-05,51.75
2011-01-06,50.57
2011-01-07,50.57
2011-01-10,49.470001
2011-01-11,46.970001
2011-01-12,47.919998
2011-01-13,48.029999
2011-01-14,48.450001
2011-01-18,47.27
2011-01-19,47.540001000000004
2011-01-20,47.130001
2011-01-21,47.91
2011-01-24,47.43
2011-01-25,46.18
2011-01-26,48.139998999999996
2011-01-27,49.860001000000004
2011-01-28,47.240002000000004
2011-01-31,46.540001000000004
2011-02-01,42.869999
2011-02-02,42.23
2011-02-03,41.439999
2011-02-04,41.299999
2011-02-07,40.009997999999996
2011-02-08,41.07
2011-02-09,41.27
2011-02-10,41.32
2011-02-11,41.84
2011-02-14,42.18
2011-02-15,42.540001000000004
2011-02-16,43.630001
2011-02-17,44.200001
2011-02-18,44.0
2011-02-22,41.669998
2011-02-23,39.970001
2011-02-24,40.810001
2011-02-25,41.099998
2011-02-28,41.27
2011-03-01,41.009997999999996
2011-03-02,40.91
2011-03-03,42.599998
2011-03-04,42.110001000000004
2011-03-07,42.23
2011-03-08,43.27
2011-03-09,42.810001
2011-03-10,42.400002
2011-03-11,43.299999
2011-03-14,43.189999
2011-03-15,43.049999
2011-03-16,43.099998
2011-03-17,41.860001000000004
2011-03-18,42.639998999999996
2011-03-21,43.990002000000004
2011-03-22,42.84
2011-03-23,42.040001000000004
2011-03-24,42.099998
2011-03-25,42.220001
2011-03-28,43.25
2011-03-29,43.220001
2011-03-30,44.07
2011-03-31,43.810001
2011-04-01,43.59
2011-04-04,42.700001
2011-04-05,43.02
2011-04-06,43.200001
2011-04-07,42.73
2011-04-08,41.869999
2011-04-11,42.630001
2011-04-12,42.939999
2011-04-13,42.299999
2011-04-14,40.490002000000004
2011-04-15,40.84
2011-04-18,40.599998
2011-04-19,40.799999
2011-04-20,41.07
2011-04-21,41.139998999999996
2011-04-25,41.349998
2011-04-26,42.25
2011-04-27,43.169998
2011-04-28,43.09
2011-04-29,44.869999
2011-05-02,44.580002
2011-05-03,44.98
2011-05-04,44.970001
2011-05-05,46.68
2011-05-06,46.41
2011-05-09,44.830002
2011-05-10,45.66
2011-05-11,45.830002
2011-05-12,45.93
2011-05-13,45.240002000000004
2011-05-16,45.57
2011-05-17,46.450001
2011-05-18,46.790001000000004
2011-05-19,46.990002000000004
2011-05-20,46.220001
2011-05-23,46.900002
2011-05-24,46.84
2011-05-25,45.52
2011-05-26,46.060001
2011-05-27,46.130001
2011-05-31,45.610001000000004
2011-06-01,43.509997999999996
2011-06-02,42.990002000000004
2011-06-03,42.98
2011-06-06,42.32
2011-06-07,42.57
2011-06-08,42.650002
2011-06-09,42.509997999999996
2011-06-10,42.599998
2011-06-13,42.889998999999996
2011-06-14,43.830002
2011-06-15,43.619999
2011-06-16,43.560001
2011-06-17,43.93
2011-06-20,45.0
2011-06-21,44.939999
2011-06-22,44.459998999999996
2011-06-23,45.130001
2011-06-24,46.669998
2011-06-27,48.34
2011-06-28,49.509997999999996
2011-06-29,49.490002000000004
2011-06-30,49.5
2011-07-01,49.779999
2011-07-05,49.5
2011-07-06,49.07
2011-07-07,48.700001
2011-07-08,48.509997999999996
2011-07-11,48.080002
2011-07-12,47.540001000000004
2011-07-13,47.0
2011-07-14,46.060001
2011-07-15,46.099998
2011-07-18,44.18
2011-07-19,45.950001
2011-07-20,44.990002000000004
2011-07-21,45.240002000000004
2011-07-22,44.48
2011-07-25,43.150002
2011-07-26,43.41
2011-07-27,43.009997999999996
2011-07-28,42.459998999999996
2011-07-29,43.029999
2011-08-01,42.130001
2011-08-02,40.639998999999996
2011-08-03,41.59
2011-08-04,41.310001
2011-08-05,43.0
2011-08-08,41.5
2011-08-09,45.349998
2011-08-10,43.5
2011-08-11,44.150002
2011-08-12,44.630001
2011-08-15,45.119999
2011-08-16,44.419998
2011-08-17,44.880001
2011-08-18,43.689999
2011-08-19,43.759997999999996
2011-08-22,43.43
2011-08-23,45.450001
2011-08-24,45.029999
2011-08-25,44.5
2011-08-26,45.07
2011-08-29,47.52
2011-08-30,46.82
2011-08-31,46.950001
2011-09-01,45.759997999999996
2011-09-02,45.32
2011-09-06,45.18
2011-09-07,46.990002000000004
2011-09-08,45.529999
2011-09-09,45.110001000000004
2011-09-12,45.360001000000004
2011-09-13,47.459998999999996
2011-09-14,46.869999
2011-09-15,46.639998999999996
2011-09-16,46.970001
2011-09-19,47.060001
2011-09-20,45.849998
2011-09-21,45.040001000000004
2011-09-22,45.18
2011-09-23,47.27
2011-09-26,47.869999
2011-09-27,47.630001
2011-09-28,46.459998999999996
2011-09-29,47.689999
2011-09-30,47.130001
2011-10-03,45.450001
2011-10-04,47.529999
2011-10-05,47.580002
2011-10-06,48.689999
2011-10-07,47.279999
2011-10-10,48.93
2011-10-11,49.450001
2011-10-12,49.599998
2011-10-13,49.689999
2011-10-14,50.369999
2011-10-17,49.700001
2011-10-18,50.459998999999996
2011-10-19,49.619999
2011-10-20,50.400002
2011-10-21,50.200001
2011-10-24,52.25
2011-10-25,51.860001000000004
2011-10-26,52.619999
2011-10-27,52.470001
2011-10-28,52.689999
2011-10-31,51.959998999999996
2011-11-01,51.490002000000004
2011-11-02,52.52
2011-11-03,53.810001
2011-11-04,53.25
2011-11-07,52.240002000000004
2011-11-08,52.369999
2011-11-09,50.459998999999996
2011-11-10,50.580002
2011-11-11,52.529999
2011-11-14,51.860001000000004
2011-11-15,51.380001
2011-11-16,50.25
2011-11-17,49.66
2011-11-18,50.599998
2011-11-21,49.98
2011-11-22,49.119999
2011-11-23,47.720001
2011-11-25,47.919998
2011-11-28,48.810001
2011-11-29,49.810001
2011-11-30,52.080002
2011-12-01,51.849998
2011-12-02,51.619999
2011-12-05,51.91
2011-12-06,52.32
2011-12-07,52.919998
2011-12-08,51.330002
2011-12-09,51.790001000000004
2011-12-12,51.740002000000004
2011-12-13,50.650002
2011-12-14,51.52
2011-12-15,53.389998999999996
2011-12-16,54.740002000000004
2011-12-19,54.060001
2011-12-20,54.740002000000004
2011-12-21,55.060001
2011-12-22,54.939999
2011-12-23,54.66
2011-12-27,54.34
2011-12-28,53.650002
2011-12-29,54.220001
2011-12-30,53.34
2012-01-03,53.25
2012-01-04,53.959998999999996
2012-01-05,54.110001000000004
2012-01-06,54.43
2012-01-09,54.009997999999996
2012-01-10,53.27
2012-01-11,53.5
2012-01-12,53.060001
2012-01-13,53.0
2012-01-17,52.580002
2012-01-18,52.720001
2012-01-19,53.790001000000004
2012-01-20,53.950001
2012-01-23,52.860001000000004
2012-01-24,53.93
2012-01-25,54.639998999999996
2012-01-26,54.93
2012-01-27,54.970001
2012-01-30,54.939999
2012-01-31,54.970001
2012-02-01,56.27
2012-02-02,55.490002000000004
2012-02-03,56.75
2012-02-06,55.150002
2012-02-07,54.279999
2012-02-08,53.849998
2012-02-09,54.049999
2012-02-10,53.73
2012-02-13,53.84
2012-02-14,53.419998
2012-02-15,54.080002
2012-02-16,55.299999
2012-02-17,55.52
2012-02-21,50.990002000000004
2012-02-22,49.810001
2012-02-23,49.939999
2012-02-24,48.400002
2012-02-27,48.630001
2012-02-28,49.900002
2012-02-29,49.98
2012-03-01,49.98
2012-03-02,49.110001000000004
2012-03-05,48.5
2012-03-06,48.529999
2012-03-07,48.049999
2012-03-08,48.970001
2012-03-09,49.740002000000004
2012-03-12,49.639998999999996
2012-03-13,50.389998999999996
2012-03-14,50.41
2012-03-15,51.560001
2012-03-16,50.700001
2012-03-19,51.200001
2012-03-20,51.34
2012-03-21,51.509997999999996
2012-03-22,51.889998999999996
2012-03-23,51.790001000000004
2012-03-26,54.450001
2012-03-27,53.869999
2012-03-28,55.169998
2012-03-29,55.360001000000004
2012-03-30,54.5
2012-04-02,55.07
2012-04-03,57.02
2012-04-04,60.330002
2012-04-05,59.43
2012-04-09,58.130001
2012-04-10,56.990002000000004
2012-04-11,56.950001
2012-04-12,58.98
2012-04-13,58.689999
2012-04-16,58.830002
2012-04-17,59.360001000000004
2012-04-18,60.080002
2012-04-19,59.790001000000004
2012-04-20,59.150002
2012-04-23,57.91
2012-04-24,59.580002
2012-04-25,59.740002000000004
2012-04-26,58.84
2012-04-27,60.029999
2012-04-30,58.759997999999996
2012-05-01,60.029999
2012-05-02,61.91
2012-05-03,63.509997999999996
2012-05-04,62.700001
2012-05-07,63.450001
2012-05-08,63.98
2012-05-09,63.310001
2012-05-10,63.5
2012-05-11,64.0
2012-05-14,63.869999
2012-05-15,64.239998
2012-05-16,64.190002
2012-05-17,62.060001
2012-05-18,62.310001
2012-05-21,62.66
2012-05-22,62.349998
2012-05-23,62.990002000000004
2012-05-24,64.25
2012-05-25,64.040001
2012-05-29,63.900002
2012-05-30,63.900002
2012-05-31,64.849998
2012-06-01,64.0
2012-06-04,62.259997999999996
2012-06-05,62.419998
2012-06-06,63.459998999999996
2012-06-07,63.330002
2012-06-08,65.699997
2012-06-11,65.040001
2012-06-12,65.739998
2012-06-13,67.160004
2012-06-14,66.5
2012-06-15,65.300003
2012-06-18,67.0
2012-06-19,68.699997
2012-06-20,70.449997
2012-06-21,69.66999799999999
2012-06-22,70.110001
2012-06-25,69.0
2012-06-26,70.43
2012-06-27,69.290001
2012-06-28,68.940002
2012-06-29,69.68
2012-07-02,71.879997
2012-07-03,69.949997
2012-07-05,68.760002
2012-07-06,69.989998
2012-07-09,70.660004
2012-07-10,70.440002
2012-07-11,72.040001
2012-07-12,71.230003
2012-07-13,72.989998
2012-07-16,73.660004
2012-07-17,74.0
2012-07-18,73.839996
2012-07-19,71.82
2012-07-20,69.870003
2012-07-23,69.769997
2012-07-24,68.400002
2012-07-25,68.220001
2012-07-26,69.199997
2012-07-27,69.93
2012-07-30,69.379997
2012-07-31,71.059998
2012-08-01,66.5
2012-08-02,68.91999799999999
2012-08-03,68.800003
2012-08-06,69.07
2012-08-07,68.959999
2012-08-08,70.08000200000001
2012-08-09,66.980003
2012-08-10,66.790001
2012-08-13,67.900002
2012-08-14,67.239998
2012-08-15,67.779999
2012-08-16,67.83000200000001
2012-08-17,68.93
2012-08-20,70.010002
2012-08-21,68.730003
2012-08-22,67.870003
2012-08-23,66.900002
2012-08-24,66.690002
2012-08-27,67.010002
2012-08-28,66.16999799999999
2012-08-29,66.050003
2012-08-30,66.33000200000001
2012-08-31,66.239998
2012-09-04,65.82
2012-09-05,66.970001
2012-09-06,67.25
2012-09-07,66.260002
2012-09-10,65.589996
2012-09-11,65.050003
2012-09-12,66.150002
2012-09-13,66.129997
2012-09-14,64.489998
2012-09-17,62.990002000000004
2012-09-18,63.139998999999996
2012-09-19,65.209999
2012-09-20,64.400002
2012-09-21,63.939999
2012-09-24,63.759997999999996
2012-09-25,64.260002
2012-09-26,64.879997
2012-09-27,63.810001
2012-09-28,63.360001000000004
2012-10-01,65.029999
2012-10-02,64.639999
2012-10-03,66.019997
2012-10-04,66.82
2012-10-05,67.379997
2012-10-08,67.410004
2012-10-09,67.010002
2012-10-10,68.120003
2012-10-11,68.449997
2012-10-12,68.68
2012-10-15,69.809998
2012-10-16,69.720001
2012-10-17,68.910004
2012-10-18,69.489998
2012-10-19,68.769997
2012-10-22,69.0
2012-10-23,69.68
2012-10-24,68.639999
2012-10-25,70.620003
2012-10-26,71.800003
2012-10-31,72.739998
2012-11-01,74.199997
2012-11-02,72.970001
2012-11-05,73.989998
2012-11-06,74.849998
2012-11-07,74.839996
2012-11-08,75.160004
2012-11-09,73.93
2012-11-12,73.32
2012-11-13,72.489998
2012-11-14,70.410004
2012-11-15,70.910004
2012-11-16,71.139999
2012-11-19,72.690002
2012-11-20,73.82
2012-11-21,74.410004
2012-11-23,74.75
2012-11-26,73.800003
2012-11-27,73.730003
2012-11-28,73.309998
2012-11-29,73.93
2012-11-30,74.019997
2012-12-03,73.540001
2012-12-04,74.379997
2012-12-05,73.790001
2012-12-06,74.959999
2012-12-07,73.25
2012-12-10,72.800003
2012-12-11,72.91999799999999
2012-12-12,73.559998
2012-12-13,73.959999
2012-12-14,74.019997
2012-12-17,74.550003
2012-12-18,75.489998
2012-12-19,76.43
2012-12-20,76.309998
2012-12-21,75.900002
2012-12-24,77.32
2012-12-26,73.449997
2012-12-27,72.279999
2012-12-28,72.370003
2012-12-31,73.410004
2013-01-02,75.480003
2013-01-03,75.43
2013-01-04,77.230003
2013-01-07,77.910004
2013-01-08,76.589996
2013-01-09,76.860001
2013-01-10,75.779999
2013-01-11,73.309998
2013-01-14,74.650002
2013-01-15,74.940002
2013-01-16,74.519997
2013-01-17,74.160004
2013-01-18,73.989998
2013-01-22,74.860001
2013-01-23,74.610001
2013-01-24,73.769997
2013-01-25,74.010002
2013-01-28,75.239998
2013-01-29,76.489998
2013-01-30,73.75
2013-01-31,74.470001
2013-02-01,74.860001
2013-02-04,74.379997
2013-02-05,74.83000200000001
2013-02-06,76.57
2013-02-07,78.010002
2013-02-08,78.120003
2013-02-11,78.339996
2013-02-12,78.029999
2013-02-13,79.75
2013-02-14,79.059998
2013-02-15,80.440002
2013-02-19,80.339996
2013-02-20,79.029999
2013-02-21,79.58000200000001
2013-02-22,80.339996
2013-02-25,79.18
2013-02-26,80.290001
2013-02-27,80.709999
2013-02-28,80.290001
2013-03-01,81.260002
2013-03-04,83.160004
2013-03-05,84.82
2013-03-06,83.91999799999999
2013-03-07,84.43
2013-03-08,85.239998
2013-03-11,85.33000200000001
2013-03-12,84.760002
2013-03-13,85.699997
2013-03-14,86.730003
2013-03-15,86.139999
2013-03-18,86.870003
2013-03-19,87.910004
2013-03-20,88.040001
2013-03-21,86.720001
2013-03-22,86.459999
2013-03-25,85.83000200000001
2013-03-26,86.449997
2013-03-27,88.300003
2013-03-28,88.779999
2013-04-01,86.75
2013-04-02,86.32
2013-04-03,83.480003
2013-04-04,84.989998
2013-04-05,85.610001
2013-04-08,86.57
2013-04-09,86.260002
2013-04-10,87.82
2013-04-11,88.339996
2013-04-12,88.5
2013-04-15,86.0
2013-04-16,89.129997
2013-04-17,89.139999
2013-04-18,88.83000200000001
2013-04-19,90.529999
2013-04-22,92.010002
2013-04-23,92.690002
2013-04-24,92.230003
2013-04-25,90.459999
2013-04-26,89.790001
2013-04-29,89.980003
2013-04-30,89.900002
2013-05-01,87.779999
2013-05-02,89.18
2013-05-03,90.339996
2013-05-06,91.230003
2013-05-07,91.41999799999999
2013-05-08,92.089996
2013-05-09,91.43
2013-05-10,92.41999799999999
2013-05-13,91.860001
2013-05-14,91.860001
2013-05-15,94.120003
2013-05-16,94.709999
2013-05-17,95.230003
2013-05-20,93.41999799999999
2013-05-21,92.75
2013-05-22,92.339996
2013-05-23,92.620003
2013-05-24,93.33000200000001
2013-05-28,93.849998
2013-05-29,91.879997
2013-05-30,92.790001
2013-05-31,92.510002
2013-06-03,95.400002
2013-06-04,96.379997
2013-06-05,95.879997
2013-06-06,95.940002
2013-06-07,99.980003
2013-06-10,100.809998
2013-06-11,101.209999
2013-06-12,100.769997
2013-06-13,101.720001
2013-06-14,100.949997
2013-06-17,102.199997
2013-06-18,105.410004
2013-06-19,104.91999799999999
2013-06-20,102.0
2013-06-21,102.019997
2013-06-24,103.43
2013-06-25,106.58000200000001
2013-06-26,104.910004
2013-06-27,105.400002
2013-06-28,105.989998
2013-07-01,107.449997
2013-07-02,107.300003
2013-07-03,107.470001
2013-07-05,106.93
2013-07-08,106.089996
2013-07-09,98.480003
2013-07-10,98.400002
2013-07-11,100.470001
2013-07-12,99.120003
2013-07-15,102.739998
2013-07-16,103.089996
2013-07-17,105.790001
2013-07-18,106.029999
2013-07-19,105.33000200000001
2013-07-22,106.900002
2013-07-23,94.5
2013-07-24,92.889999
2013-07-25,93.769997
2013-07-26,95.360001
2013-07-29,96.83000200000001
2013-07-30,98.279999
2013-07-31,97.379997
2013-08-01,98.0
2013-08-02,97.82
2013-08-05,98.389999
2013-08-06,98.0
2013-08-07,97.910004
2013-08-08,97.779999
2013-08-09,97.870003
2013-08-12,97.620003
2013-08-13,95.620003
2013-08-14,94.41999799999999
2013-08-15,95.050003
2013-08-16,94.559998
2013-08-19,93.809998
2013-08-20,95.08000200000001
2013-08-21,94.449997
2013-08-22,96.220001
2013-08-23,95.449997
2013-08-26,96.010002
2013-08-27,94.529999
2013-08-28,93.25
2013-08-29,95.209999
2013-08-30,94.510002
2013-09-03,93.639999
2013-09-04,94.599998
2013-09-05,94.699997
2013-09-06,93.220001
2013-09-09,95.68
2013-09-10,98.839996
2013-09-11,98.279999
2013-09-12,96.529999
2013-09-13,98.400002
2013-09-16,98.440002
2013-09-17,99.779999
2013-09-18,101.5
2013-09-19,102.989998
2013-09-20,97.910004
2013-09-23,97.230003
2013-09-24,100.860001
2013-09-25,101.300003
2013-09-26,103.190002
2013-09-27,106.08000200000001
2013-09-30,105.360001
2013-10-01,107.120003
2013-10-02,103.849998
2013-10-03,102.769997
2013-10-04,102.599998
2013-10-07,101.699997
2013-10-08,98.93
2013-10-09,97.260002
2013-10-10,98.190002
2013-10-11,99.800003
2013-10-14,103.269997
2013-10-15,101.199997
2013-10-16,103.220001
2013-10-17,105.230003
2013-10-18,106.839996
2013-10-21,106.970001
2013-10-22,107.43
2013-10-23,106.489998
2013-10-24,105.849998
2013-10-25,106.519997
2013-10-28,106.08000200000001
2013-10-29,106.470001
2013-10-30,106.16999799999999
2013-10-31,104.269997
2013-11-01,105.57
2013-11-04,105.57
2013-11-05,107.760002
2013-11-06,105.769997
2013-11-07,104.839996
2013-11-08,106.199997
2013-11-11,105.5
2013-11-12,107.790001
2013-11-13,107.269997
2013-11-14,106.300003
2013-11-15,107.599998
2013-11-18,105.900002
2013-11-19,106.510002
2013-11-20,106.139999
2013-11-21,107.379997
2013-11-22,110.040001
2013-11-25,113.610001
2013-11-26,112.5
2013-11-27,113.970001
2013-11-29,110.699997
2013-12-02,110.940002
2013-12-03,108.779999
2013-12-04,107.33000200000001
2013-12-05,107.650002
2013-12-06,107.809998
2013-12-09,107.849998
2013-12-10,107.400002
2013-12-11,103.849998
2013-12-12,104.800003
2013-12-13,105.040001
2013-12-16,106.559998
2013-12-17,107.800003
2013-12-18,107.879997
2013-12-19,105.489998
2013-12-20,106.459999
2013-12-23,106.599998
2013-12-24,106.57
2013-12-26,107.75
2013-12-27,104.220001
2013-12-30,105.260002
2013-12-31,105.440002
2014-01-02,105.800003
2014-01-03,108.660004
2014-01-06,105.760002
2014-01-07,105.66999799999999
2014-01-08,104.66999799999999
2014-01-09,101.720001
2014-01-10,103.699997
2014-01-13,103.160004
2014-01-14,104.209999
2014-01-15,103.559998
2014-01-16,101.989998
2014-01-17,103.129997
2014-01-21,104.010002
2014-01-22,106.239998
2014-01-23,106.0
2014-01-24,104.57
2014-01-27,101.889999
2014-01-28,102.519997
2014-01-29,99.599998
2014-01-30,91.0
2014-01-31,91.07
2014-02-03,89.949997
2014-02-04,89.690002
2014-02-05,88.66999799999999
2014-02-06,90.400002
2014-02-07,91.800003
2014-02-10,91.230003
2014-02-11,92.41999799999999
2014-02-12,91.980003
2014-02-13,93.58000200000001
2014-02-14,94.93
2014-02-18,93.059998
2014-02-19,92.709999
2014-02-20,94.699997
2014-02-21,96.379997
2014-02-24,96.0
2014-02-25,101.43
2014-02-26,101.550003
2014-02-27,99.510002
2014-02-28,99.260002
2014-03-03,98.860001
2014-03-04,103.199997
2014-03-05,101.629997
2014-03-06,108.589996
2014-03-07,109.290001
2014-03-10,108.860001
2014-03-11,109.440002
2014-03-12,109.5
2014-03-13,107.150002
2014-03-14,107.769997
2014-03-17,110.190002
2014-03-18,110.860001
2014-03-19,109.18
2014-03-20,110.400002
2014-03-21,108.07
2014-03-24,108.800003
2014-03-25,109.529999
2014-03-26,107.849998
2014-03-27,108.650002
2014-03-28,108.480003
2014-03-31,111.93
2014-04-01,115.059998
2014-04-02,114.589996
2014-04-03,114.279999
2014-04-04,110.860001
2014-04-07,110.290001
2014-04-08,115.040001
2014-04-09,117.389999
2014-04-10,115.260002
2014-04-11,113.940002
2014-04-14,113.550003
2014-04-15,113.43
2014-04-16,116.459999
2014-04-17,115.949997
2014-04-21,116.190002
2014-04-22,118.559998
2014-04-23,119.540001
2014-04-24,119.379997
2014-04-25,116.91999799999999
2014-04-28,116.849998
2014-04-29,116.209999
2014-04-30,117.449997
2014-05-01,116.620003
2014-05-02,117.370003
2014-05-05,116.629997
2014-05-06,115.190002
2014-05-07,115.610001
2014-05-08,115.16999799999999
2014-05-09,115.809998
2014-05-12,118.489998
2014-05-13,117.41999799999999
2014-05-14,114.410004
2014-05-15,115.230003
2014-05-16,115.709999
2014-05-19,117.41999799999999
2014-05-20,115.08000200000001
2014-05-21,115.199997
2014-05-22,116.230003
2014-05-23,116.910004
2014-05-27,117.989998
2014-05-28,116.720001
2014-05-29,116.16999799999999
2014-05-30,115.0
2014-06-02,119.110001
2014-06-03,118.610001
2014-06-04,119.599998
2014-06-05,120.699997
2014-06-06,124.029999
2014-06-09,123.489998
2014-06-10,123.32
2014-06-11,120.68
2014-06-12,115.019997
2014-06-13,116.370003
2014-06-16,113.620003
2014-06-17,113.959999
2014-06-18,115.33000200000001
2014-06-19,118.290001
2014-06-20,117.379997
2014-06-23,116.93
2014-06-24,116.529999
2014-06-25,118.33000200000001
2014-06-26,118.08000200000001
2014-06-27,119.589996
2014-06-30,117.769997
2014-07-01,120.5
2014-07-02,117.339996
2014-07-03,117.639999
2014-07-07,116.0
2014-07-08,118.610001
2014-07-09,121.949997
2014-07-10,122.43
2014-07-11,121.779999
2014-07-14,120.790001
2014-07-15,122.360001
2014-07-16,120.949997
2014-07-17,118.360001
2014-07-18,120.800003
2014-07-21,121.32
2014-07-22,122.339996
2014-07-23,124.849998
2014-07-24,115.910004
2014-07-25,118.220001
2014-07-28,117.980003
2014-07-29,118.029999
2014-07-30,118.93
2014-07-31,117.760002
2014-08-01,118.18
2014-08-04,117.529999
2014-08-05,117.33000200000001
2014-08-06,119.41999799999999
2014-08-07,118.0
2014-08-08,119.970001
2014-08-11,122.07
2014-08-12,121.589996
2014-08-13,123.050003
2014-08-14,123.790001
2014-08-15,123.470001
2014-08-18,126.75
2014-08-19,127.050003
2014-08-20,127.400002
2014-08-21,124.93
2014-08-22,125.860001
2014-08-25,126.129997
2014-08-26,124.43
2014-08-27,124.199997
2014-08-28,123.33000200000001
2014-08-29,122.860001
2014-09-02,126.879997
2014-09-03,126.190002
2014-09-04,125.309998
2014-09-05,126.040001
2014-09-08,126.589996
2014-09-09,125.790001
2014-09-10,126.760002
2014-09-11,126.019997
2014-09-12,125.75
2014-09-15,123.989998
2014-09-16,123.82
2014-09-17,125.07
2014-09-18,125.720001
2014-09-19,124.779999
2014-09-22,124.480003
2014-09-23,123.75
2014-09-24,125.370003
2014-09-25,123.660004
2014-09-26,124.18
2014-09-29,123.379997
2014-09-30,123.660004
2014-10-01,121.010002
2014-10-02,120.25
2014-10-03,122.08000200000001
2014-10-06,118.910004
2014-10-07,116.290001
2014-10-08,110.75
2014-10-09,109.510002
2014-10-10,109.019997
2014-10-13,105.089996
2014-10-14,109.18
2014-10-15,111.489998
2014-10-16,112.83000200000001
2014-10-17,112.019997
2014-10-20,117.879997
2014-10-21,120.970001
2014-10-22,120.309998
2014-10-23,121.849998
2014-10-24,122.110001
2014-10-27,125.610001
2014-10-28,129.25
2014-10-29,128.970001
2014-10-30,128.740005
2014-10-31,133.470001
2014-11-03,134.58999599999999
2014-11-04,137.309998
2014-11-05,135.330002
2014-11-06,136.020004
2014-11-07,134.649994
2014-11-10,137.0
2014-11-11,135.830002
2014-11-12,133.949997
2014-11-13,133.320007
2014-11-14,131.850006
2014-11-17,131.490005
2014-11-18,134.91000400000001
2014-11-19,133.130005
2014-11-20,132.570007
2014-11-21,132.53999299999998
2014-11-24,134.940002
2014-11-25,134.919998
2014-11-26,134.610001
2014-11-28,140.259995
2014-12-01,138.91000400000001
2014-12-02,139.729996
2014-12-03,140.389999
2014-12-04,144.070007
2014-12-05,142.550003
2014-12-08,143.470001
2014-12-09,138.860001
2014-12-10,134.380005
2014-12-11,136.779999
2014-12-12,135.509995
2014-12-15,136.83999599999999
2014-12-16,138.020004
2014-12-17,142.449997
2014-12-18,141.899994
2014-12-19,139.720001
2014-12-22,142.08999599999999
2014-12-23,140.740005
2014-12-24,144.220001
2014-12-26,144.91000400000001
2014-12-29,145.669998
2014-12-30,147.46000700000002
2014-12-31,150.330002
2015-01-02,149.860001
2015-01-05,148.630005
2015-01-06,147.83999599999999
2015-01-07,149.979996
2015-01-08,155.28999299999998
2015-01-09,155.110001
2015-01-12,154.360001
2015-01-13,158.300003
2015-01-14,156.070007
2015-01-15,160.740005
2015-01-16,163.220001
2015-01-20,171.139999
2015-01-21,171.149994
2015-01-22,173.83999599999999
2015-01-23,174.270004
2015-01-26,177.330002
2015-01-27,182.419998
2015-01-28,176.610001
2015-01-29,180.690002
2015-01-30,181.270004
2015-02-02,179.729996
2015-02-03,173.830002
2015-02-04,179.0
2015-02-05,177.740005
2015-02-06,176.940002
2015-02-09,175.309998
2015-02-10,179.050003
2015-02-11,181.520004
2015-02-12,182.490005
2015-02-13,178.419998
2015-02-17,174.800003
2015-02-18,176.720001
2015-02-19,180.550003
2015-02-20,184.78999299999998
2015-02-23,186.279999
2015-02-24,188.58999599999999
2015-02-25,181.470001
2015-02-26,184.550003
2015-02-27,183.619995
2015-03-02,186.770004
2015-03-03,186.490005
2015-03-04,184.800003
2015-03-05,189.729996
2015-03-06,186.149994
2015-03-09,191.240005
2015-03-10,191.759995
2015-03-11,192.130005
2015-03-12,195.75
2015-03-13,194.949997
2015-03-16,195.91000400000001
2015-03-17,197.330002
2015-03-18,194.0
2015-03-19,193.699997
2015-03-20,194.669998
2015-03-23,196.320007
2015-03-24,194.889999
2015-03-25,188.699997
2015-03-26,188.229996
2015-03-27,192.449997
2015-03-30,194.970001
2015-03-31,192.28999299999998
2015-04-01,179.649994
2015-04-02,161.899994
2015-04-06,166.610001
2015-04-07,167.199997
2015-04-08,169.449997
2015-04-09,168.630005
2015-04-10,168.220001
2015-04-13,169.110001
2015-04-14,168.139999
2015-04-15,168.009995
2015-04-16,168.440002
2015-04-17,167.33999599999999
2015-04-20,168.860001
2015-04-21,168.949997
2015-04-22,167.850006
2015-04-23,167.020004
2015-04-24,168.119995
2015-04-27,164.309998
2015-04-28,164.419998
2015-04-29,159.58999599999999
2015-04-30,153.759995
2015-05-01,157.779999
2015-05-04,159.919998
2015-05-05,156.449997
2015-05-06,158.279999
2015-05-07,162.080002
2015-05-08,164.440002
2015-05-11,167.300003
2015-05-12,166.009995
2015-05-13,164.66000400000001
2015-05-14,166.66000400000001
2015-05-15,166.350006
2015-05-18,166.479996
2015-05-19,164.570007
2015-05-20,157.320007
2015-05-21,159.100006
2015-05-22,157.529999
2015-05-26,152.630005
2015-05-27,154.639999
2015-05-28,154.33999599999999
2015-05-29,157.470001
2015-06-01,161.029999
2015-06-02,158.940002
2015-06-03,164.050003
2015-06-04,165.740005
2015-06-05,165.880005
2015-06-08,160.28999299999998
2015-06-09,159.110001
2015-06-10,162.83999599999999
2015-06-11,162.320007
2015-06-12,165.25
2015-06-15,163.509995
2015-06-16,167.5
2015-06-17,168.059998
2015-06-18,178.020004
2015-06-19,179.429993
2015-06-22,179.449997
2015-06-23,179.070007
2015-06-24,178.490005
2015-06-25,180.639999
2015-06-26,179.550003
2015-06-29,175.990005
2015-06-30,177.880005
2015-07-01,177.169998
2015-07-02,177.149994
2015-07-06,181.850006
2015-07-07,182.919998
2015-07-08,190.440002
2015-07-09,188.809998
2015-07-10,194.350006
2015-07-13,195.600006
2015-07-14,193.479996
2015-07-15,197.850006
2015-07-16,200.979996
2015-07-17,202.990005
2015-07-20,203.03999299999998
2015-07-21,203.729996
2015-07-22,205.0
2015-07-23,205.050003
2015-07-24,204.059998
2015-07-27,203.419998
2015-07-28,207.46000700000002
2015-07-29,205.610001
2015-07-30,212.08999599999999
2015-07-31,212.729996
2015-08-03,219.86999500000002
2015-08-04,220.07000699999998
2015-08-05,228.80000299999998
2015-08-06,223.960007
2015-08-07,220.0
2015-08-10,221.99000499999997
2015-08-11,226.99000499999997
2015-08-12,226.00999500000003
2015-08-13,233.36999500000002
2015-08-14,232.86999500000002
2015-08-17,233.979996
2015-08-18,228.83999599999999
2015-08-19,226.72000099999997
2015-08-20,219.919998
2015-08-21,216.08999599999999
2015-08-24,209.270004
2015-08-25,212.24000499999997
2015-08-26,215.92999300000002
2015-08-27,209.789993
2015-08-28,208.41000400000001
2015-08-31,203.259995
2015-09-01,195.78999299999998
2015-09-02,206.429993
2015-09-03,203.869995
2015-09-04,203.070007
2015-09-08,210.850006
2015-09-09,209.86000099999998
2015-09-10,208.490005
2015-09-11,211.99000499999997
2015-09-14,211.86999500000002
2015-09-15,213.75999500000003
2015-09-16,212.88000499999998
2015-09-17,218.74000499999997
2015-09-18,218.08999599999999
2015-09-21,218.16000400000001
2015-09-22,212.11999500000002
2015-09-23,215.47000099999997
2015-09-24,214.80000299999998
2015-09-25,219.33999599999999
2015-09-28,213.02999900000003
2015-09-29,210.850006
2015-09-30,216.25
2015-10-01,217.979996
2015-10-02,215.58999599999999
2015-10-05,216.059998
2015-10-06,208.600006
2015-10-07,213.83999599999999
2015-10-08,212.66000400000001
2015-10-09,217.67999300000002
2015-10-12,227.86000099999998
2015-10-13,218.92999300000002
2015-10-14,214.830002
2015-10-15,216.520004
2015-10-16,214.75
2015-10-19,219.94999700000002
2015-10-20,217.66000400000001
2015-10-21,215.97000099999997
2015-10-22,201.009995
2015-10-23,203.070007
2015-10-26,201.639999
2015-10-27,204.279999
2015-10-28,199.949997
2015-10-29,197.770004
2015-10-30,197.449997
2015-11-02,195.350006
2015-11-03,195.559998
2015-11-04,195.699997
2015-11-05,198.96000700000002
2015-11-06,202.899994
2015-11-09,196.270004
2015-11-10,194.75
2015-11-11,190.179993
2015-11-12,184.949997
2015-11-13,185.169998
2015-11-16,185.619995
2015-11-17,186.570007
2015-11-18,190.139999
2015-11-19,191.58999599999999
2015-11-20,197.570007
2015-11-23,200.080002
2015-11-24,189.830002
2015-11-25,190.440002
2015-11-27,193.279999
2015-11-30,175.130005
2015-12-01,178.16000400000001
2015-12-02,177.070007
2015-12-03,173.070007
2015-12-04,177.320007
2015-12-07,176.940002
2015-12-08,175.399994
2015-12-09,171.429993
2015-12-10,177.08999599999999
2015-12-11,169.979996
2015-12-14,173.639999
2015-12-15,178.029999
2015-12-16,175.100006
2015-12-17,172.300003
2015-12-18,168.28999299999998
2015-12-21,174.919998
2015-12-22,172.220001
2015-12-23,172.33999599999999
2015-12-24,173.240005
2015-12-28,173.550003
2015-12-29,176.429993
2015-12-30,172.360001
2015-12-31,167.830002
2016-01-04,161.050003
2016-01-05,160.919998
2016-01-06,158.03999299999998
2016-01-07,150.529999
2016-01-08,147.66000400000001
2016-01-11,159.399994
2016-01-12,161.240005
2016-01-13,155.58999599999999
2016-01-14,161.320007
2016-01-15,158.759995
2016-01-19,156.190002
2016-01-20,163.979996
2016-01-21,158.149994
2016-01-22,160.509995
2016-01-25,158.990005
2016-01-26,162.199997
2016-01-27,158.5
2016-01-28,152.770004
2016-01-29,160.470001
2016-02-01,166.649994
2016-02-02,160.830002
2016-02-03,160.149994
2016-02-04,158.429993
2016-02-05,148.649994
2016-02-08,147.729996
2016-02-09,150.33999599999999
2016-02-10,151.610001
2016-02-11,152.949997
2016-02-12,154.529999
2016-02-16,155.470001
2016-02-17,155.619995
2016-02-18,157.449997
2016-02-19,158.360001
2016-02-22,158.059998
2016-02-23,161.190002
2016-02-24,164.71000700000002
2016-02-25,169.300003
2016-02-26,163.020004
2016-02-29,163.880005
2016-03-01,170.970001
2016-03-02,169.830002
2016-03-03,172.729996
2016-03-04,172.0
2016-03-07,170.139999
2016-03-08,166.83999599999999
2016-03-09,167.350006
2016-03-10,167.399994
2016-03-11,169.970001
2016-03-14,168.800003
2016-03-15,170.110001
2016-03-16,172.419998
2016-03-17,169.190002
2016-03-18,173.100006
2016-03-21,175.009995
2016-03-22,174.360001
2016-03-23,174.830002
2016-03-24,172.850006
2016-03-28,176.220001
2016-03-29,180.809998
2016-03-30,180.0
2016-03-31,178.059998
2016-04-01,175.279999
2016-04-04,173.449997
2016-04-05,171.809998
2016-04-06,170.490005
2016-04-07,172.220001
2016-04-08,174.119995
2016-04-11,174.66000400000001
2016-04-12,177.71000700000002
2016-04-13,179.679993
2016-04-14,181.070007
2016-04-15,178.110001
2016-04-18,181.75
2016-04-19,178.270004
2016-04-20,176.320007
2016-04-21,174.28999299999998
2016-04-22,168.08999599999999
2016-04-25,167.729996
2016-04-26,170.360001
2016-04-27,168.46000700000002
2016-04-28,165.899994
2016-04-29,160.570007
2016-05-02,159.21000700000002
2016-05-03,157.53999299999998
2016-05-04,154.199997
2016-05-05,153.820007
2016-05-06,151.429993
2016-05-09,152.279999
2016-05-10,152.600006
2016-05-11,146.550003
2016-05-12,140.419998
2016-05-13,142.649994
2016-05-16,144.880005
2016-05-17,143.399994
2016-05-18,142.320007
2016-05-19,140.71000700000002
2016-05-20,140.029999
2016-05-23,138.149994
2016-05-24,138.970001
2016-05-25,139.119995
2016-05-26,136.490005
2016-05-27,139.669998
2016-05-31,139.020004
2016-06-01,142.669998
2016-06-02,140.389999
2016-06-03,138.610001
2016-06-06,140.130005
2016-06-07,143.550003
2016-06-08,152.919998
2016-06-09,150.740005
2016-06-10,148.669998
2016-06-13,145.850006
2016-06-14,148.929993
2016-06-15,146.479996
2016-06-16,146.130005
2016-06-17,143.899994
2016-06-20,143.990005
2016-06-21,145.070007
2016-06-22,143.33999599999999
2016-06-23,143.509995
2016-06-24,141.5
2016-06-27,138.550003
2016-06-28,141.449997
2016-06-29,145.509995
2016-06-30,151.5
2016-07-01,148.779999
2016-07-05,144.520004
2016-07-06,145.490005
2016-07-07,145.679993
2016-07-08,148.179993
2016-07-11,146.929993
2016-07-12,148.5
2016-07-13,147.16000400000001
2016-07-14,149.570007
2016-07-15,148.029999
2016-07-18,147.259995
2016-07-19,144.399994
2016-07-20,141.449997
2016-07-21,139.979996
2016-07-22,142.809998
2016-07-25,141.389999
2016-07-26,140.600006
2016-07-27,134.199997
2016-07-28,134.899994
2016-07-29,129.770004
2016-08-01,128.259995
2016-08-02,123.239998
2016-08-03,122.82
2016-08-04,124.889999
2016-08-05,129.050003
2016-08-08,128.279999
2016-08-09,125.16999799999999
2016-08-10,125.900002
2016-08-11,126.66999799999999
2016-08-12,126.629997
2016-08-15,128.509995
2016-08-16,129.619995
2016-08-17,130.050003
2016-08-18,132.029999
2016-08-19,133.529999
2016-08-22,131.059998
2016-08-23,132.929993
2016-08-24,134.369995
2016-08-25,136.380005
2016-08-26,136.369995
2016-08-29,135.570007
2016-08-30,137.679993
2016-08-31,138.240005
2016-09-01,136.41000400000001
2016-09-02,136.369995
2016-09-06,134.990005
2016-09-07,146.009995
2016-09-08,146.029999
2016-09-09,142.130005
2016-09-12,141.820007
2016-09-13,138.66000400000001
2016-09-14,134.16000400000001
2016-09-15,133.229996
2016-09-16,130.699997
2016-09-19,129.96000700000002
2016-09-20,129.729996
2016-09-21,130.5
2016-09-22,127.870003
2016-09-23,133.699997
2016-09-26,130.229996
2016-09-27,134.050003
2016-09-28,132.720001
2016-09-29,130.350006
2016-09-30,132.070007
2016-10-03,135.669998
2016-10-04,140.190002
2016-10-05,139.630005
2016-10-06,142.360001
2016-10-07,144.929993
2016-10-10,149.25
2016-10-11,148.809998
2016-10-12,149.419998
2016-10-13,153.449997
2016-10-14,152.979996
2016-10-17,153.100006
2016-10-18,154.449997
2016-10-19,157.199997
2016-10-20,155.75
2016-10-21,155.550003
2016-10-24,154.949997
2016-10-25,153.899994
2016-10-26,153.949997
2016-10-27,133.949997
2016-10-28,136.100006
2016-10-31,137.899994
2016-11-01,135.550003
2016-11-02,134.899994
2016-11-03,135.149994
2016-11-04,136.350006
2016-11-07,140.199997
2016-11-08,143.100006
2016-11-09,147.600006
2016-11-10,152.949997
2016-11-11,156.649994
2016-11-14,161.25
2016-11-15,158.449997
2016-11-16,157.899994
2016-11-17,160.800003
2016-11-18,165.199997
2016-11-21,163.75
2016-11-22,166.050003
2016-11-23,169.300003
2016-11-25,168.75
2016-11-28,167.0
2016-11-29,166.300003
2016-11-30,163.399994
2016-12-01,160.600006
2016-12-02,161.350006
2016-12-05,158.25
2016-12-06,162.350006
2016-12-07,168.100006
2016-12-08,171.050003
2016-12-09,172.550003
2016-12-12,166.399994
2016-12-13,165.899994
2016-12-14,165.75
2016-12-15,167.0
2016-12-16,167.800003
2016-12-19,167.0
2016-12-20,169.850006
2016-12-21,169.550003
2016-12-22,166.050003
2016-12-23,168.649994
2016-12-27,169.75
2016-12-28,165.399994
2016-12-29,166.199997
2016-12-30,166.399994
2017-01-03,166.100006
2017-01-04,169.850006
2017-01-05,168.800003
2017-01-06,166.350006
2017-01-09,168.5
2017-01-10,178.050003
2017-01-11,180.399994
2017-01-12,176.899994
2017-01-13,177.75
2017-01-17,175.899994
2017-01-18,178.550003
2017-01-19,176.550003
2017-01-20,177.5
2017-01-23,176.25
2017-01-24,174.350006
2017-01-25,173.649994
2017-01-26,176.399994
2017-01-27,172.600006
2017-01-30,172.899994
2017-01-31,172.0
2017-02-01,172.399994
2017-02-02,163.0
2017-02-03,162.100006
2017-02-06,163.25
2017-02-07,164.699997
2017-02-08,165.649994
2017-02-09,169.149994
2017-02-10,171.300003
2017-02-13,174.649994
2017-02-14,174.850006
2017-02-15,174.850006
2017-02-16,173.600006
2017-02-17,171.399994
2017-02-21,173.899994
2017-02-22,172.949997
2017-02-23,172.100006
2017-02-24,173.550003
2017-02-27,173.300003
2017-02-28,174.100006
2017-03-01,176.300003
2017-03-02,170.399994
2017-03-03,172.5
2017-03-06,168.75
2017-03-07,161.25
2017-03-08,160.550003
2017-03-09,158.949997
2017-03-10,160.399994
2017-03-13,158.550003
2017-03-14,154.300003
2017-03-15,159.5
2017-03-16,156.949997
2017-03-17,160.0
2017-03-20,159.850006
2017-03-21,157.050003
2017-03-22,158.649994
2017-03-23,161.050003
2017-03-24,162.5
2017-03-27,160.5
2017-03-28,161.25
2017-03-29,160.050003
2017-03-30,161.350006
2017-03-31,160.25
2017-04-03,159.949997
2017-04-04,157.600006
2017-04-05,157.850006
2017-04-06,157.600006
2017-04-07,155.350006
2017-04-10,158.050003
2017-04-11,154.649994
2017-04-12,155.050003
2017-04-13,152.050003
2017-04-17,154.149994
2017-04-18,157.25
2017-04-19,159.75
2017-04-20,160.850006
2017-04-21,162.149994
2017-04-24,165.050003
2017-04-25,163.850006
2017-04-26,149.649994
2017-04-27,146.149994
2017-04-28,145.399994
2017-05-01,144.600006
2017-05-02,146.300003
2017-05-03,149.5
2017-05-04,146.899994
2017-05-05,147.449997
2017-05-08,146.0
2017-05-09,146.149994
2017-05-10,146.75
2017-05-11,144.479996
2017-05-12,144.0
2017-05-15,145.050003
2017-05-16,143.899994
2017-05-17,139.949997
2017-05-18,140.550003
2017-05-19,142.649994
2017-05-22,142.199997
2017-05-23,143.399994
2017-05-24,144.25
2017-05-25,146.550003
2017-05-26,145.949997
2017-05-30,136.75
2017-05-31,137.0
2017-06-01,137.050003
2017-06-02,139.399994
2017-06-05,139.25
2017-06-06,138.199997
2017-06-07,138.800003
2017-06-08,137.449997
2017-06-09,140.100006
2017-06-12,142.899994
2017-06-13,142.699997
2017-06-14,145.100006
2017-06-15,143.149994
2017-06-16,143.300003
2017-06-19,146.550003
2017-06-20,142.399994
2017-06-21,142.649994
2017-06-22,142.600006
2017-06-23,141.75
2017-06-26,138.449997
2017-06-27,138.050003
2017-06-28,137.100006
2017-06-29,136.100006
2017-06-30,135.600006
2017-07-03,139.149994
2017-07-05,139.850006
2017-07-06,137.25
2017-07-07,137.600006
2017-07-10,137.149994
2017-07-11,140.100006
2017-07-12,144.449997
2017-07-13,142.050003
2017-07-14,141.600006
2017-07-17,143.199997
2017-07-18,143.850006
2017-07-19,144.0
2017-07-20,144.300003
2017-07-21,144.800003
2017-07-24,144.75
2017-07-25,144.449997
2017-07-26,143.199997
2017-07-27,131.850006
2017-07-28,129.949997
2017-07-31,129.25
2017-08-01,130.25
2017-08-02,127.599998
2017-08-03,128.5
2017-08-04,131.449997
2017-08-07,130.550003
2017-08-08,130.050003
2017-08-09,125.75
2017-08-10,122.300003
2017-08-11,120.550003
2017-08-14,124.199997
2017-08-15,124.349998
2017-08-16,123.400002
2017-08-17,119.449997
2017-08-18,118.800003
2017-08-21,119.650002
2017-08-22,118.300003
2017-08-23,115.849998
2017-08-24,115.150002
2017-08-25,119.150002
2017-08-28,118.099998
2017-08-29,121.300003
2017-08-30,118.5
2017-08-31,118.0
2017-09-01,117.949997
2017-09-05,117.199997
2017-09-06,116.5
2017-09-07,115.150002
2017-09-08,115.349998
2017-09-11,117.349998
2017-09-12,118.650002
2017-09-13,121.5
2017-09-14,123.099998
2017-09-15,123.599998
2017-09-18,122.650002
2017-09-19,123.0
2017-09-20,128.600006
2017-09-21,128.600006
2017-09-22,130.100006
2017-09-25,133.949997
2017-09-26,133.850006
2017-09-27,136.300003
2017-09-28,133.649994
2017-09-29,131.699997
2017-10-02,130.050003
2017-10-03,133.199997
2017-10-04,131.699997
2017-10-05,131.300003
2017-10-06,131.949997
2017-10-09,133.050003
2017-10-10,133.550003
2017-10-11,138.149994
2017-10-12,141.100006
2017-10-13,140.350006
2017-10-16,139.899994
2017-10-17,141.5
2017-10-18,142.75
2017-10-19,138.649994
2017-10-20,140.300003
2017-10-23,138.899994
2017-10-24,141.050003
2017-10-25,139.850006
2017-10-26,141.350006
2017-10-27,139.300003
2017-10-30,138.399994
2017-10-31,136.399994
2017-11-01,136.350006
2017-11-02,133.649994
2017-11-03,132.25
2017-11-06,132.600006
2017-11-07,127.650002
2017-11-08,127.25
2017-11-09,126.849998
2017-11-10,127.699997
2017-11-13,127.099998
2017-11-14,129.550003
2017-11-15,132.5
2017-11-16,137.550003
2017-11-17,137.649994
2017-11-20,137.550003
2017-11-21,138.399994
2017-11-22,137.050003
2017-11-24,137.899994
2017-11-27,138.649994
2017-11-28,142.5
2017-11-29,152.25
2017-11-30,152.0
2017-12-01,147.5
2017-12-04,151.800003
2017-12-05,149.949997
2017-12-06,147.300003
2017-12-07,148.0
2017-12-08,148.600006
2017-12-11,146.25
2017-12-12,146.5
2017-12-13,147.149994
2017-12-14,147.0
2017-12-15,149.800003
2017-12-18,153.350006
2017-12-19,153.149994
2017-12-20,152.75
2017-12-21,160.399994
2017-12-22,160.899994
2017-12-26,159.25
2017-12-27,157.949997
2017-12-28,155.5
2017-12-29,154.75
2018-01-02,154.050003
2018-01-03,155.0
2018-01-04,150.850006
2018-01-05,149.899994
2018-01-08,148.0
2018-01-09,150.850006
2018-01-10,154.850006
2018-01-11,163.149994
2018-01-12,165.5
2018-01-16,168.949997
2018-01-17,166.600006
2018-01-18,166.949997
2018-01-19,168.300003
2018-01-22,167.699997
2018-01-23,167.649994
2018-01-24,161.449997
2018-01-25,156.199997
2018-01-26,160.0
2018-01-29,161.100006
2018-01-30,159.399994
2018-01-31,159.25
2018-02-01,166.800003
2018-02-02,164.0
2018-02-05,158.5
2018-02-06,159.899994
2018-02-07,162.600006
2018-02-08,157.399994
2018-02-09,159.550003
2018-02-12,163.550003
2018-02-13,164.25
2018-02-14,164.75
2018-02-15,167.5
2018-02-16,167.0
2018-02-20,165.25
2018-02-21,168.25
2018-02-22,166.850006
2018-02-23,169.149994
2018-02-26,171.199997
2018-02-27,168.0
2018-02-28,166.300003
2018-03-01,163.699997
2018-03-02,164.350006
2018-03-05,162.899994
2018-03-06,165.949997
2018-03-07,171.300003
2018-03-08,174.0
2018-03-09,174.300003
2018-03-12,177.5
2018-03-13,179.600006
2018-03-14,174.949997
2018-03-15,172.75
2018-03-16,178.0
2018-03-19,176.100006
2018-03-20,176.050003
2018-03-21,174.350006
2018-03-22,167.600006
2018-03-23,166.699997
2018-03-26,171.25
2018-03-27,168.0
2018-03-28,169.5
2018-03-29,172.550003
2018-04-02,170.25
2018-04-03,173.850006
2018-04-04,173.850006
2018-04-05,176.25
2018-04-06,172.5
2018-04-09,168.149994
2018-04-10,165.800003
2018-04-11,163.850006
2018-04-12,165.25
2018-04-13,151.050003
2018-04-16,146.399994
2018-04-17,142.0
2018-04-18,142.800003
2018-04-19,143.449997
2018-04-20,144.300003
2018-04-23,143.350006
2018-04-24,143.600006
2018-04-25,143.300003
2018-04-26,157.25
2018-04-27,160.600006
2018-04-30,160.25
2018-05-01,162.899994
2018-05-02,160.149994
2018-05-03,157.600006
2018-05-04,159.949997
2018-05-07,159.600006
2018-05-08,162.399994
2018-05-09,159.100006
2018-05-10,161.100006
2018-05-11,162.600006
2018-05-14,159.699997
2018-05-15,158.199997
2018-05-16,161.0
2018-05-17,160.75
2018-05-18,161.600006
2018-05-21,159.100006
2018-05-22,153.949997
2018-05-23,150.5
2018-05-24,151.800003
2018-05-25,155.850006
2018-05-29,153.949997
2018-05-30,154.300003
2018-05-31,151.350006
2018-06-01,151.100006
2018-06-04,154.399994
2018-06-05,150.949997
2018-06-06,150.100006
2018-06-07,150.0
2018-06-08,149.449997
2018-06-11,152.300003
2018-06-12,151.649994
2018-06-13,149.300003
2018-06-14,149.550003
2018-06-15,149.449997
2018-06-18,149.399994
2018-06-19,146.850006
2018-06-20,146.399994
2018-06-21,146.149994
2018-06-22,144.149994
2018-06-25,141.850006
2018-06-26,139.350006
2018-06-27,137.5
2018-06-28,138.850006
2018-06-29,138.949997
2018-07-02,140.449997
2018-07-03,139.449997
2018-07-05,142.149994
2018-07-06,144.050003
2018-07-09,140.800003
2018-07-10,142.850006
2018-07-11,139.100006
2018-07-12,139.050003
2018-07-13,143.199997
2018-07-16,138.75
2018-07-17,139.0
2018-07-18,143.050003
2018-07-19,143.800003
2018-07-20,144.199997
2018-07-23,144.75
2018-07-24,139.600006
2018-07-25,139.300003
2018-07-26,118.050003
2018-07-27,124.849998
2018-07-30,124.550003
2018-07-31,123.599998
2018-08-01,121.949997
2018-08-02,121.400002
2018-08-03,125.099998
2018-08-06,126.75
2018-08-07,128.25
2018-08-08,128.949997
2018-08-09,130.350006
2018-08-10,130.800003
2018-08-13,132.25
2018-08-14,134.800003
2018-08-15,136.0
2018-08-16,135.699997
2018-08-17,135.699997
2018-08-20,136.75
2018-08-21,136.600006
2018-08-22,135.050003
2018-08-23,136.199997
2018-08-24,135.399994
2018-08-27,136.449997
2018-08-28,136.649994
2018-08-29,134.850006
2018-08-30,135.149994
2018-08-31,136.25
2018-09-04,134.949997
2018-09-05,133.800003
2018-09-06,133.100006
2018-09-07,132.550003
2018-09-10,132.550003
2018-09-11,126.699997
2018-09-12,124.300003
2018-09-13,123.449997
2018-09-14,122.75
2018-09-17,128.5
2018-09-18,130.600006
2018-09-19,127.800003
2018-09-20,127.050003
2018-09-21,129.050003
2018-09-24,126.800003
2018-09-25,128.149994
2018-09-26,128.300003
2018-09-27,128.449997
2018-09-28,126.800003
2018-10-01,125.879997
2018-10-02,122.120003
2018-10-03,123.059998
2018-10-04,121.790001
2018-10-05,120.120003
2018-10-08,119.379997
2018-10-09,119.0
2018-10-10,114.599998
2018-10-11,117.839996
2018-10-12,119.730003
2018-10-15,122.0
2018-10-16,122.68
2018-10-17,123.470001
2018-10-18,119.110001
2018-10-19,119.959999
2018-10-22,121.08000200000001
2018-10-23,121.309998
2018-10-24,115.440002
2018-10-25,111.160004
2018-10-26,107.33000200000001
2018-10-29,115.32
2018-10-30,118.690002
2018-10-31,114.139999
2018-11-01,120.620003
2018-11-02,122.900002
2018-11-05,120.0
2018-11-06,119.199997
2018-11-07,120.199997
2018-11-08,120.139999
2018-11-09,121.980003
2018-11-12,121.889999
2018-11-13,121.870003
2018-11-14,121.410004
2018-11-15,121.43
2018-11-16,120.120003
2018-11-19,118.949997
2018-11-20,117.489998
2018-11-21,121.029999
2018-11-23,123.410004
2018-11-26,124.239998
2018-11-27,123.900002
2018-11-28,125.629997
2018-11-29,126.08000200000001
2018-11-30,134.41000400000001
2018-12-03,133.679993
2018-12-04,126.510002
2018-12-06,135.130005
2018-12-07,126.32
2018-12-10,125.33000200000001
2018-12-11,125.120003
2018-12-12,125.650002
2018-12-13,120.839996
2018-12-14,118.440002
2018-12-17,116.709999
2018-12-18,118.550003
2018-12-19,115.129997
2018-12-20,111.82
2018-12-21,105.860001
2018-12-24,104.470001
2018-12-26,104.110001
2018-12-27,101.730003
2018-12-28,100.449997
2018-12-31,100.220001
2019-01-02,103.889999
2019-01-03,101.43
2019-01-04,108.089996
2019-01-07,109.349998
2019-01-08,111.230003
2019-01-09,116.709999
2019-01-10,120.260002
2019-01-11,121.33000200000001
2019-01-14,120.489998
2019-01-15,119.440002
2019-01-16,119.599998
2019-01-17,122.010002
2019-01-18,122.690002
2019-01-22,119.510002
2019-01-23,119.040001
2019-01-24,121.449997
2019-01-25,121.779999
2019-01-28,124.050003
2019-01-29,125.0
2019-01-30,125.739998
2019-01-31,130.0
2019-02-01,135.850006
2019-02-04,139.029999
2019-02-05,135.779999
2019-02-06,135.08999599999999
2019-02-07,136.119995
2019-02-08,135.759995
2019-02-11,137.21000700000002
2019-02-12,135.929993
2019-02-13,138.149994
2019-02-14,139.740005
2019-02-15,139.21000700000002
2019-02-19,141.389999
2019-02-20,136.429993
2019-02-21,137.020004
2019-02-22,140.779999
2019-02-25,140.91000400000001
2019-02-26,141.259995
2019-02-27,132.690002
2019-02-28,132.100006
2019-03-01,131.270004
2019-03-04,130.220001
2019-03-05,129.929993
2019-03-06,129.619995
2019-03-07,127.010002
2019-03-08,126.82
2019-03-11,128.229996
2019-03-12,126.720001
2019-03-13,127.690002
2019-03-14,127.360001
2019-03-15,125.889999
2019-03-18,126.110001
2019-03-19,126.25
2019-03-20,125.650002
2019-03-21,127.07
2019-03-22,122.150002
2019-03-25,121.970001
2019-03-26,124.010002
2019-03-27,126.379997
2019-03-28,126.779999
2019-03-29,129.470001
2019-04-01,129.889999
2019-04-02,133.279999
2019-04-03,134.300003
2019-04-04,135.949997
2019-04-05,136.990005
2019-04-08,137.919998
2019-04-09,133.869995
2019-04-10,136.75
2019-04-11,136.389999
2019-04-12,134.169998
2019-04-15,132.929993
2019-04-16,134.509995
2019-04-17,133.649994
2019-04-18,131.149994
2019-04-22,130.350006
2019-04-23,132.130005
2019-04-24,133.130005
2019-04-25,139.979996
2019-04-26,140.970001
2019-04-29,144.179993
2019-04-30,146.880005
2019-05-01,145.559998
2019-05-02,146.529999
2019-05-03,147.259995
2019-05-06,147.08999599999999
2019-05-07,144.669998
2019-05-08,142.130005
2019-05-09,142.360001
2019-05-10,143.279999
2019-05-13,140.16000400000001
2019-05-14,144.5
2019-05-15,144.509995
2019-05-16,144.259995
2019-05-17,143.550003
2019-05-20,141.96000700000002
2019-05-21,146.279999
2019-05-22,143.0
2019-05-23,142.71000700000002
2019-05-24,141.96000700000002
2019-05-28,142.440002
2019-05-29,142.96000700000002
2019-05-30,142.419998
2019-05-31,140.110001
2019-06-03,139.03999299999998
2019-06-04,142.929993
2019-06-05,144.100006
2019-06-06,142.360001
2019-06-07,142.350006
2019-06-10,142.389999
2019-06-11,142.66000400000001
2019-06-12,143.889999
2019-06-13,145.970001
2019-06-14,141.990005
2019-06-17,141.600006
2019-06-18,142.389999
2019-06-19,142.690002
2019-06-20,139.509995
2019-06-21,135.110001
2019-06-24,134.830002
2019-06-25,134.509995
2019-06-26,137.399994
2019-06-27,140.28999299999998
2019-06-28,143.5
2019-07-01,143.080002
2019-07-02,141.429993
2019-07-03,143.179993
2019-07-05,144.729996
2019-07-08,146.300003
2019-07-09,144.100006
2019-07-10,145.600006
2019-07-11,144.5
2019-07-12,148.669998
2019-07-15,148.229996
2019-07-16,148.550003
2019-07-17,147.850006
2019-07-18,147.33999599999999
2019-07-19,143.889999
2019-07-22,145.360001
2019-07-23,147.66000400000001
2019-07-24,148.770004
2019-07-25,152.009995
2019-07-26,152.630005
2019-07-29,152.16000400000001
2019-07-30,151.259995
2019-07-31,149.850006
2019-08-01,148.130005
2019-08-02,147.649994
2019-08-05,145.71000700000002
2019-08-06,146.800003
2019-08-07,147.059998
2019-08-08,148.740005
2019-08-09,146.149994
2019-08-12,144.100006
2019-08-13,142.649994
2019-08-14,142.0
2019-08-15,140.889999
2019-08-16,142.809998
2019-08-19,142.03999299999998
2019-08-20,141.479996
2019-08-21,143.309998
2019-08-22,142.119995
2019-08-23,140.699997
2019-08-26,140.419998
2019-08-27,138.820007
2019-08-28,139.740005
2019-08-29,141.5
2019-08-30,141.990005
2019-09-03,141.559998
2019-09-04,143.270004
2019-09-05,147.429993
2019-09-06,147.449997
2019-09-09,148.949997
2019-09-10,147.199997
2019-09-11,151.21000700000002
2019-09-12,151.729996
2019-09-13,150.880005
2019-09-16,150.679993
2019-09-17,151.520004
2019-09-18,152.220001
2019-09-19,151.429993
2019-09-20,150.279999
2019-09-23,150.08999599999999
2019-09-24,149.380005
2019-09-25,148.5
2019-09-26,149.479996
2019-09-27,149.020004
2019-09-30,149.66000400000001
2019-10-01,150.029999
2019-10-02,149.21000700000002
2019-10-03,146.800003
2019-10-04,147.610001
2019-10-07,148.720001
2019-10-08,147.779999
2019-10-09,148.580002
2019-10-10,149.330002
2019-10-11,150.020004
2019-10-14,149.919998
2019-10-15,151.350006
2019-10-16,151.110001
2019-10-17,152.419998
2019-10-18,152.0
2019-10-21,152.949997
2019-10-22,153.029999
2019-10-23,152.71000700000002
2019-10-24,154.380005
2019-10-25,166.179993
2019-10-28,170.75
2019-10-29,167.720001
2019-10-30,167.580002
2019-10-31,167.330002
2019-11-01,167.770004
2019-11-04,167.880005
2019-11-05,167.169998
2019-11-06,168.16000400000001
2019-11-07,168.119995
2019-11-08,168.320007
2019-11-11,170.050003
2019-11-12,168.21000700000002
2019-11-13,172.080002
2019-11-14,170.080002
2019-11-15,170.300003
2019-11-18,170.059998
2019-11-19,171.21000700000002
2019-11-20,168.889999
2019-11-21,167.28999299999998
2019-11-22,169.220001
2019-11-25,169.419998
2019-11-26,169.649994
2019-11-27,172.149994
2019-11-29,169.729996
2019-12-02,169.520004
2019-12-03,168.820007
2019-12-04,168.520004
2019-12-05,169.53999299999998
2019-12-06,171.190002
2019-12-09,171.779999
2019-12-10,172.190002
2019-12-11,171.360001
2019-12-12,171.71000700000002
2019-12-13,174.130005
2019-12-16,175.149994
2019-12-17,178.259995
2019-12-18,176.179993
2019-12-19,178.309998
2019-12-20,179.470001
2019-12-23,180.059998
2019-12-24,180.149994
2019-12-26,178.929993
2019-12-27,177.369995
2019-12-30,175.320007
2019-12-31,174.03999299999998
2020-01-02,176.050003
2020-01-03,173.529999
2020-01-06,171.0
2020-01-07,171.100006
2020-01-08,173.740005
2020-01-09,175.139999
2020-01-10,174.669998
2020-01-13,174.699997
2020-01-14,174.100006
2020-01-15,176.029999
2020-01-16,177.600006
2020-01-17,177.78999299999998
2020-01-21,170.059998
2020-01-22,170.550003
2020-01-23,174.800003
2020-01-24,173.0
2020-01-27,166.690002
2020-01-28,170.759995
2020-01-29,163.16000400000001
2020-01-30,169.729996
2020-01-31,168.03999299999998
2020-02-03,165.740005
2020-02-04,171.009995
2020-02-05,171.740005
2020-02-06,167.779999
2020-02-07,162.580002
2020-02-10,159.899994
2020-02-11,164.020004
2020-02-12,166.380005
2020-02-13,167.100006
2020-02-14,165.449997
2020-02-18,165.529999
2020-02-19,164.869995
2020-02-20,163.630005
2020-02-21,162.860001
2020-02-24,154.720001
2020-02-25,148.070007
2020-02-26,144.729996
2020-02-27,130.96000700000002
2020-02-28,135.53999299999998
2020-03-02,137.429993
2020-03-03,131.929993
2020-03-04,136.279999
2020-03-05,123.5
2020-03-06,121.760002
2020-03-09,118.400002
2020-03-10,127.0
2020-03-11,119.970001
2020-03-12,102.550003
2020-03-13,113.309998
2020-03-16,88.019997
2020-03-17,103.529999
2020-03-18,74.199997
2020-03-19,72.5
2020-03-20,68.82
2020-03-23,71.709999
2020-03-24,92.68
2020-03-25,92.540001
2020-03-26,97.209999
2020-03-27,90.910004
2020-03-30,84.989998
2020-03-31,81.800003
2020-04-01,71.290001
2020-04-02,69.5
2020-04-03,69.349998
2020-04-06,74.860001
2020-04-07,81.629997
2020-04-08,79.220001
2020-04-09,83.33000200000001
2020-04-13,75.879997
2020-04-14,79.08000200000001
2020-04-15,77.720001
2020-04-16,72.550003
2020-04-17,74.989998
2020-04-20,71.989998
2020-04-21,72.720001
2020-04-22,71.08000200000001
2020-04-23,70.040001
2020-04-24,69.58000200000001
2020-04-27,69.57
2020-04-28,76.970001
2020-04-29,83.160004
2020-04-30,78.480003
2020-05-01,73.83000200000001
2020-05-04,70.040001
2020-05-05,68.959999
2020-05-06,66.290001
2020-05-07,66.230003
2020-05-08,75.410004
