"Date","AAIGF","ADNT","AET","AIG","AMP","AMZN","APA","AXP","BABA","BAM","BBBY","BK","BRK","CFG","CNQ","COF","COG","COP","COST","COV","CVS","DEO","DGX","EDU","ESRX","FB","GE","GOOG","GOOGL","HCMLF","HOG","HPQ","IBM","INTC","IRM","JCI","JNJ","JPM","KMX","KO","L","LBTYK","LH","LVS","MEL","MER","MKL","MO","MON","MRK","MSFT","NPSNY","NWSA","OVV","OXY","PG","RE","RHHVF","RHJIF","RTX","RWT","S","SAFRY","SCHW","SYY","TEL","TKOMY","TRH","TXN","UNH","USB","WB","WFC","WMT","WOSCF","Y"
2006-10-01,0,0,0,9.43,5.2,0,0,8.76,0,0,0,0,4.41,0,0,0,0,8.84,7.02,0,0,0,0,0,0,0,0,0,0,0,5.9,0,0,0,0,0,1.74,3.58,0,0.07,0,0,0,0,1.43,4.38,0,6.45,0,0,4.78,0,3.4,0,0,5.52,0,0,0,0,0,0.8,0,0,0,0,0,0,0,0,0,2.4,0,6.14,0,0
2006-11-01,0,0,0,9.43,5.2,0,0,8.76,0,0,0,0,4.41,0,0,0,0,8.84,7.02,0,0,0,0,0,0,0,0,0,0,0,5.9,0,0,0,0,0,1.74,3.58,0,0.07,0,0,0,0,1.43,4.38,0,6.45,0,0,4.78,0,3.4,0,0,5.52,0,0,0,0,0,0.8,0,0,0,0,0,0,0,0,0,2.4,0,6.14,0,0
2006-12-01,0,0,0,9.43,5.2,0,0,8.76,0,0,0,0,4.41,0,0,0,0,8.84,7.02,0,0,0,0,0,0,0,0,0,0,0,5.9,0,0,0,0,0,1.74,3.58,0,0.07,0,0,0,0,1.43,4.38,0,6.45,0,0,4.78,0,3.4,0,0,5.52,0,0,0,0,0,0.8,0,0,0,0,0,0,0,0,0,2.4,0,6.14,0,0
2007-01-01,0,0,0,9.2,5.67,0,0,8.47,0,0,0,0,4.55,0,0,0,0,8.74,7.44,0,0,0,0,0,0,0,0,0,0,0,5.11,0,0,0,0,0,1.65,3.73,0,0,0,0,0,0,4.05,4,0,3.06,0,0,4.64,0,3.8,0,0,5.65,0,0,0,0,0,0.84,0,0,0,0,0,0,0,0,0,2.41,0,6.49,0,0
2007-02-01,0,0,0,9.2,5.67,0,0,8.47,0,0,0,0,4.55,0,0,0,0,8.74,7.44,0,0,0,0,0,0,0,0,0,0,0,5.11,0,0,0,0,0,1.65,3.73,0,0,0,0,0,0,4.05,4,0,3.06,0,0,4.64,0,3.8,0,0,5.65,0,0,0,0,0,0.84,0,0,0,0,0,0,0,0,0,2.41,0,6.49,0,0
2007-03-01,0,0,0,9.2,5.67,0,0,8.47,0,0,0,0,4.55,0,0,0,0,8.74,7.44,0,0,0,0,0,0,0,0,0,0,0,5.11,0,0,0,0,0,1.65,3.73,0,0,0,0,0,0,4.05,4,0,3.06,0,0,4.64,0,3.8,0,0,5.65,0,0,0,0,0,0.84,0,0,0,0,0,0,0,0,0,2.41,0,6.49,0,0
2007-04-01,0,0,0,9.58,6.3,0,0,9.19,0,0,0,5.01,4.57,0,0,0,0,10.03,8.08,0,0,0,0,0,0,0,0,0,0,0,5.19,0,0,0,0,0,1.69,3.74,0,0,0,0,0,0,0,4.09,0,0,0,0,4.91,0,3.49,0,0,5.47,0,0,0.79,0,0,0,0,0,0,0,1.93,0,0,0,0,0,0,4.19,0,0
2007-05-01,0,0,0,9.58,6.3,0,0,9.19,0,0,0,5.01,4.57,0,0,0,0,10.03,8.08,0,0,0,0,0,0,0,0,0,0,0,5.19,0,0,0,0,0,1.69,3.74,0,0,0,0,0,0,0,4.09,0,0,0,0,4.91,0,3.49,0,0,5.47,0,0,0.79,0,0,0,0,0,0,0,1.93,0,0,0,0,0,0,4.19,0,0
2007-06-01,0,0,0,9.58,6.3,0,0,9.19,0,0,0,5.01,4.57,0,0,0,0,10.03,8.08,0,0,0,0,0,0,0,0,0,0,0,5.19,0,0,0,0,0,1.69,3.74,0,0,0,0,0,0,0,4.09,0,0,0,0,4.91,0,3.49,0,0,5.47,0,0,0.79,0,0,0,0,0,0,0,1.93,0,0,0,0,0,0,4.19,0,0
2007-07-01,0,0,0,9.83,4.55,0,0,9.19,0,0,0,5.34,5.1,0,0,0,0,11.92,8.75,3.57,0,0,0,0,0,0,0,0,0,0,4.21,0,0,0,0,0,0,3.65,0,0,0,0,0,0,0,3.6,0,0,0,0,3.76,0,3.73,0,0,5.98,0,0,2.05,0,0,0,0,0,0,3.05,2.01,0,0,0,0,0,0,3.92,0,0
2007-08-01,0,0,0,9.83,4.55,0,0,9.19,0,0,0,5.34,5.1,0,0,0,0,11.92,8.75,3.57,0,0,0,0,0,0,0,0,0,0,4.21,0,0,0,0,0,0,3.65,0,0,0,0,0,0,0,3.6,0,0,0,0,3.76,0,3.73,0,0,5.98,0,0,2.05,0,0,0,0,0,0,3.05,2.01,0,0,0,0,0,0,3.92,0,0
2007-09-01,0,0,0,9.83,4.55,0,0,9.19,0,0,0,5.34,5.1,0,0,0,0,11.92,8.75,3.57,0,0,0,0,0,0,0,0,0,0,4.21,0,0,0,0,0,0,3.65,0,0,0,0,0,0,0,3.6,0,0,0,0,3.76,0,3.73,0,0,5.98,0,0,2.05,0,0,0,0,0,0,3.05,2.01,0,0,0,0,0,0,3.92,0,0
2007-10-01,0,0,0,9.43,3.25,0,0,7.52,0,0,0,6.56,6.04,0,3.56,0,0,5.22,8.66,0,0,0,0,0,0,0,0,0,0,0,4.18,0,0,0,0,0,0,3.54,0,0,0,0,0,0,0,4.41,0,0,0,0,4.68,0,3.42,0,0,6.13,0,0,2.61,0,2.37,0,0,0,0,0,1.88,0,0,4.77,0,0,0,0,0,0
2007-11-01,0,0,0,9.43,3.25,0,0,7.52,0,0,0,6.56,6.04,0,3.56,0,0,5.22,8.66,0,0,0,0,0,0,0,0,0,0,0,4.18,0,0,0,0,0,0,3.54,0,0,0,0,0,0,0,4.41,0,0,0,0,4.68,0,3.42,0,0,6.13,0,0,2.61,0,2.37,0,0,0,0,0,1.88,0,0,4.77,0,0,0,0,0,0
2007-12-01,0,0,0,9.43,3.25,0,0,7.52,0,0,0,6.56,6.04,0,3.56,0,0,5.22,8.66,0,0,0,0,0,0,0,0,0,0,0,4.18,0,0,0,0,0,0,3.54,0,0,0,0,0,0,0,4.41,0,0,0,0,4.68,0,3.42,0,0,6.13,0,0,2.61,0,2.37,0,0,0,0,0,1.88,0,0,4.77,0,0,0,0,0,0
2008-01-01,0,0,0,8.74,3.68,0,0,7.9,0,0,0,7.01,7.11,0,4.15,0,0,5.63,9.48,0,0,0,0,0,0,0,0,0,0,0,4.19,0,0,0,0,0,0,4.35,0,0,0,0,0,0,0,4.89,0,0,0,0,4.65,0,3.12,0,0,6.5,0,0,2.37,0,3.3,0,0,0,0,0,1.69,0,0,3.52,0,0,0,0,0,0
2008-02-01,0,0,0,8.74,3.68,0,0,7.9,0,0,0,7.01,7.11,0,4.15,0,0,5.63,9.48,0,0,0,0,0,0,0,0,0,0,0,4.19,0,0,0,0,0,0,4.35,0,0,0,0,0,0,0,4.89,0,0,0,0,4.65,0,3.12,0,0,6.5,0,0,2.37,0,3.3,0,0,0,0,0,1.69,0,0,3.52,0,0,0,0,0,0
2008-03-01,0,0,0,8.74,3.68,0,0,7.9,0,0,0,7.01,7.11,0,4.15,0,0,5.63,9.48,0,0,0,0,0,0,0,0,0,0,0,4.19,0,0,0,0,0,0,4.35,0,0,0,0,0,0,0,4.89,0,0,0,0,4.65,0,3.12,0,0,6.5,0,0,2.37,0,3.3,0,0,0,0,0,1.69,0,0,3.52,0,0,0,0,0,0
2008-04-01,0,0,0,6.16,2.81,0,0,7.84,0,1.58,0,7.32,7.41,0,7.02,0,0,6.95,10.83,0,0,0,0,0,0,0,0,0,0,0,4.67,0,0,0,0,0,0,3.74,0,0,0,0,0,0,0,4.5,0,0,0,0,2.56,0,1.58,0,0,6.5,0,0,3.09,0,2.38,0,0,0,0,0,0,0,0,3.1,0,0,0,0,0,0
2008-05-01,0,0,0,6.16,2.81,0,0,7.84,0,1.58,0,7.32,7.41,0,7.02,0,0,6.95,10.83,0,0,0,0,0,0,0,0,0,0,0,4.67,0,0,0,0,0,0,3.74,0,0,0,0,0,0,0,4.5,0,0,0,0,2.56,0,1.58,0,0,6.5,0,0,3.09,0,2.38,0,0,0,0,0,0,0,0,3.1,0,0,0,0,0,0
2008-06-01,0,0,0,6.16,2.81,0,0,7.84,0,1.58,0,7.32,7.41,0,7.02,0,0,6.95,10.83,0,0,0,0,0,0,0,0,0,0,0,4.67,0,0,0,0,0,0,3.74,0,0,0,0,0,0,0,4.5,0,0,0,0,2.56,0,1.58,0,0,6.5,0,0,3.09,0,2.38,0,0,0,0,0,0,0,0,3.1,0,0,0,0,0,0
2008-07-01,0,0,0,0,1.67,0,0,8.93,0,1.61,0,7.63,9.71,0,5.81,0,0,6.53,12.03,0,0,0,0,0,0,0,0,0,0,0,5.82,0,0,0,0,0,0,5.87,1.62,0,0,0,0,0,0,2.18,0,0,0,0,3,0,1.52,0,0,7.56,0,0,2.7,0,2.83,0,0,0,0,0,0,0,0,3.63,0,0,0,0,0,0
2008-08-01,0,0,0,0,1.67,0,0,8.93,0,1.61,0,7.63,9.71,0,5.81,0,0,6.53,12.03,0,0,0,0,0,0,0,0,0,0,0,5.82,0,0,0,0,0,0,5.87,1.62,0,0,0,0,0,0,2.18,0,0,0,0,3,0,1.52,0,0,7.56,0,0,2.7,0,2.83,0,0,0,0,0,0,0,0,3.63,0,0,0,0,0,0
2008-09-01,0,0,0,0,1.67,0,0,8.93,0,1.61,0,7.63,9.71,0,5.81,0,0,6.53,12.03,0,0,0,0,0,0,0,0,0,0,0,5.82,0,0,0,0,0,0,5.87,1.62,0,0,0,0,0,0,2.18,0,0,0,0,3,0,1.52,0,0,7.56,0,0,2.7,0,2.83,0,0,0,0,0,0,0,0,3.63,0,0,0,0,0,0
2008-10-01,0,0,0,0,1.48,0,0,6.78,0,1.3,0,9.63,10.42,0,4.92,0,0,6.7,11.87,0,0,0,0,0,0,0,0,0,0,0,3.84,1.94,0,0,0,0,0,5.75,1.32,0,0,0,0,0,0,0,0,0,0,0,2.75,0,1.67,0,0,8.99,0,0,2.48,0,2.01,0,0,0,0,0,0,0,0,4.95,0,0,0,0,0,0
2008-11-01,0,0,0,0,1.48,0,0,6.78,0,1.3,0,9.63,10.42,0,4.92,0,0,6.7,11.87,0,0,0,0,0,0,0,0,0,0,0,3.84,1.94,0,0,0,0,0,5.75,1.32,0,0,0,0,0,0,0,0,0,0,0,2.75,0,1.67,0,0,8.99,0,0,2.48,0,2.01,0,0,0,0,0,0,0,0,4.95,0,0,0,0,0,0
2008-12-01,0,0,0,0,1.48,0,0,6.78,0,1.3,0,9.63,10.42,0,4.92,0,0,6.7,11.87,0,0,0,0,0,0,0,0,0,0,0,3.84,1.94,0,0,0,0,0,5.75,1.32,0,0,0,0,0,0,0,0,0,0,0,2.75,0,1.67,0,0,8.99,0,0,2.48,0,2.01,0,0,0,0,0,0,0,0,4.95,0,0,0,0,0,0
2009-01-01,0,0,0,0,1.71,0,0,6.35,0,0,0,8.85,12.27,0,6.23,0,0,5.76,13.32,0,0,0,0,0,0,0,0,0,0,0,4.73,2.73,0,0,0,0,0,3.33,2.73,0,4.92,0,0,0,0,0,0,0,0,0,3.4,0,0,0,0,7.44,0,0,2.58,0,0,0,0,0,0,0,0,1.07,1.42,1.86,0,0,0,0,0,0
2009-02-01,0,0,0,0,1.71,0,0,6.35,0,0,0,8.85,12.27,0,6.23,0,0,5.76,13.32,0,0,0,0,0,0,0,0,0,0,0,4.73,2.73,0,0,0,0,0,3.33,2.73,0,4.92,0,0,0,0,0,0,0,0,0,3.4,0,0,0,0,7.44,0,0,2.58,0,0,0,0,0,0,0,0,1.07,1.42,1.86,0,0,0,0,0,0
2009-03-01,0,0,0,0,1.71,0,0,6.35,0,0,0,8.85,12.27,0,6.23,0,0,5.76,13.32,0,0,0,0,0,0,0,0,0,0,0,4.73,2.73,0,0,0,0,0,3.33,2.73,0,4.92,0,0,0,0,0,0,0,0,0,3.4,0,0,0,0,7.44,0,0,2.58,0,0,0,0,0,0,0,0,1.07,1.42,1.86,0,0,0,0,0,0
2009-04-01,0,0,0,0,1.73,0,0,6.79,0,0,0,7.85,10.89,0,7.25,0,0,4.68,11.23,0,0,0,0,0,0,0,0,0,0,0,4.89,2.82,0,0,0,0,0,3.03,0,0,5.22,0,0,0,0,0,0,0,0,1.45,3.37,0,0,0,0,6.9,0,0,3.93,0,0,0,0,0,0,0,0,1.37,1.56,1.89,0,0,0,0,0,0
2009-05-01,0,0,0,0,1.73,0,0,6.79,0,0,0,7.85,10.89,0,7.25,0,0,4.68,11.23,0,0,0,0,0,0,0,0,0,0,0,4.89,2.82,0,0,0,0,0,3.03,0,0,5.22,0,0,0,0,0,0,0,0,1.45,3.37,0,0,0,0,6.9,0,0,3.93,0,0,0,0,0,0,0,0,1.37,1.56,1.89,0,0,0,0,0,0
2009-06-01,0,0,0,0,1.73,0,0,6.79,0,0,0,7.85,10.89,0,7.25,0,0,4.68,11.23,0,0,0,0,0,0,0,0,0,0,0,4.89,2.82,0,0,0,0,0,3.03,0,0,5.22,0,0,0,0,0,0,0,0,1.45,3.37,0,0,0,0,6.9,0,0,3.93,0,0,0,0,0,0,0,0,1.37,1.56,1.89,0,0,0,0,0,0
2009-07-01,0,0,0,0,2.14,0,0,8.19,0,0,0,6.42,10.11,0,7.68,0,0,4.16,11.48,0,0,0,0,0,0,0,0,0,0,0,5.74,2.85,0,0,0,0,0,2.78,0,1.44,5.39,0,0,0,0,0,0,0,0,3.15,2.96,0,0,0,0,6.47,0,0,3.72,0,0,0,0,0,0,0,0,0,1.44,1.57,0,0,0,0,0,0
2009-08-01,0,0,0,0,2.14,0,0,8.19,0,0,0,6.42,10.11,0,7.68,0,0,4.16,11.48,0,0,0,0,0,0,0,0,0,0,0,5.74,2.85,0,0,0,0,0,2.78,0,1.44,5.39,0,0,0,0,0,0,0,0,3.15,2.96,0,0,0,0,6.47,0,0,3.72,0,0,0,0,0,0,0,0,0,1.44,1.57,0,0,0,0,0,0
2009-09-01,0,0,0,0,2.14,0,0,8.19,0,0,0,6.42,10.11,0,7.68,0,0,4.16,11.48,0,0,0,0,0,0,0,0,0,0,0,5.74,2.85,0,0,0,0,0,2.78,0,1.44,5.39,0,0,0,0,0,0,0,0,3.15,2.96,0,0,0,0,6.47,0,0,3.72,0,0,0,0,0,0,0,0,0,1.44,1.57,0,0,0,0,0,0
2009-10-01,0,0,0,0,1.36,0,0,8.84,0,0,0,6.14,9.66,0,8.14,0,0,2.53,11.56,0,2.97,0,0,0,0,0,0,0,0,0,6.23,3.08,0,0,0,0,0,2.05,0,1.51,5.67,0,0,0,0,0,0,0,0,3.6,3.09,0,0,0,0,6.71,0,0,3.78,0,0,0,0,0,0,0,0,1.35,1.37,0,0,0,0,0,0,0
2009-11-01,0,0,0,0,1.36,0,0,8.84,0,0,0,6.14,9.66,0,8.14,0,0,2.53,11.56,0,2.97,0,0,0,0,0,0,0,0,0,6.23,3.08,0,0,0,0,0,2.05,0,1.51,5.67,0,0,0,0,0,0,0,0,3.6,3.09,0,0,0,0,6.71,0,0,3.78,0,0,0,0,0,0,0,0,1.35,1.37,0,0,0,0,0,0,0
2009-12-01,0,0,0,0,1.36,0,0,8.84,0,0,0,6.14,9.66,0,8.14,0,0,2.53,11.56,0,2.97,0,0,0,0,0,0,0,0,0,6.23,3.08,0,0,0,0,0,2.05,0,1.51,5.67,0,0,0,0,0,0,0,0,3.6,3.09,0,0,0,0,6.71,0,0,3.78,0,0,0,0,0,0,0,0,1.35,1.37,0,0,0,0,0,0,0
2010-01-01,0,0,0,0,1.51,0,0,8.58,0,0,0,6.46,10.83,0,7.99,0,0,2.34,11.14,0,3.22,0,0,0,0,0,0,0,0,0,6.62,3.03,0,0,0,0,0,1.35,0,1.62,5.55,0,0,0,0,0,0,0,0,3.51,2.83,0,0,0,0,6.67,0,0,3.99,0,0,0,0,0,0,0,0,1.3,0,0,0,0,1.23,0,0,0
2010-02-01,0,0,0,0,1.51,0,0,8.58,0,0,0,6.46,10.83,0,7.99,0,0,2.34,11.14,0,3.22,0,0,0,0,0,0,0,0,0,6.62,3.03,0,0,0,0,0,1.35,0,1.62,5.55,0,0,0,0,0,0,0,0,3.51,2.83,0,0,0,0,6.67,0,0,3.99,0,0,0,0,0,0,0,0,1.3,0,0,0,0,1.23,0,0,0
2010-03-01,0,0,0,0,1.51,0,0,8.58,0,0,0,6.46,10.83,0,7.99,0,0,2.34,11.14,0,3.22,0,0,0,0,0,0,0,0,0,6.62,3.03,0,0,0,0,0,1.35,0,1.62,5.55,0,0,0,0,0,0,0,0,3.51,2.83,0,0,0,0,6.67,0,0,3.99,0,0,0,0,0,0,0,0,1.3,0,0,0,0,1.23,0,0,0
2010-04-01,0,0,0,0,1.36,0,0,8.95,0,0,0,5.86,10.86,0,8.14,0,0,2.54,11.6,0,3.17,0,0,0,0,0,0,0,0,0,5.82,2.8,0,0,0,0,0,1.25,0,1.68,5.62,0,0,0,0,0,0,0,0,3.73,1.31,0,0,0,0,7.18,0,0,3.86,0,0,0,0,0,0,0,0,1.34,1.76,0,0,0,0,0,0,0
2010-05-01,0,0,0,0,1.36,0,0,8.95,0,0,0,5.86,10.86,0,8.14,0,0,2.54,11.6,0,3.17,0,0,0,0,0,0,0,0,0,5.82,2.8,0,0,0,0,0,1.25,0,1.68,5.62,0,0,0,0,0,0,0,0,3.73,1.31,0,0,0,0,7.18,0,0,3.86,0,0,0,0,0,0,0,0,1.34,1.76,0,0,0,0,0,0,0
2010-06-01,0,0,0,0,1.36,0,0,8.95,0,0,0,5.86,10.86,0,8.14,0,0,2.54,11.6,0,3.17,0,0,0,0,0,0,0,0,0,5.82,2.8,0,0,0,0,0,1.25,0,1.68,5.62,0,0,0,0,0,0,0,0,3.73,1.31,0,0,0,0,7.18,0,0,3.86,0,0,0,0,0,0,0,0,1.34,1.76,0,0,0,0,0,0,0
2010-07-01,0,0,0,0,1.73,0,0,9.19,0,0,0,4.52,10.93,0,8.22,0,0,1.92,12.69,0,3.3,0,0,0,0,0,0,0,0,0,7.22,2.64,0,0,0,0,0,0,0,1.9,6.2,0,0,0,0,0,0,0,0,3.81,1.36,0,0,0,0,5.58,0,0,4.17,0,0,0,0,0,0,0,0,1.38,1.99,0,0,0,1.09,0,0,0
2010-08-01,0,0,0,0,1.73,0,0,9.19,0,0,0,4.52,10.93,0,8.22,0,0,1.92,12.69,0,3.3,0,0,0,0,0,0,0,0,0,7.22,2.64,0,0,0,0,0,0,0,1.9,6.2,0,0,0,0,0,0,0,0,3.81,1.36,0,0,0,0,5.58,0,0,4.17,0,0,0,0,0,0,0,0,1.38,1.99,0,0,0,1.09,0,0,0
2010-09-01,0,0,0,0,1.73,0,0,9.19,0,0,0,4.52,10.93,0,8.22,0,0,1.92,12.69,0,3.3,0,0,0,0,0,0,0,0,0,7.22,2.64,0,0,0,0,0,0,0,1.9,6.2,0,0,0,0,0,0,0,0,3.81,1.36,0,0,0,0,5.58,0,0,4.17,0,0,0,0,0,0,0,0,1.38,1.99,0,0,0,1.09,0,0,0
2010-10-01,0,0,0,0,1.93,0,0,8.9,0,0,0,4.91,8.03,0,9.69,0,0,2.16,12.79,0,3.46,0,0,0,0,0,0,0,0,0,8.17,2.5,0,0,0,0,0,0,0,2.02,6.04,0,0,0,0,0,0,0,0,3.54,1.47,0,0,0,0,4.9,0,0,3.5,0,0,0,0,0,0,0,0,1.33,2.26,0,0,0,0,0,0,0
2010-11-01,0,0,0,0,1.93,0,0,8.9,0,0,0,4.91,8.03,0,9.69,0,0,2.16,12.79,0,3.46,0,0,0,0,0,0,0,0,0,8.17,2.5,0,0,0,0,0,0,0,2.02,6.04,0,0,0,0,0,0,0,0,3.54,1.47,0,0,0,0,4.9,0,0,3.5,0,0,0,0,0,0,0,0,1.33,2.26,0,0,0,0,0,0,0
2010-12-01,0,0,0,0,1.93,0,0,8.9,0,0,0,4.91,8.03,0,9.69,0,0,2.16,12.79,0,3.46,0,0,0,0,0,0,0,0,0,8.17,2.5,0,0,0,0,0,0,0,2.02,6.04,0,0,0,0,0,0,0,0,3.54,1.47,0,0,0,0,4.9,0,0,3.5,0,0,0,0,0,0,0,0,1.33,2.26,0,0,0,0,0,0,0
2011-01-01,0,0,0,0,1.89,0,0,9.03,0,0,0,4.68,7.67,0,10.04,0,0,2.4,9.51,0,4.95,0,0,0,0,0,0,0,0,0,5.46,2.26,0,0,5.55,0,0,0,0,0,6.36,0,0,0,0,0,0,0,0,2.95,1.29,0,0,0,0,2.75,0,0,3.12,0,0,0,0,0,0,0,0,3.83,2.07,0,0,0,1.26,0,0,0
2011-02-01,0,0,0,0,1.89,0,0,9.03,0,0,0,4.68,7.67,0,10.04,0,0,2.4,9.51,0,4.95,0,0,0,0,0,0,0,0,0,5.46,2.26,0,0,5.55,0,0,0,0,0,6.36,0,0,0,0,0,0,0,0,2.95,1.29,0,0,0,0,2.75,0,0,3.12,0,0,0,0,0,0,0,0,3.83,2.07,0,0,0,1.26,0,0,0
2011-03-01,0,0,0,0,1.89,0,0,9.03,0,0,0,4.68,7.67,0,10.04,0,0,2.4,9.51,0,4.95,0,0,0,0,0,0,0,0,0,5.46,2.26,0,0,5.55,0,0,0,0,0,6.36,0,0,0,0,0,0,0,0,2.95,1.29,0,0,0,0,2.75,0,0,3.12,0,0,0,0,0,0,0,0,3.83,2.07,0,0,0,1.26,0,0,0
2011-04-01,0,0,0,0,1.79,0,0,10.36,0,0,1.29,4.66,7.13,0,8.53,0,0,0,10.34,0,5.43,0,0,0,0,0,0,0,0,0,5.16,2.02,0,0,6.07,0,0,0,0,0,6.23,0,0,0,0,0,0,0,0,3.16,1.32,0,0,0,0,2.51,0,0,2.79,0,0,0,0,0,0,0,0,3.87,1.97,0,0,0,1.12,0,0,0
2011-05-01,0,0,0,0,1.79,0,0,10.36,0,0,1.29,4.66,7.13,0,8.53,0,0,0,10.34,0,5.43,0,0,0,0,0,0,0,0,0,5.16,2.02,0,0,6.07,0,0,0,0,0,6.23,0,0,0,0,0,0,0,0,3.16,1.32,0,0,0,0,2.51,0,0,2.79,0,0,0,0,0,0,0,0,3.87,1.97,0,0,0,1.12,0,0,0
2011-06-01,0,0,0,0,1.79,0,0,10.36,0,0,1.29,4.66,7.13,0,8.53,0,0,0,10.34,0,5.43,0,0,0,0,0,0,0,0,0,5.16,2.02,0,0,6.07,0,0,0,0,0,6.23,0,0,0,0,0,0,0,0,3.16,1.32,0,0,0,0,2.51,0,0,2.79,0,0,0,0,0,0,0,0,3.87,1.97,0,0,0,1.12,0,0,0
2011-07-01,0,0,0,0,1.45,0,0,10.73,0,0,1.51,4.83,7.82,0,7.11,0,0,0,12.33,0,5.79,0,0,0,0,0,0,0,0,0,3.54,1.48,0,0,6.71,0,0,0,0,0,6.09,0,0,0,0,0,0,0,0,3.49,1.51,0,0,0,0,0,0,1.07,2.39,0,0,0,0,0,0,0,0,4.57,1.9,0,0,0,1.15,0,0,0
2011-08-01,0,0,0,0,1.45,0,0,10.73,0,0,1.51,4.83,7.82,0,7.11,0,0,0,12.33,0,5.79,0,0,0,0,0,0,0,0,0,3.54,1.48,0,0,6.71,0,0,0,0,0,6.09,0,0,0,0,0,0,0,0,3.49,1.51,0,0,0,0,0,0,1.07,2.39,0,0,0,0,0,0,0,0,4.57,1.9,0,0,0,1.15,0,0,0
2011-09-01,0,0,0,0,1.45,0,0,10.73,0,0,1.51,4.83,7.82,0,7.11,0,0,0,12.33,0,5.79,0,0,0,0,0,0,0,0,0,3.54,1.48,0,0,6.71,0,0,0,0,0,6.09,0,0,0,0,0,0,0,0,3.49,1.51,0,0,0,0,0,0,1.07,2.39,0,0,0,0,0,0,0,0,4.57,1.9,0,0,0,1.15,0,0,0
2011-10-01,0,0,0,0,1.77,0,0,10.5,0,0,1.48,5,7.9,0,8.77,0,0,0,10.46,0,6.79,0,0,0,0,0,0,0,0,0,3.1,2.28,0,0,4.98,0,0,0,0,0,6.42,0,0,0,0,0,0,0,0,2.67,1.52,0,0,0,0,0,0,0,1.83,0,0,0,0,0,0,0,0,4.95,1.37,0,0,0,2.17,0,0,1.25
2011-11-01,0,0,0,0,1.77,0,0,10.5,0,0,1.48,5,7.9,0,8.77,0,0,0,10.46,0,6.79,0,0,0,0,0,0,0,0,0,3.1,2.28,0,0,4.98,0,0,0,0,0,6.42,0,0,0,0,0,0,0,0,2.67,1.52,0,0,0,0,0,0,0,1.83,0,0,0,0,0,0,0,0,4.95,1.37,0,0,0,2.17,0,0,1.25
2011-12-01,0,0,0,0,1.77,0,0,10.5,0,0,1.48,5,7.9,0,8.77,0,0,0,10.46,0,6.79,0,0,0,0,0,0,0,0,0,3.1,2.28,0,0,4.98,0,0,0,0,0,6.42,0,0,0,0,0,0,0,0,2.67,1.52,0,0,0,0,0,0,0,1.83,0,0,0,0,0,0,0,0,4.95,1.37,0,0,0,2.17,0,0,1.25
2012-01-01,0,0,0,0,1.67,0,0,12.32,0,0,1.63,5.89,8.16,0,7.58,0,0,0,8.94,0,7.26,0,0,0,0,0,0,0,0,0,3.04,2.05,0,0,3.68,0,0,0,0,0,6.61,0,0,0,0,0,0,0,0,2.3,1.84,0,0,0,0,0,0,0,2.32,0,0,0,0,0,0,0,0,0,1.54,0,0,0,2.61,0,0,4.92
2012-02-01,0,0,0,0,1.67,0,0,12.32,0,0,1.63,5.89,8.16,0,7.58,0,0,0,8.94,0,7.26,0,0,0,0,0,0,0,0,0,3.04,2.05,0,0,3.68,0,0,0,0,0,6.61,0,0,0,0,0,0,0,0,2.3,1.84,0,0,0,0,0,0,0,2.32,0,0,0,0,0,0,0,0,0,1.54,0,0,0,2.61,0,0,4.92
2012-03-01,0,0,0,0,1.67,0,0,12.32,0,0,1.63,5.89,8.16,0,7.58,0,0,0,8.94,0,7.26,0,0,0,0,0,0,0,0,0,3.04,2.05,0,0,3.68,0,0,0,0,0,6.61,0,0,0,0,0,0,0,0,2.3,1.84,0,0,0,0,0,0,0,2.32,0,0,0,0,0,0,0,0,0,1.54,0,0,0,2.61,0,0,4.92
2012-04-01,0,0,0,0,1.62,0,0,13.12,0,0,1.62,5.67,8.85,0,6.49,0,0,0,9.23,0,8.01,0,0,0,0,0,0,0,3.48,0,3,1.83,0,0,3.31,0,0,0,0,0,7.18,0,0,0,0,0,0,0,0,0,1.84,0,0,0,0,0,1.17,0,1.86,0,0,0,0,0,0,0,0,0,1.39,0,0,0,2.71,0,0,5.37
2012-05-01,0,0,0,0,1.62,0,0,13.12,0,0,1.62,5.67,8.85,0,6.49,0,0,0,9.23,0,8.01,0,0,0,0,0,0,0,3.48,0,3,1.83,0,0,3.31,0,0,0,0,0,7.18,0,0,0,0,0,0,0,0,0,1.84,0,0,0,0,0,1.17,0,1.86,0,0,0,0,0,0,0,0,0,1.39,0,0,0,2.71,0,0,5.37
2012-06-01,0,0,0,0,1.62,0,0,13.12,0,0,1.62,5.67,8.85,0,6.49,0,0,0,9.23,0,8.01,0,0,0,0,0,0,0,3.48,0,3,1.83,0,0,3.31,0,0,0,0,0,7.18,0,0,0,0,0,0,0,0,0,1.84,0,0,0,0,0,1.17,0,1.86,0,0,0,0,0,0,0,0,0,1.39,0,0,0,2.71,0,0,5.37
2012-07-01,0,0,0,0,1.43,0,0,12.37,0,0,1.63,5.78,9.29,0,7.36,0,0,0,9.31,0,8.21,0,0,0,0,0,0,0,4.47,0,2.75,1.54,0,0,2.21,0,0,0,0,0,7.16,0,0,0,0,0,0,0,0,0,1.77,0,0,0,0,0,1.2,0,2.04,0,0,0,0,0,0,0,0,0,1.32,0,0,0,2.77,0,0,5.39
2012-08-01,0,0,0,0,1.43,0,0,12.37,0,0,1.63,5.78,9.29,0,7.36,0,0,0,9.31,0,8.21,0,0,0,0,0,0,0,4.47,0,2.75,1.54,0,0,2.21,0,0,0,0,0,7.16,0,0,0,0,0,0,0,0,0,1.77,0,0,0,0,0,1.2,0,2.04,0,0,0,0,0,0,0,0,0,1.32,0,0,0,2.77,0,0,5.39
2012-09-01,0,0,0,0,1.43,0,0,12.37,0,0,1.63,5.78,9.29,0,7.36,0,0,0,9.31,0,8.21,0,0,0,0,0,0,0,4.47,0,2.75,1.54,0,0,2.21,0,0,0,0,0,7.16,0,0,0,0,0,0,0,0,0,1.77,0,0,0,0,0,1.2,0,2.04,0,0,0,0,0,0,0,0,0,1.32,0,0,0,2.77,0,0,5.39
2012-10-01,0,0,0,0,1.64,0,0,13.03,0,0,1.51,6.84,9.78,0,7.19,0,0,0,9.32,0,8.54,1.31,0,0,0,0,0,0,4.38,0,2.52,1.34,0,0,0,0,0,0,0,0,7.37,0,0,0,0,0,0,0,0,0,1.66,0,0,0,0,0,0,0,2.26,0,0,0,0,0,0,0,0,0,1.55,0,0,0,2.85,0,0,5.46
2012-11-01,0,0,0,0,1.64,0,0,13.03,0,0,1.51,6.84,9.78,0,7.19,0,0,0,9.32,0,8.54,1.31,0,0,0,0,0,0,4.38,0,2.52,1.34,0,0,0,0,0,0,0,0,7.37,0,0,0,0,0,0,0,0,0,1.66,0,0,0,0,0,0,0,2.26,0,0,0,0,0,0,0,0,0,1.55,0,0,0,2.85,0,0,5.46
2012-12-01,0,0,0,0,1.64,0,0,13.03,0,0,1.51,6.84,9.78,0,7.19,0,0,0,9.32,0,8.54,1.31,0,0,0,0,0,0,4.38,0,2.52,1.34,0,0,0,0,0,0,0,0,7.37,0,0,0,0,0,0,0,0,0,1.66,0,0,0,0,0,0,0,2.26,0,0,0,0,0,0,0,0,0,1.55,0,0,0,2.85,0,0,5.46
2013-01-01,0,0,0,0,1.77,0,0,14,0,0,1.59,6.82,10.44,0,7.32,0,0,0,9.16,0,8.89,1.3,0,0,0,0,0,0,4.49,0,0,2.05,0,0,0,0,0,0,0,0,7.3,0,0,0,0,0,0,0,0,0,1.63,0,0,0,0,0,1.39,0,1.41,0,0,0,0,0,0,0,0,0,1.62,0,0,0,2.83,0,0,5.91
2013-02-01,0,0,0,0,1.77,0,0,14,0,0,1.59,6.82,10.44,0,7.32,0,0,0,9.16,0,8.89,1.3,0,0,0,0,0,0,4.49,0,0,2.05,0,0,0,0,0,0,0,0,7.3,0,0,0,0,0,0,0,0,0,1.63,0,0,0,0,0,1.39,0,1.41,0,0,0,0,0,0,0,0,0,1.62,0,0,0,2.83,0,0,5.91
2013-03-01,0,0,0,0,1.77,0,0,14,0,0,1.59,6.82,10.44,0,7.32,0,0,0,9.16,0,8.89,1.3,0,0,0,0,0,0,4.49,0,0,2.05,0,0,0,0,0,0,0,0,7.3,0,0,0,0,0,0,0,0,0,1.63,0,0,0,0,0,1.39,0,1.41,0,0,0,0,0,0,0,0,0,1.62,0,0,0,2.83,0,0,5.91
2013-04-01,0,0,0,0,1.99,0,0,14.9,0,0,1.79,6.99,11.51,0,6.58,0,0,0,9.76,0,9.45,0,0,0,0,0,0,0,5.08,0,0,1.23,0,0,0,0,0,0,0,0,4.8,0,1.24,0,0,0,0,0,0,0,0,0,0,0,0,0,1.4,0,1.42,0,0,0,0,0,0,0,0,0,1.63,1.49,0,0,3.22,0,0,5.84
2013-05-01,0,0,0,0,1.99,0,0,14.9,0,0,1.79,6.99,11.51,0,6.58,0,0,0,9.76,0,9.45,0,0,0,0,0,0,0,5.08,0,0,1.23,0,0,0,0,0,0,0,0,4.8,0,1.24,0,0,0,0,0,0,0,0,0,0,0,0,0,1.4,0,1.42,0,0,0,0,0,0,0,0,0,1.63,1.49,0,0,3.22,0,0,5.84
2013-06-01,0,0,0,0,1.99,0,0,14.9,0,0,1.79,6.99,11.51,0,6.58,0,0,0,9.76,0,9.45,0,0,0,0,0,0,0,5.08,0,0,1.23,0,0,0,0,0,0,0,0,4.8,0,1.24,0,0,0,0,0,0,0,0,0,0,0,0,0,1.4,0,1.42,0,0,0,0,0,0,0,0,0,1.63,1.49,0,0,3.22,0,0,5.84
2013-07-01,0,0,0,0,2.14,0,0,14.39,0,0,1.87,7.19,11.12,0,7,0,0,0,9.72,0,8.97,1.29,0,0,0,0,0,0,4.84,0,0,0,0,0,0,0,0,0,0,0,4.83,0,2.78,0,0,0,1.6,0,0,0,0,0,0,0,0,0,1.52,0,0,0,0,0,0,0,0,0,0,0,1.8,2.07,0,0,3.09,0,0,5.49
2013-08-01,0,0,0,0,2.14,0,0,14.39,0,0,1.87,7.19,11.12,0,7,0,0,0,9.72,0,8.97,1.29,0,0,0,0,0,0,4.84,0,0,0,0,0,0,0,0,0,0,0,4.83,0,2.78,0,0,0,1.6,0,0,0,0,0,0,0,0,0,1.52,0,0,0,0,0,0,0,0,0,0,0,1.8,2.07,0,0,3.09,0,0,5.49
2013-09-01,0,0,0,0,2.14,0,0,14.39,0,0,1.87,7.19,11.12,0,7,0,0,0,9.72,0,8.97,1.29,0,0,0,0,0,0,4.84,0,0,0,0,0,0,0,0,0,0,0,4.83,0,2.78,0,0,0,1.6,0,0,0,0,0,0,0,0,0,1.52,0,0,0,0,0,0,0,0,0,0,0,1.8,2.07,0,0,3.09,0,0,5.49
2013-10-01,0,0,0,0,2.41,0,0,15.44,0,0,1.73,7.43,10.37,0,6.73,0,0,0,8.97,0,10.1,1.2,0,0,0,0,0,0,5.52,0,0,0,0,0,0,0,0,0,0,0,4.45,0,3.11,0,0,0,1.6,0,0,0,0,0,0,0,0,0,1.45,0,0,0,0,0,0,0,0,0,0,0,1.75,1.94,0,0,3.03,0,0,4.73
2013-11-01,0,0,0,0,2.41,0,0,15.44,0,0,1.73,7.43,10.37,0,6.73,0,0,0,8.97,0,10.1,1.2,0,0,0,0,0,0,5.52,0,0,0,0,0,0,0,0,0,0,0,4.45,0,3.11,0,0,0,1.6,0,0,0,0,0,0,0,0,0,1.45,0,0,0,0,0,0,0,0,0,0,0,1.75,1.94,0,0,3.03,0,0,4.73
2013-12-01,0,0,0,0,2.41,0,0,15.44,0,0,1.73,7.43,10.37,0,6.73,0,0,0,8.97,0,10.1,1.2,0,0,0,0,0,0,5.52,0,0,0,0,0,0,0,0,0,0,0,4.45,0,3.11,0,0,0,1.6,0,0,0,0,0,0,0,0,0,1.45,0,0,0,0,0,0,0,0,0,0,0,1.75,1.94,0,0,3.03,0,0,4.73
2014-01-01,0,0,0,0,0,0,0,8.45,0,0,1.54,7.77,11.31,0,7.9,0,0,0,8.71,0,2.25,0,0,0,0,0,0,0,5.69,0,0,0,0,0,0,0,0,0,0,0,4.21,3.06,4.04,5.07,0,0,4.41,0,0,0,0,0,0,0,0,0,1.48,0,0,0,0,0,0,3.35,3.12,0,0,0,1.95,4.57,0,0,3.44,0,0,0
2014-02-01,0,0,0,0,0,0,0,8.45,0,0,1.54,7.77,11.31,0,7.9,0,0,0,8.71,0,2.25,0,0,0,0,0,0,0,5.69,0,0,0,0,0,0,0,0,0,0,0,4.21,3.06,4.04,5.07,0,0,4.41,0,0,0,0,0,0,0,0,0,1.48,0,0,0,0,0,0,3.35,3.12,0,0,0,1.95,4.57,0,0,3.44,0,0,0
2014-03-01,0,0,0,0,0,0,0,8.45,0,0,1.54,7.77,11.31,0,7.9,0,0,0,8.71,0,2.25,0,0,0,0,0,0,0,5.69,0,0,0,0,0,0,0,0,0,0,0,4.21,3.06,4.04,5.07,0,0,4.41,0,0,0,0,0,0,0,0,0,1.48,0,0,0,0,0,0,3.35,3.12,0,0,0,1.95,4.57,0,0,3.44,0,0,0
2014-04-01,0,0,0,0,0,4.67,0,8.78,0,0,0,8.14,11.31,0,5.69,0,0,0,8.86,0,2.24,0,0,0,0,0,0,2.9,2.95,0,0,0,0,0,0,0,0,0,0,0,3.09,3.14,2.79,4.71,0,0,4.78,0,0,0,0,0,0,0,0,0,0,0,0,0,0,0,0,3.26,3.19,0,0,0,1.95,4.5,0,0,3.58,0,0,0
2014-05-01,0,0,0,0,0,4.67,0,8.78,0,0,0,8.14,11.31,0,5.69,0,0,0,8.86,0,2.24,0,0,0,0,0,0,2.9,2.95,0,0,0,0,0,0,0,0,0,0,0,3.09,3.14,2.79,4.71,0,0,4.78,0,0,0,0,0,0,0,0,0,0,0,0,0,0,0,0,3.26,3.19,0,0,0,1.95,4.5,0,0,3.58,0,0,0
2014-06-01,0,0,0,0,0,4.67,0,8.78,0,0,0,8.14,11.31,0,5.69,0,0,0,8.86,0,2.24,0,0,0,0,0,0,2.9,2.95,0,0,0,0,0,0,0,0,0,0,0,3.09,3.14,2.79,4.71,0,0,4.78,0,0,0,0,0,0,0,0,0,0,0,0,0,0,0,0,3.26,3.19,0,0,0,1.95,4.5,0,0,3.58,0,0,0
2014-07-01,0,0,0,0,0,4.79,0,8.37,0,0,0,8.69,12.73,0,0,0,0,0,9.48,0,0,0,0,0,0,0,0,3.01,3.06,0,0,0,3.19,0,0,0,0,0,0,0,0,3.15,2.86,3.98,0,0,5.24,0,0,0,0,0,0,4.03,0,0,1.6,0,0,0,0,0,0,3.67,3.34,0,0,0,2.01,4.9,0,0,3.65,0,0,0
2014-08-01,0,0,0,0,0,4.79,0,8.37,0,0,0,8.69,12.73,0,0,0,0,0,9.48,0,0,0,0,0,0,0,0,3.01,3.06,0,0,0,3.19,0,0,0,0,0,0,0,0,3.15,2.86,3.98,0,0,5.24,0,0,0,0,0,0,4.03,0,0,1.6,0,0,0,0,0,0,3.67,3.34,0,0,0,2.01,4.9,0,0,3.65,0,0,0
2014-09-01,0,0,0,0,0,4.79,0,8.37,0,0,0,8.69,12.73,0,0,0,0,0,9.48,0,0,0,0,0,0,0,0,3.01,3.06,0,0,0,3.19,0,0,0,0,0,0,0,0,3.15,2.86,3.98,0,0,5.24,0,0,0,0,0,0,4.03,0,0,1.6,0,0,0,0,0,0,3.67,3.34,0,0,0,2.01,4.9,0,0,3.65,0,0,0
2014-10-01,0,0,0,0,0,5.86,0,9.83,0,0,0,10.06,12.28,0,0,0,0,0,6.17,0,0,0,0,0,0,0,0,3.03,3.05,0,0,0,0,0,0,0,0,0,0,0,0,4.09,3.35,4.11,0,0,6.22,0,0,0,0,0,0,3.8,0,0,1.85,0,0,0,0,0,0,4.17,3.86,0,0,0,2.49,6.35,0,0,4.26,0,0,0
2014-11-01,0,0,0,0,0,5.86,0,9.83,0,0,0,10.06,12.28,0,0,0,0,0,6.17,0,0,0,0,0,0,0,0,3.03,3.05,0,0,0,0,0,0,0,0,0,0,0,0,4.09,3.35,4.11,0,0,6.22,0,0,0,0,0,0,3.8,0,0,1.85,0,0,0,0,0,0,4.17,3.86,0,0,0,2.49,6.35,0,0,4.26,0,0,0
2014-12-01,0,0,0,0,0,5.86,0,9.83,0,0,0,10.06,12.28,0,0,0,0,0,6.17,0,0,0,0,0,0,0,0,3.03,3.05,0,0,0,0,0,0,0,0,0,0,0,0,4.09,3.35,4.11,0,0,6.22,0,0,0,0,0,0,3.8,0,0,1.85,0,0,0,0,0,0,4.17,3.86,0,0,0,2.49,6.35,0,0,4.26,0,0,0
2015-01-01,0,0,0,0,0,6.92,0,7.95,0,0,0,7.89,9.49,2.37,0,0,0,0,4.78,0,0,0,0,0,3.24,0,0,3.11,3.14,0,0,0,0,0,0,0,0,3.64,0,0,0,4.16,3.86,3.83,0,0,6.9,0,0,0,0,0,0,3.21,0,0,0,0,0,0,0,0,0,4.14,0,0,0,0,2.62,6.59,0,0,4.17,0,0,0
2015-02-01,0,0,0,0,0,6.92,0,7.95,0,0,0,7.89,9.49,2.37,0,0,0,0,4.78,0,0,0,0,0,3.24,0,0,3.11,3.14,0,0,0,0,0,0,0,0,3.64,0,0,0,4.16,3.86,3.83,0,0,6.9,0,0,0,0,0,0,3.21,0,0,0,0,0,0,0,0,0,4.14,0,0,0,0,2.62,6.59,0,0,4.17,0,0,0
2015-03-01,0,0,0,0,0,6.92,0,7.95,0,0,0,7.89,9.49,2.37,0,0,0,0,4.78,0,0,0,0,0,3.24,0,0,3.11,3.14,0,0,0,0,0,0,0,0,3.64,0,0,0,4.16,3.86,3.83,0,0,6.9,0,0,0,0,0,0,3.21,0,0,0,0,0,0,0,0,0,4.14,0,0,0,0,2.62,6.59,0,0,4.17,0,0,0
2015-04-01,0,0,0,0,0,8.29,0,8.12,0,0,0,6.36,9.18,2.76,0,0,3.06,0,4.38,0,0,0,0,0,3.41,0,0,3.04,3.14,0,0,0,0,0,0,0,0,4.18,0,0,0,4.34,2.74,3.76,0,0,7.38,0,0,0,0,0,0,4.22,0,0,0,0,0,0,0,0,0,4.56,0,0,0,0,0,5.27,0,0,4.43,0,0,0
2015-05-01,0,0,0,0,0,8.29,0,8.12,0,0,0,6.36,9.18,2.76,0,0,3.06,0,4.38,0,0,0,0,0,3.41,0,0,3.04,3.14,0,0,0,0,0,0,0,0,4.18,0,0,0,4.34,2.74,3.76,0,0,7.38,0,0,0,0,0,0,4.22,0,0,0,0,0,0,0,0,0,4.56,0,0,0,0,0,5.27,0,0,4.43,0,0,0
2015-06-01,0,0,0,0,0,8.29,0,8.12,0,0,0,6.36,9.18,2.76,0,0,3.06,0,4.38,0,0,0,0,0,3.41,0,0,3.04,3.14,0,0,0,0,0,0,0,0,4.18,0,0,0,4.34,2.74,3.76,0,0,7.38,0,0,0,0,0,0,4.22,0,0,0,0,0,0,0,0,0,4.56,0,0,0,0,0,5.27,0,0,4.43,0,0,0
2015-07-01,0,0,0,0,0,8.28,0,8.22,0,0,0,5.53,8.86,0,0,0,4.7,0,4.97,0,0,0,0,0,0,0,0,3.66,3.83,3.81,0,0,0,0,0,0,0,5.32,0,0,0,3.73,0,2.88,0,0,7.83,0,5.24,0,0,0,0,2.62,0,0,0,0,0,5.62,0,0,0,4.23,0,0,0,0,2.47,3.88,0,0,4.18,0,0,0
2015-08-01,0,0,0,0,0,8.28,0,8.22,0,0,0,5.53,8.86,0,0,0,4.7,0,4.97,0,0,0,0,0,0,0,0,3.66,3.83,3.81,0,0,0,0,0,0,0,5.32,0,0,0,3.73,0,2.88,0,0,7.83,0,5.24,0,0,0,0,2.62,0,0,0,0,0,5.62,0,0,0,4.23,0,0,0,0,2.47,3.88,0,0,4.18,0,0,0
2015-09-01,0,0,0,0,0,8.28,0,8.22,0,0,0,5.53,8.86,0,0,0,4.7,0,4.97,0,0,0,0,0,0,0,0,3.66,3.83,3.81,0,0,0,0,0,0,0,5.32,0,0,0,3.73,0,2.88,0,0,7.83,0,5.24,0,0,0,0,2.62,0,0,0,0,0,5.62,0,0,0,4.23,0,0,0,0,2.47,3.88,0,0,4.18,0,0,0
2015-10-01,0,0,0,0,0,9.84,1.98,6.94,0,0,0,5.24,8.08,0,0,0,3.42,0,5,0,0,0,0,0,0,0,0,4.1,4.21,3.45,0,0,0,0,0,0,0,5.18,0,0,0,3.34,0,2.99,0,0,7.77,0,5.44,0,0,0,0,0,0,0,0,0,0,5.46,0,0,0,4.39,0,0,0,0,2.46,3.54,0,0,3.98,0,0,0
2015-11-01,0,0,0,0,0,9.84,1.98,6.94,0,0,0,5.24,8.08,0,0,0,3.42,0,5,0,0,0,0,0,0,0,0,4.1,4.21,3.45,0,0,0,0,0,0,0,5.18,0,0,0,3.34,0,2.99,0,0,7.77,0,5.44,0,0,0,0,0,0,0,0,0,0,5.46,0,0,0,4.39,0,0,0,0,2.46,3.54,0,0,3.98,0,0,0
2015-12-01,0,0,0,0,0,9.84,1.98,6.94,0,0,0,5.24,8.08,0,0,0,3.42,0,5,0,0,0,0,0,0,0,0,4.1,4.21,3.45,0,0,0,0,0,0,0,5.18,0,0,0,3.34,0,2.99,0,0,7.77,0,5.44,0,0,0,0,0,0,0,0,0,0,5.46,0,0,0,4.39,0,0,0,0,2.46,3.54,0,0,3.98,0,0,0
2016-01-01,0,0,0,0,0,8.87,4.18,6.29,0,0,0,4.8,8.95,0,0,0,4.57,0,0,0,0,0,0,0,0,0,0,4.14,4.23,4.55,0,0,0,0,0,0,0,4.77,2.41,0,0,3.16,0,0,0,0,8.05,0,3.97,0,0,0,0,2.32,0,0,0,0,0,5.84,0,0,0,3.83,0,0,0,0,0,3.98,0,0,3.64,0,0,0
2016-02-01,0,0,0,0,0,8.87,4.18,6.29,0,0,0,4.8,8.95,0,0,0,4.57,0,0,0,0,0,0,0,0,0,0,4.14,4.23,4.55,0,0,0,0,0,0,0,4.77,2.41,0,0,3.16,0,0,0,0,8.05,0,3.97,0,0,0,0,2.32,0,0,0,0,0,5.84,0,0,0,3.83,0,0,0,0,0,3.98,0,0,3.64,0,0,0
2016-03-01,0,0,0,0,0,8.87,4.18,6.29,0,0,0,4.8,8.95,0,0,0,4.57,0,0,0,0,0,0,0,0,0,0,4.14,4.23,4.55,0,0,0,0,0,0,0,4.77,2.41,0,0,3.16,0,0,0,0,8.05,0,3.97,0,0,0,0,2.32,0,0,0,0,0,5.84,0,0,0,3.83,0,0,0,0,0,3.98,0,0,3.64,0,0,0
2016-04-01,0,0,0,0,0,8.1,4.52,5.33,0,0,0,4.69,8.7,0,0,0,0,0,0,0,0,0,0,0,0,0,0,3.29,3.35,3.51,0,0,0,0,0,0,0,4.29,0,0,0,0,0,0,0,0,5.37,0,4.01,0,0,0,0,2.54,4.15,0,0,0,0,6.7,0,0,3.45,3.52,0,0,0,0,0,3.74,3.32,0,4.73,0,0,0
2016-05-01,0,0,0,0,0,8.1,4.52,5.33,0,0,0,4.69,8.7,0,0,0,0,0,0,0,0,0,0,0,0,0,0,3.29,3.35,3.51,0,0,0,0,0,0,0,4.29,0,0,0,0,0,0,0,0,5.37,0,4.01,0,0,0,0,2.54,4.15,0,0,0,0,6.7,0,0,3.45,3.52,0,0,0,0,0,3.74,3.32,0,4.73,0,0,0
2016-06-01,0,0,0,0,0,8.1,4.52,5.33,0,0,0,4.69,8.7,0,0,0,0,0,0,0,0,0,0,0,0,0,0,3.29,3.35,3.51,0,0,0,0,0,0,0,4.29,0,0,0,0,0,0,0,0,5.37,0,4.01,0,0,0,0,2.54,4.15,0,0,0,0,6.7,0,0,3.45,3.52,0,0,0,0,0,3.74,3.32,0,4.73,0,0,0
2016-07-01,0,0,0,0,0,7.78,6.02,5.28,0,0,0,4.9,8.14,0,0,0,0,0,0,0,0,0,0,0,0,0,0,3.47,3.59,4.63,0,0,0,0,0,5.31,0,4.32,0,0,0,0,0,0,0,0,4.92,0,3.72,0,0,0,0,3.21,3.76,0,0,0,0,6.23,0,0,3.46,4.12,0,0,0,0,0,3.48,3.31,0,4.65,0,0,0
2016-08-01,0,0,0,0,0,7.78,6.02,5.28,0,0,0,4.9,8.14,0,0,0,0,0,0,0,0,0,0,0,0,0,0,3.47,3.59,4.63,0,0,0,0,0,5.31,0,4.32,0,0,0,0,0,0,0,0,4.92,0,3.72,0,0,0,0,3.21,3.76,0,0,0,0,6.23,0,0,3.46,4.12,0,0,0,0,0,3.48,3.31,0,4.65,0,0,0
2016-09-01,0,0,0,0,0,7.78,6.02,5.28,0,0,0,4.9,8.14,0,0,0,0,0,0,0,0,0,0,0,0,0,0,3.47,3.59,4.63,0,0,0,0,0,5.31,0,4.32,0,0,0,0,0,0,0,0,4.92,0,3.72,0,0,0,0,3.21,3.76,0,0,0,0,6.23,0,0,3.46,4.12,0,0,0,0,0,3.48,3.31,0,4.65,0,0,0
2016-10-01,0,0,0,0,0,6.91,5.93,6.06,0,0,0,5.78,9.12,0,0,0,0,0,0,0,0,0,0,0,0,0,0,3.42,3.51,3.35,0,0,0,0,0,4.66,0,5.55,0,0,0,1.99,0,0,0,0,4.75,0,3.8,0,0,0,0,3.57,3.64,0,0,0,0,6.67,0,0,3.43,0,0,0,0,0,0,3.94,3.94,0,5.94,0,0,0
2016-11-01,0,0,0,0,0,6.91,5.93,6.06,0,0,0,5.78,9.12,0,0,0,0,0,0,0,0,0,0,0,0,0,0,3.42,3.51,3.35,0,0,0,0,0,4.66,0,5.55,0,0,0,1.99,0,0,0,0,4.75,0,3.8,0,0,0,0,3.57,3.64,0,0,0,0,6.67,0,0,3.43,0,0,0,0,0,0,3.94,3.94,0,5.94,0,0,0
2016-12-01,0,0,0,0,0,6.91,5.93,6.06,0,0,0,5.78,9.12,0,0,0,0,0,0,0,0,0,0,0,0,0,0,3.42,3.51,3.35,0,0,0,0,0,4.66,0,5.55,0,0,0,1.99,0,0,0,0,4.75,0,3.8,0,0,0,0,3.57,3.64,0,0,0,0,6.67,0,0,3.43,0,0,0,0,0,0,3.94,3.94,0,5.94,0,0,0
2017-01-01,0,0,0,0,0,7.5,5.24,5.94,0,0,0,6.03,8.56,0,0,0,0,0,0,0,0,0,0,0,0,0,0,3.38,3.45,4.56,0,0,0,0,0,4.99,0,5.19,0,0,0,2.16,0,0,0,0,5.36,0,3.75,0,0,0,0,3.27,2.57,0,0,0,0,6.27,0,0,3.73,0,0,0,0,0,0,3.71,4.13,0,6.28,0,0,0
2017-02-01,0,0,0,0,0,7.5,5.24,5.94,0,0,0,6.03,8.56,0,0,0,0,0,0,0,0,0,0,0,0,0,0,3.38,3.45,4.56,0,0,0,0,0,4.99,0,5.19,0,0,0,2.16,0,0,0,0,5.36,0,3.75,0,0,0,0,3.27,2.57,0,0,0,0,6.27,0,0,3.73,0,0,0,0,0,0,3.71,4.13,0,6.28,0,0,0
2017-03-01,0,0,0,0,0,7.5,5.24,5.94,0,0,0,6.03,8.56,0,0,0,0,0,0,0,0,0,0,0,0,0,0,3.38,3.45,4.56,0,0,0,0,0,4.99,0,5.19,0,0,0,2.16,0,0,0,0,5.36,0,3.75,0,0,0,0,3.27,2.57,0,0,0,0,6.27,0,0,3.73,0,0,0,0,0,0,3.71,4.13,0,6.28,0,0,0
2017-04-01,0,0,0,0,0,7.29,4.93,6.38,0,0,0,6.57,7.73,0,0,4.9,0,0,0,0,0,0,0,0,0,0,0,3.73,3.81,4.46,0,0,0,0,0,5.18,0,4.35,0,0,0,1.94,0,0,0,0,5.41,0,2.91,0,0,0,0,2.47,2.45,0,0,0,0,6.88,0,0,4.61,0,0,0,0,0,0,4.23,0,0,6.31,0,0,0
2017-05-01,0,0,0,0,0,7.29,4.93,6.38,0,0,0,6.57,7.73,0,0,4.9,0,0,0,0,0,0,0,0,0,0,0,3.73,3.81,4.46,0,0,0,0,0,5.18,0,4.35,0,0,0,1.94,0,0,0,0,5.41,0,2.91,0,0,0,0,2.47,2.45,0,0,0,0,6.88,0,0,4.61,0,0,0,0,0,0,4.23,0,0,6.31,0,0,0
2017-06-01,0,0,0,0,0,7.29,4.93,6.38,0,0,0,6.57,7.73,0,0,4.9,0,0,0,0,0,0,0,0,0,0,0,3.73,3.81,4.46,0,0,0,0,0,5.18,0,4.35,0,0,0,1.94,0,0,0,0,5.41,0,2.91,0,0,0,0,2.47,2.45,0,0,0,0,6.88,0,0,4.61,0,0,0,0,0,0,4.23,0,0,6.31,0,0,0
2017-07-01,0,0,0,0,0,7.03,4.66,6.65,0,0,0,6.63,8.33,0,0,5.24,0,0,0,0,0,0,0,0,0,0,0,3.82,3.88,4.4,0,0,0,0,0,4.68,0,4.42,2.09,0,0,0,0,0,0,0,5.75,0,2.86,0,0,0,0,3.22,2.55,0,0,0,0,6.35,0,0,5,0,0,0,0,0,0,2.15,0,0,6.27,0,0,0
2017-08-01,0,0,0,0,0,7.03,4.66,6.65,0,0,0,6.63,8.33,0,0,5.24,0,0,0,0,0,0,0,0,0,0,0,3.82,3.88,4.4,0,0,0,0,0,4.68,0,4.42,2.09,0,0,0,0,0,0,0,5.75,0,2.86,0,0,0,0,3.22,2.55,0,0,0,0,6.35,0,0,5,0,0,0,0,0,0,2.15,0,0,6.27,0,0,0
2017-09-01,0,0,0,0,0,7.03,4.66,6.65,0,0,0,6.63,8.33,0,0,5.24,0,0,0,0,0,0,0,0,0,0,0,3.82,3.88,4.4,0,0,0,0,0,4.68,0,4.42,2.09,0,0,0,0,0,0,0,5.75,0,2.86,0,0,0,0,3.22,2.55,0,0,0,0,6.35,0,0,5,0,0,0,0,0,0,2.15,0,0,6.27,0,0,0
2017-10-01,0,2.84,0,0,0,8.46,5.3,4.56,1.79,0,0,6.66,8.91,0,0,7.07,0,0,0,0,0,0,0,0,0,0,0,5.22,4.15,2.19,0,0,0,0,0,5.36,0,4.89,0,0,0,2.02,0,0,0,0,5.51,0,0,0,0,1.92,0,0,2.9,0,0,0,0,6.9,0,0,4.98,0,0,0,0,0,0,0,0,0,6.81,0,0,0
2017-11-01,0,2.84,0,0,0,8.46,5.3,4.56,1.79,0,0,6.66,8.91,0,0,7.07,0,0,0,0,0,0,0,0,0,0,0,5.22,4.15,2.19,0,0,0,0,0,5.36,0,4.89,0,0,0,2.02,0,0,0,0,5.51,0,0,0,0,1.92,0,0,2.9,0,0,0,0,6.9,0,0,4.98,0,0,0,0,0,0,0,0,0,6.81,0,0,0
2017-12-01,0,2.84,0,0,0,8.46,5.3,4.56,1.79,0,0,6.66,8.91,0,0,7.07,0,0,0,0,0,0,0,0,0,0,0,5.22,4.15,2.19,0,0,0,0,0,5.36,0,4.89,0,0,0,2.02,0,0,0,0,5.51,0,0,0,0,1.92,0,0,2.9,0,0,0,0,6.9,0,0,4.98,0,0,0,0,0,0,0,0,0,6.81,0,0,0
2018-01-01,0,2.1,2.02,0,0,8.97,4.72,4.18,0,0,0,6.22,8.74,0,0,6.64,0,0,0,0,0,0,0,0,0,2.64,0,5.02,3.99,2.06,0,0,0,0,0,4.84,0,4.9,0,0,0,0,0,0,0,0,5.52,0,0,0,0,0,0,0,2.49,0,0,0,0,6.65,0,0,5.01,0,0,0,0,0,0,0,0,0,5.75,0,2.26,0
2018-02-01,0,2.1,2.02,0,0,8.97,4.72,4.18,0,0,0,6.22,8.74,0,0,6.64,0,0,0,0,0,0,0,0,0,2.64,0,5.02,3.99,2.06,0,0,0,0,0,4.84,0,4.9,0,0,0,0,0,0,0,0,5.52,0,0,0,0,0,0,0,2.49,0,0,0,0,6.65,0,0,5.01,0,0,0,0,0,0,0,0,0,5.75,0,2.26,0
2018-03-01,0,2.1,2.02,0,0,8.97,4.72,4.18,0,0,0,6.22,8.74,0,0,6.64,0,0,0,0,0,0,0,0,0,2.64,0,5.02,3.99,2.06,0,0,0,0,0,4.84,0,4.9,0,0,0,0,0,0,0,0,5.52,0,0,0,0,0,0,0,2.49,0,0,0,0,6.65,0,0,5.01,0,0,0,0,0,0,0,0,0,5.75,0,2.26,0
2018-04-01,0,3.91,2.12,0,0,6.28,5.54,3.71,0,0,0,6.29,7.97,0,0,6.16,0,0,0,0,0,0,0,0,0,3.71,0,5.25,4.2,0,0,0,0,0,0,4.44,0,4.49,0,0,0,0,0,0,0,0,4.95,0,0,0,0,0,0,0,3.1,0,0,0,0,6.38,0,0,5.54,0,0,0,0,0,0,0,2.59,0,5.88,0,2.23,0
2018-05-01,0,3.91,2.12,0,0,6.28,5.54,3.71,0,0,0,6.29,7.97,0,0,6.16,0,0,0,0,0,0,0,0,0,3.71,0,5.25,4.2,0,0,0,0,0,0,4.44,0,4.49,0,0,0,0,0,0,0,0,4.95,0,0,0,0,0,0,0,3.1,0,0,0,0,6.38,0,0,5.54,0,0,0,0,0,0,0,2.59,0,5.88,0,2.23,0
2018-06-01,0,3.91,2.12,0,0,6.28,5.54,3.71,0,0,0,6.29,7.97,0,0,6.16,0,0,0,0,0,0,0,0,0,3.71,0,5.25,4.2,0,0,0,0,0,0,4.44,0,4.49,0,0,0,0,0,0,0,0,4.95,0,0,0,0,0,0,0,3.1,0,0,0,0,6.38,0,0,5.54,0,0,0,0,0,0,0,2.59,0,5.88,0,2.23,0
2018-07-01,0,3.52,2.37,0,0,7.47,5.71,4.08,0,0,0,6.01,9.14,0,0,6.43,0,0,0,0,0,0,0,2.7,0,3.18,4.58,5.68,4.53,0,0,0,0,0,0,0,0,3.85,0,0,0,0,0,0,0,0,5.48,0,0,0,0,0,0,0,0,0,0,0,0,7.21,0,0,2.44,0,0,0,0,0,0,0,2.76,0,5.63,0,2.36,0
2018-08-01,0,3.52,2.37,0,0,7.47,5.71,4.08,0,0,0,6.01,9.14,0,0,6.43,0,0,0,0,0,0,0,2.7,0,3.18,4.58,5.68,4.53,0,0,0,0,0,0,0,0,3.85,0,0,0,0,0,0,0,0,5.48,0,0,0,0,0,0,0,0,0,0,0,0,7.21,0,0,2.44,0,0,0,0,0,0,0,2.76,0,5.63,0,2.36,0
2018-09-01,0,3.52,2.37,0,0,7.47,5.71,4.08,0,0,0,6.01,9.14,0,0,6.43,0,0,0,0,0,0,0,2.7,0,3.18,4.58,5.68,4.53,0,0,0,0,0,0,0,0,3.85,0,0,0,0,0,0,0,0,5.48,0,0,0,0,0,0,0,0,0,0,0,0,7.21,0,0,2.44,0,0,0,0,0,0,0,2.76,0,5.63,0,2.36,0
2018-10-01,0,0,0,0,0,7.09,3.98,4.61,1.71,0,0,7.02,11.05,0,0,6.47,0,0,0,0,0,0,0,3.03,0,3.54,3.38,6.23,4.96,1.92,0,0,0,0,0,0,0,4.22,0,0,0,0,0,0,0,0,6.05,0,0,0,0,0,0,0,0,0,0,0,0,6.95,0,0,2.66,0,0,0,0,0,0,0,3.03,0,6.24,0,2.48,0
2018-11-01,0,0,0,0,0,7.09,3.98,4.61,1.71,0,0,7.02,11.05,0,0,6.47,0,0,0,0,0,0,0,3.03,0,3.54,3.38,6.23,4.96,1.92,0,0,0,0,0,0,0,4.22,0,0,0,0,0,0,0,0,6.05,0,0,0,0,0,0,0,0,0,0,0,0,6.95,0,0,2.66,0,0,0,0,0,0,0,3.03,0,6.24,0,2.48,0
2018-12-01,0,0,0,0,0,7.09,3.98,4.61,1.71,0,0,7.02,11.05,0,0,6.47,0,0,0,0,0,0,0,3.03,0,3.54,3.38,6.23,4.96,1.92,0,0,0,0,0,0,0,4.22,0,0,0,0,0,0,0,0,6.05,0,0,0,0,0,0,0,0,0,0,0,0,6.95,0,0,2.66,0,0,0,0,0,0,0,3.03,0,6.24,0,2.48,0
2019-01-01,0,0,0,0,0,7.49,4.68,4.71,2.31,0,0,6.7,9.7,0,0,6.24,0,0,0,0,0,0,2.16,4.44,0,4.01,0,6.29,4.98,2.06,0,0,0,0,0,0,0,3.9,0,0,0,0,0,0,0,0,5.18,0,0,0,0,1.98,0,0,0,0,0,0,0,7.5,0,0,0,0,0,0,0,0,0,0,3.34,0,5.83,0,2.35,0
2019-02-01,0,0,0,0,0,7.49,4.68,4.71,2.31,0,0,6.7,9.7,0,0,6.24,0,0,0,0,0,0,2.16,4.44,0,4.01,0,6.29,4.98,2.06,0,0,0,0,0,0,0,3.9,0,0,0,0,0,0,0,0,5.18,0,0,0,0,1.98,0,0,0,0,0,0,0,7.5,0,0,0,0,0,0,0,0,0,0,3.34,0,5.83,0,2.35,0
2019-03-01,0,0,0,0,0,7.49,4.68,4.71,2.31,0,0,6.7,9.7,0,0,6.24,0,0,0,0,0,0,2.16,4.44,0,4.01,0,6.29,4.98,2.06,0,0,0,0,0,0,0,3.9,0,0,0,0,0,0,0,0,5.18,0,0,0,0,1.98,0,0,0,0,0,0,0,7.5,0,0,0,0,0,0,0,0,0,0,3.34,0,5.83,0,2.35,0
2019-04-01,0,2.38,0,0,0,7.76,3.81,5.19,2.09,0,0,5.72,9.99,0,0,6.75,0,0,0,0,0,0,2.38,4.64,0,4.53,0,5.65,4.47,0,0,0,0,0,0,0,0,4.19,0,0,0,0,0,0,0,0,5.52,0,0,0,0,2.03,0,0,0,0,0,0,0,7.38,0,0,0,0,0,0,0,0,0,0,3.54,0,5.57,0,2.56,0
2019-05-01,0,2.38,0,0,0,7.76,3.81,5.19,2.09,0,0,5.72,9.99,0,0,6.75,0,0,0,0,0,0,2.38,4.64,0,4.53,0,5.65,4.47,0,0,0,0,0,0,0,0,4.19,0,0,0,0,0,0,0,0,5.52,0,0,0,0,2.03,0,0,0,0,0,0,0,7.38,0,0,0,0,0,0,0,0,0,0,3.54,0,5.57,0,2.56,0
2019-06-01,0,2.38,0,0,0,7.76,3.81,5.19,2.09,0,0,5.72,9.99,0,0,6.75,0,0,0,0,0,0,2.38,4.64,0,4.53,0,5.65,4.47,0,0,0,0,0,0,0,0,4.19,0,0,0,0,0,0,0,0,5.52,0,0,0,0,2.03,0,0,0,0,0,0,0,7.38,0,0,0,0,0,0,0,0,0,0,3.54,0,5.57,0,2.56,0
2019-07-01,0,1.77,0,0,0,7.07,3.35,4.94,2.05,0,0,5.82,9.72,0,0,6.72,0,0,0,0,0,0,2.49,5.29,0,4.15,0,6.33,5,0,0,0,0,1.85,0,0,0,4.39,0,0,0,0,0,0,0,0,5.95,0,0,0,0,0,0,0,0,0,0,0,0,7.69,0,0,0,0,0,0,0,0,0,0,3.71,0,5.89,0,1.63,0
2019-08-01,0,1.77,0,0,0,7.07,3.35,4.94,2.05,0,0,5.82,9.72,0,0,6.72,0,0,0,0,0,0,2.49,5.29,0,4.15,0,6.33,5,0,0,0,0,1.85,0,0,0,4.39,0,0,0,0,0,0,0,0,5.95,0,0,0,0,0,0,0,0,0,0,0,0,7.69,0,0,0,0,0,0,0,0,0,0,3.71,0,5.89,0,1.63,0
2019-09-01,0,1.77,0,0,0,7.07,3.35,4.94,2.05,0,0,5.82,9.72,0,0,6.72,0,0,0,0,0,0,2.49,5.29,0,4.15,0,6.33,5,0,0,0,0,1.85,0,0,0,4.39,0,0,0,0,0,0,0,0,5.95,0,0,0,0,0,0,0,0,0,0,0,0,7.69,0,0,0,0,0,0,0,0,0,0,3.71,0,5.89,0,1.63,0
2019-10-01,1.38,0,0,0,0,7.11,3.16,3.85,2.46,0,0,6.11,9.99,0,0,7.18,0,0,0,0,0,0,2.35,5.47,0,4.52,0,6.56,5.18,0,0,0,0,2.03,0,0,0,4.36,0,0,0,0,0,0,0,0,5.43,0,0,0,0,0,0,0,0,0,0,0,0,7.46,0,0,0,0,0,0,0,0,0,0,3.76,0,5.94,0,1.91,0
2019-11-01,1.38,0,0,0,0,7.11,3.16,3.85,2.46,0,0,6.11,9.99,0,0,7.18,0,0,0,0,0,0,2.35,5.47,0,4.52,0,6.56,5.18,0,0,0,0,2.03,0,0,0,4.36,0,0,0,0,0,0,0,0,5.43,0,0,0,0,0,0,0,0,0,0,0,0,7.46,0,0,0,0,0,0,0,0,0,0,3.76,0,5.94,0,1.91,0
2019-12-01,1.38,0,0,0,0,7.11,3.16,3.85,2.46,0,0,6.11,9.99,0,0,7.18,0,0,0,0,0,0,2.35,5.47,0,4.52,0,6.56,5.18,0,0,0,0,2.03,0,0,0,4.36,0,0,0,0,0,0,0,0,5.43,0,0,0,0,0,0,0,0,0,0,0,0,7.46,0,0,0,0,0,0,0,0,0,0,3.76,0,5.94,0,1.91,0
