Date,IPGP
2006-12-13,25.6
2006-12-14,25.15
2006-12-15,24.6
2006-12-18,23.790001
2006-12-19,23.1
2006-12-20,25.0
2006-12-21,24.6
2006-12-22,24.02
2006-12-26,24.209999
2006-12-27,24.08
2006-12-28,24.0
2006-12-29,24.0
2007-01-03,24.09
2007-01-04,24.09
2007-01-05,24.82
2007-01-08,24.66
2007-01-09,25.700001
2007-01-10,27.24
2007-01-11,26.799999
2007-01-12,26.33
2007-01-16,25.120001000000002
2007-01-17,26.02
2007-01-18,25.129998999999998
2007-01-19,25.09
2007-01-22,25.790001
2007-01-23,25.370001000000002
2007-01-24,25.6
2007-01-25,25.440001000000002
2007-01-26,26.42
2007-01-29,27.040001
2007-01-30,27.469998999999998
2007-01-31,26.41
2007-02-01,26.040001
2007-02-02,26.41
2007-02-05,26.09
2007-02-06,25.879998999999998
2007-02-07,26.299999
2007-02-08,26.299999
2007-02-09,26.190001000000002
2007-02-12,25.6
2007-02-13,25.059998999999998
2007-02-14,25.040001
2007-02-15,24.18
2007-02-16,24.75
2007-02-20,25.370001000000002
2007-02-21,25.209999
2007-02-22,25.0
2007-02-23,24.52
2007-02-26,24.0
2007-02-27,23.049999
2007-02-28,23.190001000000002
2007-03-01,22.459999
2007-03-02,23.82
2007-03-05,23.23
2007-03-06,21.450001
2007-03-07,20.379998999999998
2007-03-08,20.299999
2007-03-09,19.9
2007-03-12,19.870001000000002
2007-03-13,19.799999
2007-03-14,19.09
2007-03-15,18.02
2007-03-16,18.23
2007-03-19,18.690001000000002
2007-03-20,19.0
2007-03-21,19.049999
2007-03-22,19.41
2007-03-23,19.940001000000002
2007-03-26,20.02
2007-03-27,20.02
2007-03-28,19.82
2007-03-29,19.379998999999998
2007-03-30,19.200001
2007-04-02,18.889999
2007-04-03,19.0
2007-04-04,18.879998999999998
2007-04-05,18.639999
2007-04-09,19.0
2007-04-10,19.219998999999998
2007-04-11,19.370001000000002
2007-04-12,19.4
2007-04-13,19.82
2007-04-16,20.530001000000002
2007-04-17,21.120001000000002
2007-04-18,20.73
2007-04-19,20.040001
2007-04-20,19.75
2007-04-23,19.25
2007-04-24,19.629998999999998
2007-04-25,19.42
2007-04-26,18.17
2007-04-27,18.17
2007-04-30,18.190001000000002
2007-05-01,17.790001
2007-05-02,17.99
2007-05-03,18.450001
2007-05-04,19.639999
2007-05-07,18.879998999999998
2007-05-08,19.530001000000002
2007-05-09,20.059998999999998
2007-05-10,19.299999
2007-05-11,19.99
2007-05-14,20.030001000000002
2007-05-15,20.17
2007-05-16,20.27
2007-05-17,19.950001
2007-05-18,20.290001
2007-05-21,20.73
2007-05-22,21.040001
2007-05-23,21.610001
2007-05-24,21.290001
2007-05-25,20.35
2007-05-29,20.209999
2007-05-30,20.690001000000002
2007-05-31,22.43
2007-06-01,22.98
2007-06-04,23.440001000000002
2007-06-05,23.09
2007-06-06,22.559998999999998
2007-06-07,22.360001
2007-06-08,21.51
2007-06-11,20.49
2007-06-12,20.32
2007-06-13,20.76
2007-06-14,20.959999
2007-06-15,21.049999
2007-06-18,21.190001000000002
2007-06-19,21.110001
2007-06-20,21.299999
2007-06-21,21.370001000000002
2007-06-22,21.25
2007-06-25,20.780001000000002
2007-06-26,20.43
2007-06-27,20.32
2007-06-28,20.26
2007-06-29,19.950001
2007-07-02,19.4
2007-07-03,19.23
2007-07-05,18.889999
2007-07-06,19.34
2007-07-09,19.309998999999998
2007-07-10,19.360001
2007-07-11,19.43
2007-07-12,20.0
2007-07-13,19.99
2007-07-16,20.030001000000002
2007-07-17,20.33
2007-07-18,20.02
2007-07-19,20.040001
2007-07-20,19.99
2007-07-23,20.0
2007-07-24,19.41
2007-07-25,19.4
2007-07-26,19.57
2007-07-27,19.120001000000002
2007-07-30,19.26
2007-07-31,19.17
2007-08-01,19.09
2007-08-02,19.92
2007-08-03,19.1
2007-08-06,19.33
2007-08-07,18.030001000000002
2007-08-08,18.290001
2007-08-09,19.440001000000002
2007-08-10,19.08
2007-08-13,18.389999
2007-08-14,18.290001
2007-08-15,18.09
2007-08-16,17.68
2007-08-17,18.84
2007-08-20,19.049999
2007-08-21,18.639999
2007-08-22,18.639999
2007-08-23,19.030001000000002
2007-08-24,18.93
2007-08-27,19.120001000000002
2007-08-28,18.26
2007-08-29,18.65
2007-08-30,18.76
2007-08-31,18.469998999999998
2007-09-04,18.9
2007-09-05,18.690001000000002
2007-09-06,18.48
2007-09-07,17.83
2007-09-10,17.82
2007-09-11,18.42
2007-09-12,18.42
2007-09-13,19.01
2007-09-14,18.959999
2007-09-17,18.59
2007-09-18,19.25
2007-09-19,19.219998999999998
2007-09-20,18.959999
2007-09-21,19.0
2007-09-24,18.91
2007-09-25,19.129998999999998
2007-09-26,19.59
2007-09-27,19.75
2007-09-28,19.66
2007-10-01,19.360001
2007-10-02,19.459999
2007-10-03,19.42
2007-10-04,19.389999
2007-10-05,19.440001000000002
2007-10-08,19.4
2007-10-09,19.5
2007-10-10,19.620001000000002
2007-10-11,19.969998999999998
2007-10-12,20.450001
2007-10-15,21.07
2007-10-16,21.91
2007-10-17,22.059998999999998
2007-10-18,22.08
2007-10-19,21.440001000000002
2007-10-22,20.65
2007-10-23,20.620001000000002
2007-10-24,20.219998999999998
2007-10-25,19.459999
2007-10-26,19.51
2007-10-29,19.83
2007-10-30,19.35
2007-10-31,19.040001
2007-11-01,18.290001
2007-11-02,19.049999
2007-11-05,18.950001
2007-11-06,20.01
2007-11-07,20.360001
2007-11-08,20.799999
2007-11-09,21.24
2007-11-12,20.940001000000002
2007-11-13,20.440001000000002
2007-11-14,20.120001000000002
2007-11-15,19.790001
2007-11-16,19.42
2007-11-19,19.370001000000002
2007-11-20,19.559998999999998
2007-11-21,19.860001
2007-11-23,19.790001
2007-11-26,20.0
2007-11-27,20.1
2007-11-28,20.5
2007-11-29,20.08
2007-11-30,20.35
2007-12-03,20.299999
2007-12-04,20.01
2007-12-05,20.299999
2007-12-06,20.469998999999998
2007-12-07,20.469998999999998
2007-12-10,20.049999
2007-12-11,19.75
2007-12-12,20.02
2007-12-13,20.02
2007-12-14,19.73
2007-12-17,18.629998999999998
2007-12-18,18.969998999999998
2007-12-19,18.969998999999998
2007-12-20,19.35
2007-12-21,20.75
2007-12-24,20.219998999999998
2007-12-26,20.629998999999998
2007-12-27,20.34
2007-12-28,20.280001000000002
2007-12-31,19.99
2008-01-02,19.6
2008-01-03,19.66
2008-01-04,19.690001000000002
2008-01-07,19.27
2008-01-08,18.780001000000002
2008-01-09,19.030001000000002
2008-01-10,19.200001
2008-01-11,18.959999
2008-01-14,18.98
2008-01-15,18.559998999999998
2008-01-16,18.24
2008-01-17,17.280001000000002
2008-01-18,17.059998999999998
2008-01-22,16.790001
2008-01-23,16.190001000000002
2008-01-24,17.690001000000002
2008-01-25,16.959999
2008-01-28,17.68
2008-01-29,17.35
2008-01-30,17.52
2008-01-31,17.9
2008-02-01,18.09
2008-02-04,18.139999
2008-02-05,17.299999
2008-02-06,17.02
2008-02-07,17.639999
2008-02-08,17.07
2008-02-11,16.860001
2008-02-12,18.0
2008-02-13,18.469998999999998
2008-02-14,18.23
2008-02-15,17.799999
2008-02-19,18.1
2008-02-20,17.85
2008-02-21,17.35
2008-02-22,17.48
2008-02-25,17.99
2008-02-26,18.26
2008-02-27,17.959999
2008-02-28,17.209999
2008-02-29,17.07
2008-03-03,16.6
2008-03-04,16.83
2008-03-05,16.639999
2008-03-06,16.5
2008-03-07,16.700001
2008-03-10,15.28
2008-03-11,15.75
2008-03-12,15.61
2008-03-13,15.34
2008-03-14,14.95
2008-03-17,14.21
2008-03-18,14.44
2008-03-19,14.02
2008-03-20,14.3
2008-03-24,15.6
2008-03-25,16.01
2008-03-26,15.75
2008-03-27,15.55
2008-03-28,15.37
2008-03-31,15.69
2008-04-01,15.97
2008-04-02,16.32
2008-04-03,16.5
2008-04-04,16.32
2008-04-07,16.34
2008-04-08,16.219998999999998
2008-04-09,15.54
2008-04-10,15.77
2008-04-11,15.48
2008-04-14,15.08
2008-04-15,14.96
2008-04-16,15.25
2008-04-17,15.48
2008-04-18,15.8
2008-04-21,16.200001
2008-04-22,16.1
2008-04-23,16.01
2008-04-24,16.35
2008-04-25,16.620001000000002
2008-04-28,16.93
2008-04-29,17.030001000000002
2008-04-30,16.73
2008-05-01,16.809998999999998
2008-05-02,16.639999
2008-05-05,16.85
2008-05-06,19.83
2008-05-07,19.98
2008-05-08,20.0
2008-05-09,19.690001000000002
2008-05-12,19.530001000000002
2008-05-13,19.07
2008-05-14,19.190001000000002
2008-05-15,19.32
2008-05-16,20.0
2008-05-19,20.139999
2008-05-20,19.91
2008-05-21,19.74
2008-05-22,19.889999
2008-05-23,19.280001000000002
2008-05-27,19.379998999999998
2008-05-28,19.690001000000002
2008-05-29,19.799999
2008-05-30,20.09
2008-06-02,20.0
2008-06-03,19.74
2008-06-04,19.629998999999998
2008-06-05,20.059998999999998
2008-06-06,19.26
2008-06-09,18.83
2008-06-10,18.41
2008-06-11,18.65
2008-06-12,18.65
2008-06-13,19.24
2008-06-16,19.200001
2008-06-17,19.67
2008-06-18,19.940001000000002
2008-06-19,19.610001
2008-06-20,19.66
2008-06-23,19.530001000000002
2008-06-24,19.52
2008-06-25,19.75
2008-06-26,19.18
2008-06-27,18.84
2008-06-30,18.809998999999998
2008-07-01,18.799999
2008-07-02,18.559998999999998
2008-07-03,18.290001
2008-07-07,17.709999
2008-07-08,18.280001000000002
2008-07-09,18.200001
2008-07-10,18.049999
2008-07-11,17.99
2008-07-14,17.969998999999998
2008-07-15,17.780001000000002
2008-07-16,18.4
2008-07-17,18.690001000000002
2008-07-18,18.49
2008-07-21,18.549999
2008-07-22,18.76
2008-07-23,18.27
2008-07-24,18.25
2008-07-25,18.0
2008-07-28,17.68
2008-07-29,17.59
2008-07-30,17.799999
2008-07-31,17.76
2008-08-01,17.91
2008-08-04,18.41
2008-08-05,19.860001
2008-08-06,20.459999
2008-08-07,20.870001000000002
2008-08-08,21.0
2008-08-11,21.01
2008-08-12,21.200001
2008-08-13,21.549999
2008-08-14,21.73
2008-08-15,21.790001
2008-08-18,21.5
2008-08-19,20.98
2008-08-20,20.389999
2008-08-21,19.940001000000002
2008-08-22,20.190001000000002
2008-08-25,19.68
2008-08-26,19.809998999999998
2008-08-27,19.98
2008-08-28,20.49
2008-08-29,20.370001000000002
2008-09-02,20.870001000000002
2008-09-03,20.700001
2008-09-04,20.280001000000002
2008-09-05,20.17
2008-09-08,20.440001000000002
2008-09-09,19.940001000000002
2008-09-10,19.91
2008-09-11,19.799999
2008-09-12,19.85
2008-09-15,19.15
2008-09-16,19.379998999999998
2008-09-17,19.0
2008-09-18,20.35
2008-09-19,21.5
2008-09-22,20.9
2008-09-23,20.219998999999998
2008-09-24,19.98
2008-09-25,20.02
2008-09-26,19.75
2008-09-29,18.799999
2008-09-30,19.51
2008-10-01,19.540001
2008-10-02,19.09
2008-10-03,18.360001
2008-10-06,16.99
2008-10-07,16.01
2008-10-08,15.38
2008-10-09,14.73
2008-10-10,15.29
2008-10-13,16.77
2008-10-14,16.559998999999998
2008-10-15,15.14
2008-10-16,16.049999
2008-10-17,15.57
2008-10-20,15.77
2008-10-21,15.69
2008-10-22,15.19
2008-10-23,14.4
2008-10-24,13.66
2008-10-27,13.03
2008-10-28,13.25
2008-10-29,13.34
2008-10-30,13.68
2008-10-31,14.2
2008-11-03,14.02
2008-11-04,14.05
2008-11-05,12.88
2008-11-06,13.62
2008-11-07,14.08
2008-11-10,13.92
2008-11-11,13.77
2008-11-12,12.72
2008-11-13,13.51
2008-11-14,13.25
2008-11-17,13.05
2008-11-18,13.3
2008-11-19,13.0
2008-11-20,12.33
2008-11-21,12.03
2008-11-24,12.3
2008-11-25,12.64
2008-11-26,13.3
2008-11-28,13.59
2008-12-01,12.26
2008-12-02,11.85
2008-12-03,11.78
2008-12-04,11.55
2008-12-05,11.31
2008-12-08,11.47
2008-12-09,11.07
2008-12-10,11.2
2008-12-11,11.16
2008-12-12,11.56
2008-12-15,11.58
2008-12-16,12.02
2008-12-17,12.54
2008-12-18,12.59
2008-12-19,12.57
2008-12-22,12.2
2008-12-23,11.99
2008-12-24,12.13
2008-12-26,12.32
2008-12-29,12.17
2008-12-30,12.59
2008-12-31,13.18
2009-01-02,13.39
2009-01-05,13.21
2009-01-06,12.86
2009-01-07,12.13
2009-01-08,11.79
2009-01-09,11.44
2009-01-12,10.49
2009-01-13,9.38
2009-01-14,8.94
2009-01-15,9.41
2009-01-16,9.94
2009-01-20,9.37
2009-01-21,9.83
2009-01-22,9.65
2009-01-23,9.77
2009-01-26,9.79
2009-01-27,9.87
2009-01-28,10.16
2009-01-29,9.79
2009-01-30,9.61
2009-02-02,9.16
2009-02-03,9.25
2009-02-04,9.16
2009-02-05,9.36
2009-02-06,9.75
2009-02-09,9.65
2009-02-10,9.55
2009-02-11,9.64
2009-02-12,9.75
2009-02-13,9.72
2009-02-17,9.29
2009-02-18,9.04
2009-02-19,9.07
2009-02-20,8.85
2009-02-23,8.54
2009-02-24,8.93
2009-02-25,8.46
2009-02-26,8.26
2009-02-27,8.43
2009-03-02,7.67
2009-03-03,7.47
2009-03-04,7.85
2009-03-05,7.2
2009-03-06,7.36
2009-03-09,6.83
2009-03-10,7.23
2009-03-11,7.47
2009-03-12,7.93
2009-03-13,7.94
2009-03-16,7.91
2009-03-17,8.0
2009-03-18,8.2
2009-03-19,8.25
2009-03-20,7.91
2009-03-23,8.58
2009-03-24,8.4
2009-03-25,8.46
2009-03-26,9.03
2009-03-27,8.68
2009-03-30,8.27
2009-03-31,8.42
2009-04-01,8.75
2009-04-02,9.3
2009-04-03,9.42
2009-04-06,9.16
2009-04-07,8.83
2009-04-08,8.95
2009-04-09,9.92
2009-04-13,9.67
2009-04-14,9.52
2009-04-15,9.64
2009-04-16,10.0
2009-04-17,9.93
2009-04-20,9.53
2009-04-21,9.65
2009-04-22,9.64
2009-04-23,9.65
2009-04-24,10.05
2009-04-27,10.08
2009-04-28,10.23
2009-04-29,11.08
2009-04-30,11.17
2009-05-01,11.24
2009-05-04,11.22
2009-05-05,9.98
2009-05-06,10.42
2009-05-07,10.27
2009-05-08,10.52
2009-05-11,10.3
2009-05-12,10.18
2009-05-13,9.73
2009-05-14,9.72
2009-05-15,9.69
2009-05-18,9.93
2009-05-19,10.06
2009-05-20,10.27
2009-05-21,9.74
2009-05-22,9.65
2009-05-26,10.17
2009-05-27,10.08
2009-05-28,10.09
2009-05-29,10.31
2009-06-01,10.93
2009-06-02,10.81
2009-06-03,10.78
2009-06-04,10.76
2009-06-05,11.03
2009-06-08,10.99
2009-06-09,11.07
2009-06-10,10.91
2009-06-11,11.16
2009-06-12,11.77
2009-06-15,11.46
2009-06-16,11.31
2009-06-17,11.31
2009-06-18,11.18
2009-06-19,11.3
2009-06-22,10.71
2009-06-23,10.68
2009-06-24,10.5
2009-06-25,10.72
2009-06-26,11.23
2009-06-29,11.09
2009-06-30,10.97
2009-07-01,11.22
2009-07-02,10.64
2009-07-06,10.49
2009-07-07,9.9
2009-07-08,9.8
2009-07-09,9.73
2009-07-10,9.64
2009-07-13,10.05
2009-07-14,10.04
2009-07-15,10.49
2009-07-16,10.47
2009-07-17,10.58
2009-07-20,10.75
2009-07-21,10.76
2009-07-22,10.82
2009-07-23,10.61
2009-07-24,10.33
2009-07-27,10.57
2009-07-28,10.49
2009-07-29,10.41
2009-07-30,10.64
2009-07-31,10.73
2009-08-03,11.04
2009-08-04,11.16
2009-08-05,11.2
2009-08-06,10.65
2009-08-07,11.06
2009-08-10,11.25
2009-08-11,11.25
2009-08-12,11.34
2009-08-13,11.59
2009-08-14,11.27
2009-08-17,10.99
2009-08-18,11.03
2009-08-19,11.67
2009-08-20,11.81
2009-08-21,12.04
2009-08-24,12.3
2009-08-25,12.37
2009-08-26,12.41
2009-08-27,12.37
2009-08-28,12.21
2009-08-31,12.12
2009-09-01,11.42
2009-09-02,11.32
2009-09-03,11.84
2009-09-04,12.14
2009-09-08,12.49
2009-09-09,13.04
2009-09-10,13.38
2009-09-11,13.4
2009-09-14,13.53
2009-09-15,13.89
2009-09-16,14.2
2009-09-17,14.3
2009-09-18,15.02
2009-09-21,14.92
2009-09-22,14.67
2009-09-23,14.75
2009-09-24,14.82
2009-09-25,14.87
2009-09-28,15.3
2009-09-29,15.1
2009-09-30,15.2
2009-10-01,14.67
2009-10-02,14.57
2009-10-05,14.84
2009-10-06,15.42
2009-10-07,15.23
2009-10-08,15.19
2009-10-09,15.71
2009-10-12,15.63
2009-10-13,15.42
2009-10-14,15.39
2009-10-15,15.19
2009-10-16,15.46
2009-10-19,15.27
2009-10-20,15.12
2009-10-21,15.26
2009-10-22,15.54
2009-10-23,14.62
2009-10-26,14.5
2009-10-27,14.22
2009-10-28,13.51
2009-10-29,14.19
2009-10-30,13.66
2009-11-02,13.37
2009-11-03,14.44
2009-11-04,14.43
2009-11-05,15.17
2009-11-06,14.95
2009-11-09,15.56
2009-11-10,16.110001
2009-11-11,15.76
2009-11-12,15.55
2009-11-13,15.33
2009-11-16,15.89
2009-11-17,15.67
2009-11-18,15.47
2009-11-19,14.78
2009-11-20,14.6
2009-11-23,15.24
2009-11-24,15.24
2009-11-25,15.06
2009-11-27,14.94
2009-11-30,14.97
2009-12-01,15.43
2009-12-02,16.049999
2009-12-03,15.72
2009-12-04,16.440001000000002
2009-12-07,17.030001000000002
2009-12-08,17.25
2009-12-09,16.959999
2009-12-10,17.0
2009-12-11,17.35
2009-12-14,17.1
2009-12-15,16.940001000000002
2009-12-16,17.01
2009-12-17,16.379998999999998
2009-12-18,16.370001000000002
2009-12-21,16.43
2009-12-22,16.370001000000002
2009-12-23,16.540001
2009-12-24,17.16
2009-12-28,16.9
2009-12-29,16.98
2009-12-30,16.9
2009-12-31,16.73
2010-01-04,17.370001000000002
2010-01-05,17.07
2010-01-06,16.92
2010-01-07,17.200001
2010-01-08,17.34
2010-01-11,17.02
2010-01-12,16.77
2010-01-13,16.9
2010-01-14,16.6
2010-01-15,15.3
2010-01-19,15.2
2010-01-20,14.57
2010-01-21,13.62
2010-01-22,14.29
2010-01-25,14.45
2010-01-26,14.4
2010-01-27,14.62
2010-01-28,14.42
2010-01-29,14.4
2010-02-01,14.54
2010-02-02,14.5
2010-02-03,14.77
2010-02-04,14.35
2010-02-05,14.49
2010-02-08,14.37
2010-02-09,14.41
2010-02-10,14.64
2010-02-11,14.79
2010-02-12,15.13
2010-02-16,15.4
2010-02-17,15.55
2010-02-18,15.76
2010-02-19,16.02
2010-02-22,15.9
2010-02-23,15.6
2010-02-24,16.360001
2010-02-25,15.93
2010-02-26,15.82
2010-03-01,15.9
2010-03-02,15.76
2010-03-03,15.36
2010-03-04,15.49
2010-03-05,15.67
2010-03-08,15.46
2010-03-09,15.49
2010-03-10,16.0
2010-03-11,16.01
2010-03-12,15.86
2010-03-15,15.72
2010-03-16,16.040001
2010-03-17,16.23
2010-03-18,15.86
2010-03-19,15.21
2010-03-22,15.48
2010-03-23,15.66
2010-03-24,15.42
2010-03-25,15.17
2010-03-26,15.15
2010-03-29,15.04
2010-03-30,14.91
2010-03-31,14.79
2010-04-01,14.94
2010-04-05,15.49
2010-04-06,15.57
2010-04-07,15.81
2010-04-08,16.65
2010-04-09,16.57
2010-04-12,16.68
2010-04-13,16.85
2010-04-14,17.85
2010-04-15,17.9
2010-04-16,17.610001
2010-04-19,17.67
2010-04-20,18.24
2010-04-21,18.209999
2010-04-22,18.26
2010-04-23,18.0
2010-04-26,17.959999
2010-04-27,17.33
2010-04-28,17.360001
2010-04-29,17.74
2010-04-30,17.51
2010-05-03,18.879998999999998
2010-05-04,18.870001000000002
2010-05-05,18.139999
2010-05-06,17.32
2010-05-07,16.950001
2010-05-10,18.07
2010-05-11,18.26
2010-05-12,18.889999
2010-05-13,18.620001000000002
2010-05-14,18.26
2010-05-17,17.889999
2010-05-18,17.24
2010-05-19,17.559998999999998
2010-05-20,16.059998999999998
2010-05-21,16.370001000000002
2010-05-24,16.24
2010-05-25,16.17
2010-05-26,16.16
2010-05-27,17.09
2010-05-28,16.82
2010-06-01,16.23
2010-06-02,17.08
2010-06-03,17.360001
2010-06-04,16.290001
2010-06-07,15.72
2010-06-08,15.36
2010-06-09,14.7
2010-06-10,15.55
2010-06-11,15.93
2010-06-14,15.88
2010-06-15,16.1
2010-06-16,16.25
2010-06-17,16.309998999999998
2010-06-18,16.639999
2010-06-21,16.360001
2010-06-22,15.99
2010-06-23,16.08
2010-06-24,15.82
2010-06-25,16.07
2010-06-28,16.219998999999998
2010-06-29,15.5
2010-06-30,15.23
2010-07-01,14.94
2010-07-02,14.51
2010-07-06,14.03
2010-07-07,14.88
2010-07-08,15.39
2010-07-09,15.65
2010-07-12,15.28
2010-07-13,15.84
2010-07-14,15.76
2010-07-15,15.7
2010-07-16,14.85
2010-07-19,14.58
2010-07-20,14.76
2010-07-21,14.41
2010-07-22,15.48
2010-07-23,16.25
2010-07-26,16.73
2010-07-27,16.75
2010-07-28,16.389999
2010-07-29,16.309998999999998
2010-07-30,16.110001
2010-08-02,16.700001
2010-08-03,19.969998999999998
2010-08-04,20.49
2010-08-05,21.35
2010-08-06,21.450001
2010-08-09,21.469998999999998
2010-08-10,21.360001
2010-08-11,20.290001
2010-08-12,20.07
2010-08-13,20.450001
2010-08-16,21.110001
2010-08-17,21.360001
2010-08-18,21.440001000000002
2010-08-19,21.209999
2010-08-20,21.43
2010-08-23,21.76
2010-08-24,21.620001000000002
2010-08-25,21.690001000000002
2010-08-26,21.42
2010-08-27,22.059998999999998
2010-08-30,22.440001000000002
2010-08-31,21.66
2010-09-01,21.6
2010-09-02,21.030001000000002
2010-09-03,22.33
2010-09-07,21.83
2010-09-08,22.09
2010-09-09,22.33
2010-09-10,22.559998999999998
2010-09-13,23.66
2010-09-14,22.950001
2010-09-15,23.059998999999998
2010-09-16,22.85
2010-09-17,23.76
2010-09-20,24.35
2010-09-21,24.559998999999998
2010-09-22,23.799999
2010-09-23,23.35
2010-09-24,24.879998999999998
2010-09-27,24.59
2010-09-28,24.93
2010-09-29,25.139999
2010-09-30,24.139999
2010-10-01,24.030001000000002
2010-10-04,23.379998999999998
2010-10-05,23.620001000000002
2010-10-06,22.93
2010-10-07,22.389999
2010-10-08,22.32
2010-10-11,22.02
2010-10-12,22.1
2010-10-13,21.5
2010-10-14,21.59
2010-10-15,21.67
2010-10-18,21.51
2010-10-19,20.4
2010-10-20,20.360001
2010-10-21,20.25
2010-10-22,20.27
2010-10-25,20.370001000000002
2010-10-26,22.0
2010-10-27,21.91
2010-10-28,21.99
2010-10-29,22.5
2010-11-01,24.299999
2010-11-02,24.43
2010-11-03,24.98
2010-11-04,25.190001000000002
2010-11-05,25.200001
2010-11-08,25.99
2010-11-09,26.33
2010-11-10,26.52
2010-11-11,26.27
2010-11-12,26.18
2010-11-15,26.73
2010-11-16,26.24
2010-11-17,26.049999
2010-11-18,27.200001
2010-11-19,27.440001000000002
2010-11-22,27.969998999999998
2010-11-23,27.200001
2010-11-24,28.959999
2010-11-26,28.49
2010-11-29,28.82
2010-11-30,28.66
2010-12-01,31.51
2010-12-02,31.790001
2010-12-03,31.780001000000002
2010-12-06,31.65
2010-12-07,30.99
2010-12-08,30.629998999999998
2010-12-09,30.799999
2010-12-10,30.01
2010-12-13,31.610001
2010-12-14,31.33
2010-12-15,31.110001
2010-12-16,31.690001000000002
2010-12-17,32.470001
2010-12-20,32.130001
2010-12-21,32.790001000000004
2010-12-22,32.75
2010-12-23,32.189999
2010-12-27,32.189999
2010-12-28,31.530001000000002
2010-12-29,31.370001000000002
2010-12-30,31.34
2010-12-31,31.620001000000002
2011-01-03,32.029999
2011-01-04,30.33
2011-01-05,31.389999
2011-01-06,31.66
2011-01-07,30.110001
2011-01-10,31.0
2011-01-11,33.599998
2011-01-12,34.830002
2011-01-13,35.939999
2011-01-14,34.830002
2011-01-18,34.5
2011-01-19,33.330002
2011-01-20,32.880001
2011-01-21,32.5
2011-01-24,32.91
2011-01-25,31.99
2011-01-26,33.5
2011-01-27,33.82
2011-01-28,33.540001000000004
2011-01-31,34.650002
2011-02-01,36.130001
2011-02-02,36.099998
2011-02-03,35.669998
2011-02-04,35.689999
2011-02-07,35.240002000000004
2011-02-08,35.139998999999996
2011-02-09,34.75
2011-02-10,47.619999
2011-02-11,46.549999
2011-02-14,53.799999
2011-02-15,53.669998
2011-02-16,52.779999
2011-02-17,53.700001
2011-02-18,52.369999
2011-02-22,49.799999
2011-02-23,49.919998
2011-02-24,51.860001000000004
2011-02-25,57.259997999999996
2011-02-28,56.919998
2011-03-01,53.759997999999996
2011-03-02,54.279999
2011-03-03,55.5
2011-03-04,57.869999
2011-03-07,56.279999
2011-03-08,56.529999
2011-03-09,52.970001
2011-03-10,52.720001
2011-03-11,53.439999
2011-03-14,52.619999
2011-03-15,52.610001000000004
2011-03-16,53.200001
2011-03-17,51.790001000000004
2011-03-18,51.290001000000004
2011-03-21,53.5
2011-03-22,52.48
2011-03-23,57.77
2011-03-24,60.130001
2011-03-25,59.310001
2011-03-28,59.360001000000004
2011-03-29,56.099998
2011-03-30,57.16
2011-03-31,57.68
2011-04-01,55.060001
2011-04-04,55.09
2011-04-05,56.630001
2011-04-06,55.57
2011-04-07,54.860001000000004
2011-04-08,58.240002000000004
2011-04-11,57.099998
2011-04-12,53.98
2011-04-13,55.099998
2011-04-14,55.060001
2011-04-15,56.759997999999996
2011-04-18,59.25
2011-04-19,63.23
2011-04-20,66.410004
2011-04-21,67.120003
2011-04-25,66.33000200000001
2011-04-26,66.849998
2011-04-27,68.370003
2011-04-28,69.660004
2011-04-29,69.459999
2011-05-02,69.400002
2011-05-03,69.83000200000001
2011-05-04,66.18
2011-05-05,65.940002
2011-05-06,67.980003
2011-05-09,68.220001
2011-05-10,69.699997
2011-05-11,67.029999
2011-05-12,67.339996
2011-05-13,65.790001
2011-05-16,63.689999
2011-05-17,64.08000200000001
2011-05-18,66.91999799999999
2011-05-19,68.970001
2011-05-20,70.66999799999999
2011-05-23,67.75
2011-05-24,67.43
2011-05-25,70.440002
2011-05-26,74.510002
2011-05-27,73.32
2011-05-31,75.150002
2011-06-01,73.889999
2011-06-02,75.18
2011-06-03,74.230003
2011-06-06,71.58000200000001
2011-06-07,71.16999799999999
2011-06-08,66.790001
2011-06-09,68.860001
2011-06-10,66.620003
2011-06-13,66.699997
2011-06-14,68.650002
2011-06-15,65.209999
2011-06-16,63.18
2011-06-17,62.18
2011-06-20,62.0
2011-06-21,63.689999
2011-06-22,64.5
2011-06-23,65.900002
2011-06-24,66.16999799999999
2011-06-27,68.699997
2011-06-28,72.010002
2011-06-29,72.160004
2011-06-30,72.709999
2011-07-01,75.25
2011-07-05,75.879997
2011-07-06,74.57
2011-07-07,74.559998
2011-07-08,74.489998
2011-07-11,70.93
2011-07-12,69.480003
2011-07-13,70.050003
2011-07-14,68.660004
2011-07-15,67.589996
2011-07-18,66.900002
2011-07-19,69.32
2011-07-20,68.449997
2011-07-21,66.57
2011-07-22,66.900002
2011-07-25,66.440002
2011-07-26,64.949997
2011-07-27,61.599998
2011-07-28,60.32
2011-07-29,60.189999
2011-08-01,60.759997999999996
2011-08-02,63.099998
2011-08-03,64.129997
2011-08-04,58.84
2011-08-05,60.029999
2011-08-08,54.41
2011-08-09,57.630001
2011-08-10,57.330002
2011-08-11,61.939999
2011-08-12,60.360001000000004
2011-08-15,60.950001
2011-08-16,58.360001000000004
2011-08-17,57.279999
2011-08-18,52.799999
2011-08-19,50.630001
2011-08-22,49.849998
2011-08-23,52.950001
2011-08-24,54.470001
2011-08-25,51.779999
2011-08-26,53.25
2011-08-29,56.560001
2011-08-30,58.110001000000004
2011-08-31,57.98
2011-09-01,56.759997999999996
2011-09-02,54.02
2011-09-06,53.939999
2011-09-07,57.200001
2011-09-08,55.93
2011-09-09,53.209998999999996
2011-09-12,53.810001
2011-09-13,56.68
2011-09-14,59.119999
2011-09-15,59.43
2011-09-16,59.639998999999996
2011-09-19,62.900002
2011-09-20,61.869999
2011-09-21,60.84
2011-09-22,56.759997999999996
2011-09-23,55.66
2011-09-26,54.459998999999996
2011-09-27,55.52
2011-09-28,52.07
2011-09-29,46.59
2011-09-30,43.439999
2011-10-03,41.419998
2011-10-04,45.16
2011-10-05,45.040001000000004
2011-10-06,47.759997999999996
2011-10-07,55.02
2011-10-10,53.529999
2011-10-11,53.98
2011-10-12,56.110001000000004
2011-10-13,55.799999
2011-10-14,56.189999
2011-10-17,53.009997999999996
2011-10-18,52.689999
2011-10-19,49.040001000000004
2011-10-20,47.0
2011-10-21,48.82
2011-10-24,51.0
2011-10-25,48.040001000000004
2011-10-26,48.48
2011-10-27,51.450001
2011-10-28,54.91
2011-10-31,52.860001000000004
2011-11-01,49.849998
2011-11-02,50.720001
2011-11-03,52.029999
2011-11-04,51.959998999999996
2011-11-07,51.400002
2011-11-08,50.779999
2011-11-09,47.75
2011-11-10,46.73
2011-11-11,46.959998999999996
2011-11-14,46.07
2011-11-15,46.509997999999996
2011-11-16,46.540001000000004
2011-11-17,43.630001
2011-11-18,43.060001
2011-11-21,41.450001
2011-11-22,40.91
2011-11-23,39.240002000000004
2011-11-25,38.970001
2011-11-28,40.02
2011-11-29,38.049999
2011-11-30,38.330002
2011-12-01,40.57
2011-12-02,40.68
2011-12-05,40.75
2011-12-06,39.75
2011-12-07,37.950001
2011-12-08,35.400002
2011-12-09,37.860001000000004
2011-12-12,37.75
2011-12-13,36.77
2011-12-14,35.0
2011-12-15,35.169998
2011-12-16,35.439999
2011-12-19,34.169998
2011-12-20,35.599998
2011-12-21,33.900002
2011-12-22,35.560001
2011-12-23,35.610001000000004
2011-12-27,35.349998
2011-12-28,34.330002
2011-12-29,34.630001
2011-12-30,33.869999
2012-01-03,35.330002
2012-01-04,35.93
2012-01-05,37.970001
2012-01-06,38.759997999999996
2012-01-09,39.419998
2012-01-10,47.43
2012-01-11,46.82
2012-01-12,47.389998999999996
2012-01-13,49.57
2012-01-17,50.700001
2012-01-18,52.0
2012-01-19,53.59
2012-01-20,53.130001
2012-01-23,51.990002000000004
2012-01-24,53.59
2012-01-25,52.209998999999996
2012-01-26,53.25
2012-01-27,52.959998999999996
2012-01-30,51.549999
2012-01-31,52.790001000000004
2012-02-01,53.860001000000004
2012-02-02,53.52
2012-02-03,54.25
2012-02-06,54.77
2012-02-07,54.25
2012-02-08,54.669998
2012-02-09,53.599998
2012-02-10,55.439999
2012-02-13,59.459998999999996
2012-02-14,58.650002
2012-02-15,58.009997999999996
2012-02-16,60.43
2012-02-17,58.740002000000004
2012-02-21,56.990002000000004
2012-02-22,56.880001
2012-02-23,56.060001
2012-02-24,56.5
2012-02-27,57.18
2012-02-28,53.040001000000004
2012-02-29,52.630001
2012-03-01,54.799999
2012-03-02,54.240002000000004
2012-03-05,52.689999
2012-03-06,50.849998
2012-03-07,51.57
2012-03-08,53.490002000000004
2012-03-09,52.720001
2012-03-12,53.860001000000004
2012-03-13,55.0
2012-03-14,54.560001
2012-03-15,55.849998
2012-03-16,55.470001
2012-03-19,54.389998999999996
2012-03-20,54.25
2012-03-21,53.779999
2012-03-22,52.810001
2012-03-23,52.759997999999996
2012-03-26,54.900002
2012-03-27,53.939999
2012-03-28,52.0
2012-03-29,51.860001000000004
2012-03-30,52.049999
2012-04-02,53.77
2012-04-03,53.82
2012-04-04,51.77
2012-04-05,52.220001
2012-04-09,49.419998
2012-04-10,46.27
2012-04-11,49.049999
2012-04-12,49.709998999999996
2012-04-13,48.470001
2012-04-16,47.810001
2012-04-17,49.380001
2012-04-18,49.290001000000004
2012-04-19,50.099998
2012-04-20,50.130001
2012-04-23,47.77
2012-04-24,46.549999
2012-04-25,48.060001
2012-04-26,47.75
2012-04-27,49.02
2012-04-30,48.400002
2012-05-01,55.169998
2012-05-02,53.740002000000004
2012-05-03,51.450001
2012-05-04,49.82
2012-05-07,49.23
2012-05-08,49.529999
2012-05-09,48.57
2012-05-10,46.330002
2012-05-11,46.759997999999996
2012-05-14,44.290001000000004
2012-05-15,44.43
2012-05-16,43.18
2012-05-17,41.5
2012-05-18,41.560001
2012-05-21,43.32
2012-05-22,43.59
2012-05-23,44.290001000000004
2012-05-24,42.619999
2012-05-25,42.84
2012-05-29,45.720001
2012-05-30,43.790001000000004
2012-05-31,42.799999
2012-06-01,39.689999
2012-06-04,39.59
2012-06-05,42.43
2012-06-06,43.779999
2012-06-07,44.75
2012-06-08,44.470001
2012-06-11,42.099998
2012-06-12,43.5
2012-06-13,42.529999
2012-06-14,42.290001000000004
2012-06-15,43.330002
2012-06-18,42.959998999999996
2012-06-19,44.009997999999996
2012-06-20,44.959998999999996
2012-06-21,42.959998999999996
2012-06-22,42.470001
2012-06-25,41.060001
2012-06-26,42.25
2012-06-27,43.720001
2012-06-28,43.18
2012-06-29,43.59
2012-07-02,43.189999
2012-07-03,45.299999
2012-07-05,45.48
2012-07-06,43.779999
2012-07-09,42.48
2012-07-10,41.599998
2012-07-11,39.759997999999996
2012-07-12,40.830002
2012-07-13,41.619999
2012-07-16,41.150002
2012-07-17,41.5
2012-07-18,42.959998999999996
2012-07-19,44.220001
2012-07-20,44.220001
2012-07-23,43.98
2012-07-24,44.110001000000004
2012-07-25,45.110001000000004
2012-07-26,46.889998999999996
2012-07-27,49.970001
2012-07-30,48.349998
2012-07-31,51.830002
2012-08-01,54.080002
2012-08-02,54.799999
2012-08-03,57.240002000000004
2012-08-06,60.549999
2012-08-07,62.619999
2012-08-08,60.509997999999996
2012-08-09,60.439999
2012-08-10,59.779999
2012-08-13,60.68
2012-08-14,59.970001
2012-08-15,61.0
2012-08-16,62.110001000000004
2012-08-17,62.43
2012-08-20,61.849998
2012-08-21,61.639998999999996
2012-08-22,61.740002000000004
2012-08-23,61.549999
2012-08-24,61.900002
2012-08-27,62.75
2012-08-28,62.57
2012-08-29,62.610001000000004
2012-08-30,61.990002000000004
2012-08-31,61.490002000000004
2012-09-04,61.669998
2012-09-05,60.939999
2012-09-06,62.380001
2012-09-07,63.450001
2012-09-10,63.240002000000004
2012-09-11,63.669998
2012-09-12,64.589996
2012-09-13,64.389999
2012-09-14,65.379997
2012-09-17,63.580002
2012-09-18,64.349998
2012-09-19,62.279999
2012-09-20,58.200001
2012-09-21,59.009997999999996
2012-09-24,58.93
2012-09-25,57.040001000000004
2012-09-26,56.599998
2012-09-27,57.709998999999996
2012-09-28,57.299999
2012-10-01,57.509997999999996
2012-10-02,56.84
2012-10-03,55.799999
2012-10-04,56.5
2012-10-05,56.439999
2012-10-08,55.91
2012-10-09,54.75
2012-10-10,54.419998
2012-10-11,55.18
2012-10-12,55.48
2012-10-15,55.450001
2012-10-16,59.349998
2012-10-17,60.48
2012-10-18,59.25
2012-10-19,57.91
2012-10-22,59.139998999999996
2012-10-23,60.669998
2012-10-24,59.529999
2012-10-25,58.810001
2012-10-26,60.299999
2012-10-31,53.150002
2012-11-01,57.049999
2012-11-02,54.98
2012-11-05,55.490002000000004
2012-11-06,56.119999
2012-11-07,53.990002000000004
2012-11-08,53.66
2012-11-09,55.27
2012-11-12,56.110001000000004
2012-11-13,56.799999
2012-11-14,55.889998999999996
2012-11-15,55.5
2012-11-16,55.970001
2012-11-19,57.43
2012-11-20,56.900002
2012-11-21,57.810001
2012-11-23,58.57
2012-11-26,59.830002
2012-11-27,60.240002000000004
2012-11-28,60.139998999999996
2012-11-29,60.48
2012-11-30,59.099998
2012-12-03,59.599998
2012-12-04,60.580002
2012-12-05,59.849998
2012-12-06,60.619999
2012-12-07,59.599998
2012-12-10,60.84
2012-12-11,61.049999
2012-12-12,60.830002
2012-12-13,60.939999
2012-12-14,60.41
2012-12-17,62.48
2012-12-18,64.08000200000001
2012-12-19,65.529999
2012-12-20,65.68
2012-12-21,64.889999
2012-12-24,64.779999
2012-12-26,64.559998
2012-12-27,64.83000200000001
2012-12-28,64.839996
2012-12-31,66.650002
2013-01-02,68.139999
2013-01-03,67.720001
2013-01-04,64.379997
2013-01-07,64.519997
2013-01-08,65.480003
2013-01-09,65.43
2013-01-10,65.18
2013-01-11,66.230003
2013-01-14,68.959999
2013-01-15,68.510002
2013-01-16,68.599998
2013-01-17,68.120003
2013-01-18,66.650002
2013-01-22,67.370003
2013-01-23,66.860001
2013-01-24,67.5
2013-01-25,68.989998
2013-01-28,68.050003
2013-01-29,65.720001
2013-01-30,65.690002
2013-01-31,65.480003
2013-02-01,66.370003
2013-02-04,66.019997
2013-02-05,67.57
2013-02-06,67.389999
2013-02-07,66.989998
2013-02-08,67.220001
2013-02-11,67.25
2013-02-12,67.550003
2013-02-13,67.790001
2013-02-14,69.480003
2013-02-15,62.759997999999996
2013-02-19,62.119999
2013-02-20,60.709998999999996
2013-02-21,58.799999
2013-02-22,58.970001
2013-02-25,57.549999
2013-02-26,57.330002
2013-02-27,58.599998
2013-02-28,59.290001000000004
2013-03-01,60.110001000000004
2013-03-04,60.220001
2013-03-05,60.5
2013-03-06,59.529999
2013-03-07,60.810001
2013-03-08,60.57
2013-03-11,61.580002
2013-03-12,62.25
2013-03-13,62.68
2013-03-14,63.380001
2013-03-15,63.380001
2013-03-18,63.810001
2013-03-19,63.439999
2013-03-20,63.799999
2013-03-21,64.93
2013-03-22,65.269997
2013-03-25,65.58000200000001
2013-03-26,65.769997
2013-03-27,66.290001
2013-03-28,66.410004
2013-04-01,65.029999
2013-04-02,64.18
2013-04-03,64.410004
2013-04-04,63.290001000000004
2013-04-05,62.290001000000004
2013-04-08,62.099998
2013-04-09,62.560001
2013-04-10,63.5
2013-04-11,64.849998
2013-04-12,64.620003
2013-04-15,61.220001
2013-04-16,64.550003
2013-04-17,61.93
2013-04-18,61.330002
2013-04-19,62.290001000000004
2013-04-22,62.299999
2013-04-23,61.790001000000004
2013-04-24,62.400002
2013-04-25,62.02
2013-04-26,61.790001000000004
2013-04-29,61.560001
2013-04-30,63.57
2013-05-01,58.169998
2013-05-02,57.779999
2013-05-03,58.48
2013-05-06,59.619999
2013-05-07,59.830002
2013-05-08,60.029999
2013-05-09,61.060001
2013-05-10,61.040001000000004
2013-05-13,61.139998999999996
2013-05-14,60.98
2013-05-15,59.689999
2013-05-16,60.490002000000004
2013-05-17,61.779999
2013-05-20,59.16
2013-05-21,59.669998
2013-05-22,56.860001000000004
2013-05-23,55.68
2013-05-24,56.040001000000004
2013-05-28,56.110001000000004
2013-05-29,56.900002
2013-05-30,58.950001
2013-05-31,59.299999
2013-06-03,59.830002
2013-06-04,60.0
2013-06-05,59.27
2013-06-06,62.150002
2013-06-07,64.400002
2013-06-10,65.099998
2013-06-11,63.830002
2013-06-12,61.990002000000004
2013-06-13,62.919998
2013-06-14,62.049999
2013-06-17,62.189999
2013-06-18,63.139998999999996
2013-06-19,61.990002000000004
2013-06-20,60.18
2013-06-21,59.529999
2013-06-24,58.75
2013-06-25,59.470001
2013-06-26,59.32
2013-06-27,60.049999
2013-06-28,60.73
2013-07-01,60.689999
2013-07-02,59.259997999999996
2013-07-03,59.389998999999996
2013-07-05,61.099998
2013-07-08,59.029999
2013-07-09,61.09
2013-07-10,60.0
2013-07-11,58.279999
2013-07-12,58.52
2013-07-15,58.34
2013-07-16,57.610001000000004
2013-07-17,57.860001000000004
2013-07-18,58.619999
2013-07-19,59.599998
2013-07-22,60.450001
2013-07-23,60.73
2013-07-24,60.959998999999996
2013-07-25,61.25
2013-07-26,60.599998
2013-07-29,61.349998
2013-07-30,61.900002
2013-07-31,60.900002
2013-08-01,61.400002
2013-08-02,61.369999
2013-08-05,60.790001000000004
2013-08-06,58.459998999999996
2013-08-07,57.540001000000004
2013-08-08,57.599998
2013-08-09,57.57
2013-08-12,58.060001
2013-08-13,57.740002000000004
2013-08-14,57.52
2013-08-15,55.740002000000004
2013-08-16,55.41
2013-08-19,54.73
2013-08-20,55.650002
2013-08-21,55.720001
2013-08-22,56.669998
2013-08-23,56.639998999999996
2013-08-26,56.18
2013-08-27,54.959998999999996
2013-08-28,54.860001000000004
2013-08-29,54.450001
2013-08-30,53.759997999999996
2013-09-03,54.540001000000004
2013-09-04,56.490002000000004
2013-09-05,59.09
2013-09-06,59.139998999999996
2013-09-09,60.150002
2013-09-10,61.360001000000004
2013-09-11,61.049999
2013-09-12,61.02
2013-09-13,61.049999
2013-09-16,59.560001
2013-09-17,59.75
2013-09-18,59.709998999999996
2013-09-19,59.599998
2013-09-20,57.970001
2013-09-23,57.060001
2013-09-24,56.73
2013-09-25,57.310001
2013-09-26,58.27
2013-09-27,57.330002
2013-09-30,56.349998
2013-10-01,57.41
2013-10-02,58.360001000000004
2013-10-03,58.990002000000004
2013-10-04,61.389998999999996
2013-10-07,60.439999
2013-10-08,59.889998999999996
2013-10-09,60.25
2013-10-10,61.119999
2013-10-11,61.52
2013-10-14,61.700001
2013-10-15,61.400002
2013-10-16,61.59
2013-10-17,62.529999
2013-10-18,62.580002
2013-10-21,63.200001
2013-10-22,64.220001
2013-10-23,63.049999
2013-10-24,62.41
2013-10-25,63.650002
2013-10-28,64.269997
2013-10-29,64.860001
2013-10-30,64.809998
2013-10-31,66.269997
2013-11-01,60.099998
2013-11-04,60.240002000000004
2013-11-05,63.0
2013-11-06,63.0
2013-11-07,61.98
2013-11-08,64.800003
2013-11-11,67.769997
2013-11-12,69.68
2013-11-13,69.41999799999999
2013-11-14,68.019997
2013-11-15,68.260002
2013-11-18,70.639999
2013-11-19,71.32
2013-11-20,71.269997
2013-11-21,71.83000200000001
2013-11-22,72.660004
2013-11-25,75.099998
2013-11-26,73.150002
2013-11-27,71.75
2013-11-29,72.519997
2013-12-02,71.470001
2013-12-03,71.440002
2013-12-04,70.33000200000001
2013-12-05,71.779999
2013-12-06,71.529999
2013-12-09,71.230003
2013-12-10,72.800003
2013-12-11,71.629997
2013-12-12,71.489998
2013-12-13,72.629997
2013-12-16,74.33000200000001
2013-12-17,75.75
2013-12-18,75.769997
2013-12-19,76.739998
2013-12-20,77.550003
2013-12-23,78.160004
2013-12-24,77.730003
2013-12-26,75.849998
2013-12-27,76.239998
2013-12-30,76.949997
2013-12-31,77.610001
2014-01-02,76.160004
2014-01-03,75.110001
2014-01-06,74.41999799999999
2014-01-07,74.089996
2014-01-08,73.739998
2014-01-09,72.989998
2014-01-10,74.16999799999999
2014-01-13,71.379997
2014-01-14,72.540001
2014-01-15,74.279999
2014-01-16,74.099998
2014-01-17,74.300003
2014-01-21,72.900002
2014-01-22,73.83000200000001
2014-01-23,73.349998
2014-01-24,68.779999
2014-01-27,70.459999
2014-01-28,73.190002
2014-01-29,70.08000200000001
2014-01-30,66.940002
2014-01-31,66.870003
2014-02-03,64.290001
2014-02-04,65.629997
2014-02-05,68.540001
2014-02-06,69.269997
2014-02-07,68.389999
2014-02-10,68.07
2014-02-11,67.709999
2014-02-12,67.309998
2014-02-13,67.860001
2014-02-14,67.809998
2014-02-18,68.91999799999999
2014-02-19,69.389999
2014-02-20,68.480003
2014-02-21,66.860001
2014-02-24,67.480003
2014-02-25,67.940002
2014-02-26,68.18
2014-02-27,69.519997
2014-02-28,71.769997
2014-03-03,71.870003
2014-03-04,73.010002
2014-03-05,73.33000200000001
2014-03-06,72.900002
2014-03-07,73.0
2014-03-10,72.400002
2014-03-11,70.07
2014-03-12,69.089996
2014-03-13,67.83000200000001
2014-03-14,67.349998
2014-03-17,66.83000200000001
2014-03-18,68.75
2014-03-19,69.470001
2014-03-20,69.25
2014-03-21,69.339996
2014-03-24,68.760002
2014-03-25,68.839996
2014-03-26,68.589996
2014-03-27,67.82
2014-03-28,69.040001
2014-03-31,71.08000200000001
2014-04-01,72.989998
2014-04-02,74.43
2014-04-03,74.940002
2014-04-04,74.25
2014-04-07,74.449997
2014-04-08,74.199997
2014-04-09,74.849998
2014-04-10,73.209999
2014-04-11,73.980003
2014-04-14,74.349998
2014-04-15,73.790001
2014-04-16,74.410004
2014-04-17,74.730003
2014-04-21,73.0
2014-04-22,72.839996
2014-04-23,72.18
2014-04-24,70.879997
2014-04-25,67.949997
2014-04-28,68.199997
2014-04-29,64.349998
2014-04-30,64.629997
2014-05-01,63.470001
2014-05-02,63.400002
2014-05-05,64.269997
2014-05-06,62.740002000000004
2014-05-07,63.209998999999996
2014-05-08,62.919998
2014-05-09,61.639998999999996
2014-05-12,62.950001
2014-05-13,62.990002000000004
2014-05-14,61.75
2014-05-15,61.619999
2014-05-16,62.150002
2014-05-19,63.459998999999996
2014-05-20,62.439999
2014-05-21,62.82
2014-05-22,62.200001
2014-05-23,62.360001000000004
2014-05-27,63.380001
2014-05-28,62.959998999999996
2014-05-29,62.98
2014-05-30,63.099998
2014-06-02,63.139998999999996
2014-06-03,63.400002
2014-06-04,64.489998
2014-06-05,65.059998
2014-06-06,65.900002
2014-06-09,66.910004
2014-06-10,67.279999
2014-06-11,67.480003
2014-06-12,67.650002
2014-06-13,67.589996
2014-06-16,67.25
2014-06-17,68.0
2014-06-18,69.220001
2014-06-19,68.550003
2014-06-20,68.730003
2014-06-23,68.25
2014-06-24,67.510002
2014-06-25,67.970001
2014-06-26,67.57
2014-06-27,67.779999
2014-06-30,68.800003
2014-07-01,68.83000200000001
2014-07-02,68.120003
2014-07-03,68.5
2014-07-07,67.480003
2014-07-08,66.160004
2014-07-09,65.699997
2014-07-10,64.860001
2014-07-11,64.339996
2014-07-14,64.410004
2014-07-15,64.720001
2014-07-16,64.129997
2014-07-17,62.599998
2014-07-18,62.459998999999996
2014-07-21,62.220001
2014-07-22,62.16
2014-07-23,62.700001
2014-07-24,62.900002
2014-07-25,62.849998
2014-07-28,62.950001
2014-07-29,71.160004
2014-07-30,68.18
2014-07-31,67.349998
2014-08-01,67.410004
2014-08-04,67.519997
2014-08-05,67.400002
2014-08-06,67.730003
2014-08-07,67.07
2014-08-08,66.739998
2014-08-11,68.190002
2014-08-12,67.699997
2014-08-13,68.029999
2014-08-14,68.940002
2014-08-15,68.610001
2014-08-18,69.339996
2014-08-19,70.709999
2014-08-20,71.83000200000001
2014-08-21,71.209999
2014-08-22,70.370003
2014-08-25,70.690002
2014-08-26,70.800003
2014-08-27,69.309998
2014-08-28,68.940002
2014-08-29,68.68
2014-09-02,68.290001
2014-09-03,69.029999
2014-09-04,68.989998
2014-09-05,67.93
2014-09-08,67.889999
2014-09-09,67.050003
2014-09-10,67.41999799999999
2014-09-11,68.809998
2014-09-12,69.199997
2014-09-15,68.66999799999999
2014-09-16,67.620003
2014-09-17,67.41999799999999
2014-09-18,68.16999799999999
2014-09-19,69.099998
2014-09-22,68.110001
2014-09-23,67.16999799999999
2014-09-24,67.620003
2014-09-25,66.940002
2014-09-26,67.900002
2014-09-29,67.660004
2014-09-30,68.779999
2014-10-01,67.68
2014-10-02,68.550003
2014-10-03,69.239998
2014-10-06,69.349998
2014-10-07,66.860001
2014-10-08,66.589996
2014-10-09,64.290001
2014-10-10,62.080002
2014-10-13,61.919998
2014-10-14,61.919998
2014-10-15,62.610001000000004
2014-10-16,63.5
2014-10-17,64.739998
2014-10-20,65.339996
2014-10-21,67.389999
2014-10-22,65.860001
2014-10-23,66.800003
2014-10-24,66.75
2014-10-27,66.349998
2014-10-28,69.43
2014-10-29,70.279999
2014-10-30,71.959999
2014-10-31,73.410004
2014-11-03,74.230003
2014-11-04,73.5
2014-11-05,73.269997
2014-11-06,73.57
2014-11-07,72.83000200000001
2014-11-10,73.440002
2014-11-11,73.110001
2014-11-12,72.910004
2014-11-13,71.980003
2014-11-14,71.83000200000001
2014-11-17,70.699997
2014-11-18,70.809998
2014-11-19,71.150002
2014-11-20,72.620003
2014-11-21,73.160004
2014-11-24,72.32
2014-11-25,72.660004
2014-11-26,72.949997
2014-11-28,72.089996
2014-12-01,71.41999799999999
2014-12-02,72.0
2014-12-03,76.099998
2014-12-04,76.650002
2014-12-05,76.550003
2014-12-08,76.160004
2014-12-09,76.339996
2014-12-10,73.610001
2014-12-11,74.019997
2014-12-12,75.129997
2014-12-15,73.0
2014-12-16,71.099998
2014-12-17,71.25
2014-12-18,73.470001
2014-12-19,75.099998
2014-12-22,76.650002
2014-12-23,74.839996
2014-12-24,75.139999
2014-12-26,75.309998
2014-12-29,76.16999799999999
2014-12-30,75.860001
2014-12-31,74.91999799999999
2015-01-02,73.980003
2015-01-05,73.5
2015-01-06,73.269997
2015-01-07,73.199997
2015-01-08,73.559998
2015-01-09,72.239998
2015-01-12,71.059998
2015-01-13,71.18
2015-01-14,71.019997
2015-01-15,71.489998
2015-01-16,72.970001
2015-01-20,73.620003
2015-01-21,74.040001
2015-01-22,74.269997
2015-01-23,75.0
2015-01-26,75.860001
2015-01-27,73.470001
2015-01-28,73.82
2015-01-29,74.660004
2015-01-30,74.639999
2015-02-02,75.949997
2015-02-03,77.489998
2015-02-04,78.970001
2015-02-05,79.099998
2015-02-06,81.900002
2015-02-09,85.239998
2015-02-10,86.699997
2015-02-11,87.150002
2015-02-12,87.199997
2015-02-13,87.260002
2015-02-17,89.370003
2015-02-18,88.110001
2015-02-19,88.300003
2015-02-20,93.279999
2015-02-23,96.610001
2015-02-24,96.639999
2015-02-25,97.650002
2015-02-26,98.41999799999999
2015-02-27,95.900002
2015-03-02,96.16999799999999
2015-03-03,97.989998
2015-03-04,97.349998
2015-03-05,97.82
2015-03-06,95.800003
2015-03-09,96.900002
2015-03-10,96.540001
2015-03-11,98.16999799999999
2015-03-12,99.220001
2015-03-13,97.989998
2015-03-16,99.459999
2015-03-17,99.209999
2015-03-18,99.519997
2015-03-19,99.93
2015-03-20,100.0
2015-03-23,96.08000200000001
2015-03-24,95.58000200000001
2015-03-25,91.989998
2015-03-26,91.470001
2015-03-27,92.07
2015-03-30,95.809998
2015-03-31,92.699997
2015-04-01,91.940002
2015-04-02,91.650002
2015-04-06,92.480003
2015-04-07,93.660004
2015-04-08,94.239998
2015-04-09,96.029999
2015-04-10,98.519997
2015-04-13,99.260002
2015-04-14,96.739998
2015-04-15,99.25
2015-04-16,97.980003
2015-04-17,94.989998
2015-04-20,96.620003
2015-04-21,96.139999
2015-04-22,97.599998
2015-04-23,96.540001
2015-04-24,94.5
2015-04-27,94.540001
2015-04-28,92.82
2015-04-29,92.489998
2015-04-30,88.58000200000001
2015-05-01,90.620003
2015-05-04,92.440002
2015-05-05,91.370003
2015-05-06,91.889999
2015-05-07,92.949997
2015-05-08,94.16999799999999
2015-05-11,93.82
2015-05-12,93.82
2015-05-13,95.150002
2015-05-14,96.699997
2015-05-15,95.010002
2015-05-18,97.33000200000001
2015-05-19,97.510002
2015-05-20,96.370003
2015-05-21,96.870003
2015-05-22,96.489998
2015-05-26,94.91999799999999
2015-05-27,96.5
2015-05-28,95.360001
2015-05-29,94.839996
2015-06-01,96.410004
2015-06-02,96.68
2015-06-03,98.010002
2015-06-04,97.589996
2015-06-05,98.550003
2015-06-08,94.75
2015-06-09,93.970001
2015-06-10,95.730003
2015-06-11,94.540001
2015-06-12,92.849998
2015-06-15,91.839996
2015-06-16,91.550003
2015-06-17,91.199997
2015-06-18,91.510002
2015-06-19,92.900002
2015-06-22,93.309998
2015-06-23,94.230003
2015-06-24,89.709999
2015-06-25,85.879997
2015-06-26,84.129997
2015-06-29,82.260002
2015-06-30,85.18
2015-07-01,84.660004
2015-07-02,82.91999799999999
2015-07-06,82.989998
2015-07-07,84.360001
2015-07-08,81.349998
2015-07-09,83.0
2015-07-10,83.639999
2015-07-13,83.559998
2015-07-14,84.980003
2015-07-15,83.83000200000001
2015-07-16,85.120003
2015-07-17,81.690002
2015-07-20,80.389999
2015-07-21,80.260002
2015-07-22,80.620003
2015-07-23,81.400002
2015-07-24,80.209999
2015-07-27,79.860001
2015-07-28,89.709999
2015-07-29,93.300003
2015-07-30,92.559998
2015-07-31,92.220001
2015-08-03,92.339996
2015-08-04,92.5
2015-08-05,93.68
2015-08-06,94.949997
2015-08-07,94.150002
2015-08-10,95.019997
2015-08-11,94.089996
2015-08-12,91.690002
2015-08-13,91.25
2015-08-14,91.879997
2015-08-17,92.010002
2015-08-18,91.269997
2015-08-19,91.629997
2015-08-20,87.599998
2015-08-21,84.18
2015-08-24,81.809998
2015-08-25,81.599998
2015-08-26,84.769997
2015-08-27,85.809998
2015-08-28,85.879997
2015-08-31,84.41999799999999
2015-09-01,81.58000200000001
2015-09-02,83.83000200000001
2015-09-03,82.43
2015-09-04,80.980003
2015-09-08,83.279999
2015-09-09,82.980003
2015-09-10,82.489998
2015-09-11,84.120003
2015-09-14,82.589996
2015-09-15,81.440002
2015-09-16,81.980003
2015-09-17,81.980003
2015-09-18,82.559998
2015-09-21,81.58000200000001
2015-09-22,80.639999
2015-09-23,79.75
2015-09-24,77.550003
2015-09-25,75.629997
2015-09-28,72.339996
2015-09-29,74.550003
2015-09-30,75.970001
2015-10-01,77.110001
2015-10-02,77.300003
2015-10-05,79.08000200000001
2015-10-06,79.190002
2015-10-07,81.529999
2015-10-08,81.870003
2015-10-09,81.599998
2015-10-12,80.440002
2015-10-13,76.290001
2015-10-14,75.779999
2015-10-15,78.410004
2015-10-16,77.110001
2015-10-19,75.279999
2015-10-20,75.040001
2015-10-21,73.120003
2015-10-22,75.089996
2015-10-23,77.209999
2015-10-26,75.099998
2015-10-27,79.41999799999999
2015-10-28,83.889999
2015-10-29,80.690002
2015-10-30,82.620003
2015-11-02,86.349998
2015-11-03,86.089996
2015-11-04,87.099998
2015-11-05,86.690002
2015-11-06,88.199997
2015-11-09,89.040001
2015-11-10,88.989998
2015-11-11,90.800003
2015-11-12,86.720001
2015-11-13,85.57
2015-11-16,85.91999799999999
2015-11-17,86.309998
2015-11-18,88.809998
2015-11-19,89.510002
2015-11-20,90.779999
2015-11-23,89.82
2015-11-24,89.900002
2015-11-25,89.760002
2015-11-27,91.779999
2015-11-30,91.190002
2015-12-01,92.120003
2015-12-02,93.589996
2015-12-03,92.059998
2015-12-04,92.139999
2015-12-07,91.790001
2015-12-08,91.879997
2015-12-09,89.66999799999999
2015-12-10,89.089996
2015-12-11,88.290001
2015-12-14,88.25
2015-12-15,90.32
2015-12-16,90.529999
2015-12-17,90.120003
2015-12-18,88.559998
2015-12-21,89.16999799999999
2015-12-22,89.550003
2015-12-23,91.400002
2015-12-24,91.459999
2015-12-28,91.41999799999999
2015-12-29,91.790001
2015-12-30,90.360001
2015-12-31,89.160004
2016-01-04,85.839996
2016-01-05,83.389999
2016-01-06,80.93
2016-01-07,78.099998
2016-01-08,79.800003
2016-01-11,79.470001
2016-01-12,83.019997
2016-01-13,81.349998
2016-01-14,82.949997
2016-01-15,81.040001
2016-01-19,81.019997
2016-01-20,79.839996
2016-01-21,79.760002
2016-01-22,81.489998
2016-01-25,79.93
2016-01-26,80.900002
2016-01-27,79.470001
2016-01-28,77.449997
2016-01-29,80.83000200000001
2016-02-01,80.839996
2016-02-02,79.940002
2016-02-03,80.93
2016-02-04,82.309998
2016-02-05,80.32
2016-02-08,81.360001
2016-02-09,82.059998
2016-02-10,81.589996
2016-02-11,81.529999
2016-02-12,76.07
2016-02-16,79.489998
2016-02-17,82.730003
2016-02-18,81.900002
2016-02-19,81.599998
2016-02-22,81.970001
2016-02-23,81.93
2016-02-24,82.449997
2016-02-25,83.059998
2016-02-26,83.629997
2016-02-29,82.459999
2016-03-01,84.089996
2016-03-02,84.940002
2016-03-03,86.33000200000001
2016-03-04,88.400002
2016-03-07,89.57
2016-03-08,88.760002
2016-03-09,89.5
2016-03-10,89.160004
2016-03-11,90.940002
2016-03-14,91.040001
2016-03-15,89.029999
2016-03-16,90.949997
2016-03-17,92.959999
2016-03-18,94.690002
2016-03-21,93.699997
2016-03-22,93.610001
2016-03-23,92.66999799999999
2016-03-24,94.519997
2016-03-28,95.41999799999999
2016-03-29,97.010002
2016-03-30,96.339996
2016-03-31,96.08000200000001
2016-04-01,95.989998
2016-04-04,95.010002
2016-04-05,94.32
2016-04-06,94.510002
2016-04-07,93.889999
2016-04-08,94.010002
2016-04-11,93.790001
2016-04-12,94.230003
2016-04-13,98.559998
2016-04-14,97.849998
2016-04-15,96.139999
2016-04-18,97.360001
2016-04-19,97.57
2016-04-20,98.980003
2016-04-21,98.010002
2016-04-22,99.449997
2016-04-25,98.550003
2016-04-26,101.019997
2016-04-27,102.690002
2016-04-28,86.470001
2016-04-29,86.66999799999999
2016-05-02,86.589996
2016-05-03,85.57
2016-05-04,84.599998
2016-05-05,83.879997
2016-05-06,83.769997
2016-05-09,84.529999
2016-05-10,85.769997
2016-05-11,84.480003
2016-05-12,83.190002
2016-05-13,82.139999
2016-05-16,82.83000200000001
2016-05-17,80.809998
2016-05-18,81.610001
2016-05-19,81.110001
2016-05-20,82.370003
2016-05-23,82.910004
2016-05-24,84.66999799999999
2016-05-25,85.199997
2016-05-26,85.470001
2016-05-27,86.489998
2016-05-31,86.379997
2016-06-01,87.870003
2016-06-02,87.989998
2016-06-03,87.809998
2016-06-06,87.480003
2016-06-07,87.230003
2016-06-08,87.099998
2016-06-09,86.33000200000001
2016-06-10,84.690002
2016-06-13,83.699997
2016-06-14,84.860001
2016-06-15,84.540001
2016-06-16,84.110001
2016-06-17,83.559998
2016-06-20,85.529999
2016-06-21,84.040001
2016-06-22,83.370003
2016-06-23,84.559998
2016-06-24,80.08000200000001
2016-06-27,76.5
2016-06-28,77.730003
2016-06-29,79.599998
2016-06-30,80.0
2016-07-01,79.940002
2016-07-05,78.18
2016-07-06,77.839996
2016-07-07,78.010002
2016-07-08,79.699997
2016-07-11,79.889999
2016-07-12,81.300003
2016-07-13,81.139999
2016-07-14,81.620003
2016-07-15,81.18
2016-07-18,81.910004
2016-07-19,82.519997
2016-07-20,84.099998
2016-07-21,83.43
2016-07-22,84.279999
2016-07-25,84.400002
2016-07-26,84.110001
2016-07-27,84.260002
2016-07-28,84.25
2016-07-29,84.290001
2016-08-01,84.739998
2016-08-02,82.989998
2016-08-03,83.260002
2016-08-04,83.790001
2016-08-05,85.660004
2016-08-08,85.300003
2016-08-09,85.150002
2016-08-10,84.93
2016-08-11,84.910004
2016-08-12,85.099998
2016-08-15,85.849998
2016-08-16,85.639999
2016-08-17,83.860001
2016-08-18,84.529999
2016-08-19,85.18
2016-08-22,85.050003
2016-08-23,85.370003
2016-08-24,86.269997
2016-08-25,87.269997
2016-08-26,87.050003
2016-08-29,87.25
2016-08-30,87.389999
2016-08-31,86.980003
2016-09-01,86.889999
2016-09-02,86.910004
2016-09-06,87.099998
2016-09-07,86.879997
2016-09-08,85.910004
2016-09-09,82.779999
2016-09-12,82.959999
2016-09-13,80.970001
2016-09-14,81.08000200000001
2016-09-15,82.43
2016-09-16,81.110001
2016-09-19,81.879997
2016-09-20,80.739998
2016-09-21,81.239998
2016-09-22,82.730003
2016-09-23,82.83000200000001
2016-09-26,82.519997
2016-09-27,83.029999
2016-09-28,83.269997
2016-09-29,81.5
2016-09-30,82.349998
2016-10-03,82.059998
2016-10-04,81.790001
2016-10-05,83.379997
2016-10-06,85.0
2016-10-07,84.959999
2016-10-10,85.389999
2016-10-11,83.449997
2016-10-12,83.349998
2016-10-13,82.050003
2016-10-14,83.18
2016-10-17,82.809998
2016-10-18,82.58000200000001
2016-10-19,83.160004
2016-10-20,83.089996
2016-10-21,83.059998
2016-10-24,83.870003
2016-10-25,84.389999
2016-10-26,84.879997
2016-10-27,94.099998
2016-10-28,96.940002
2016-10-31,97.010002
2016-11-01,95.260002
2016-11-02,93.879997
2016-11-03,93.610001
2016-11-04,93.860001
2016-11-07,96.019997
2016-11-08,94.760002
2016-11-09,96.699997
2016-11-10,94.839996
2016-11-11,94.989998
2016-11-14,94.199997
2016-11-15,94.540001
2016-11-16,95.029999
2016-11-17,96.08000200000001
2016-11-18,95.980003
2016-11-21,97.599998
2016-11-22,97.110001
2016-11-23,97.120003
2016-11-25,97.41999799999999
2016-11-28,97.269997
2016-11-29,96.260002
2016-11-30,95.91999799999999
2016-12-01,94.07
2016-12-02,95.059998
2016-12-05,97.160004
2016-12-06,97.800003
2016-12-07,98.160004
2016-12-08,99.440002
2016-12-09,99.559998
2016-12-12,99.470001
2016-12-13,100.559998
2016-12-14,99.32
2016-12-15,99.099998
2016-12-16,97.300003
2016-12-19,98.66999799999999
2016-12-20,100.279999
2016-12-21,99.989998
2016-12-22,101.43
2016-12-23,99.650002
2016-12-27,102.029999
2016-12-28,99.519997
2016-12-29,99.599998
2016-12-30,98.709999
2017-01-03,98.779999
2017-01-04,100.07
2017-01-05,95.910004
2017-01-06,95.150002
2017-01-09,97.82
2017-01-10,97.57
2017-01-11,98.75
2017-01-12,99.220001
2017-01-13,100.150002
2017-01-17,99.75
2017-01-18,100.83000200000001
2017-01-19,100.769997
2017-01-20,102.33000200000001
2017-01-23,101.959999
2017-01-24,106.110001
2017-01-25,108.019997
2017-01-26,106.160004
2017-01-27,104.470001
2017-01-30,113.58000200000001
2017-01-31,114.989998
2017-02-01,114.190002
2017-02-02,113.209999
2017-02-03,114.480003
2017-02-06,113.400002
2017-02-07,114.370003
2017-02-08,113.260002
2017-02-09,116.059998
2017-02-10,116.379997
2017-02-13,116.08000200000001
2017-02-14,117.019997
2017-02-15,121.75
2017-02-16,118.470001
2017-02-17,119.5
2017-02-21,121.809998
2017-02-22,120.82
2017-02-23,119.879997
2017-02-24,120.389999
2017-02-27,120.879997
2017-02-28,118.300003
2017-03-01,120.75
2017-03-02,118.709999
2017-03-03,118.82
2017-03-06,117.91999799999999
2017-03-07,118.110001
2017-03-08,118.980003
2017-03-09,118.57
2017-03-10,119.550003
2017-03-13,118.660004
2017-03-14,118.290001
2017-03-15,119.440002
2017-03-16,120.160004
2017-03-17,121.459999
2017-03-20,121.089996
2017-03-21,116.940002
2017-03-22,118.449997
2017-03-23,118.550003
2017-03-24,119.029999
2017-03-27,118.629997
2017-03-28,120.010002
2017-03-29,119.900002
2017-03-30,119.91999799999999
2017-03-31,120.699997
2017-04-03,119.440002
2017-04-04,119.239998
2017-04-05,118.349998
2017-04-06,120.150002
2017-04-07,120.980003
2017-04-10,120.82
2017-04-11,119.959999
2017-04-12,117.510002
2017-04-13,117.16999799999999
2017-04-17,117.860001
2017-04-18,118.610001
2017-04-19,119.459999
2017-04-20,121.099998
2017-04-21,120.550003
2017-04-24,124.459999
2017-04-25,125.75
2017-04-26,125.110001
2017-04-27,127.040001
2017-04-28,126.32
2017-05-01,126.620003
2017-05-02,136.199997
2017-05-03,135.360001
2017-05-04,133.509995
2017-05-05,133.740005
2017-05-08,134.41000400000001
2017-05-09,134.309998
2017-05-10,135.600006
2017-05-11,138.179993
2017-05-12,138.649994
2017-05-15,142.649994
2017-05-16,141.58999599999999
2017-05-17,135.639999
2017-05-18,134.96000700000002
2017-05-19,135.970001
2017-05-22,136.889999
2017-05-23,138.440002
2017-05-24,139.559998
2017-05-25,137.990005
2017-05-26,139.279999
2017-05-30,139.779999
2017-05-31,139.03999299999998
2017-06-01,140.639999
2017-06-02,142.0
2017-06-05,141.059998
2017-06-06,143.970001
2017-06-07,144.889999
2017-06-08,145.66000400000001
2017-06-09,142.570007
2017-06-12,138.759995
2017-06-13,141.449997
2017-06-14,140.369995
2017-06-15,138.449997
2017-06-16,140.270004
2017-06-19,144.380005
2017-06-20,142.059998
2017-06-21,143.08999599999999
2017-06-22,143.570007
2017-06-23,146.830002
2017-06-26,148.029999
2017-06-27,145.570007
2017-06-28,146.490005
2017-06-29,144.199997
2017-06-30,145.100006
2017-07-03,145.080002
2017-07-05,148.369995
2017-07-06,147.509995
2017-07-07,150.630005
2017-07-10,151.279999
2017-07-11,150.669998
2017-07-12,151.740005
2017-07-13,152.020004
2017-07-14,155.5
2017-07-17,153.809998
2017-07-18,149.78999299999998
2017-07-19,151.080002
2017-07-20,151.440002
2017-07-21,152.440002
2017-07-24,155.630005
2017-07-25,157.050003
2017-07-26,157.300003
2017-07-27,153.919998
2017-07-28,154.050003
2017-07-31,152.639999
2017-08-01,166.389999
2017-08-02,162.169998
2017-08-03,159.619995
2017-08-04,160.740005
2017-08-07,162.600006
2017-08-08,163.630005
2017-08-09,165.330002
2017-08-10,164.669998
2017-08-11,163.929993
2017-08-14,167.809998
2017-08-15,168.570007
2017-08-16,169.119995
2017-08-17,165.050003
2017-08-18,165.899994
2017-08-21,165.21000700000002
2017-08-22,165.979996
2017-08-23,165.649994
2017-08-24,165.490005
2017-08-25,167.399994
2017-08-28,169.770004
2017-08-29,169.809998
2017-08-30,172.08999599999999
2017-08-31,175.78999299999998
2017-09-01,175.029999
2017-09-05,171.919998
2017-09-06,172.830002
2017-09-07,173.41000400000001
2017-09-08,173.779999
2017-09-11,177.100006
2017-09-12,177.990005
2017-09-13,179.199997
2017-09-14,179.919998
2017-09-15,180.229996
2017-09-18,183.169998
2017-09-19,184.220001
2017-09-20,184.199997
2017-09-21,183.199997
2017-09-22,187.360001
2017-09-25,181.020004
2017-09-26,182.080002
2017-09-27,184.229996
2017-09-28,183.679993
2017-09-29,185.059998
2017-10-02,186.759995
2017-10-03,187.490005
2017-10-04,189.919998
2017-10-05,191.130005
2017-10-06,192.830002
2017-10-09,193.979996
2017-10-10,192.860001
2017-10-11,194.630005
2017-10-12,196.639999
2017-10-13,198.100006
2017-10-16,198.690002
2017-10-17,200.979996
2017-10-18,203.0
2017-10-19,200.83999599999999
2017-10-20,202.550003
2017-10-23,205.71000700000002
2017-10-24,209.46000700000002
2017-10-25,206.96000700000002
2017-10-26,208.75
2017-10-27,208.300003
2017-10-30,207.619995
2017-10-31,212.91000400000001
2017-11-01,206.440002
2017-11-02,207.33999599999999
2017-11-03,213.86000099999998
2017-11-06,219.25
2017-11-07,221.42999300000002
2017-11-08,221.789993
2017-11-09,218.72000099999997
2017-11-10,223.52999900000003
2017-11-13,224.690002
2017-11-14,226.270004
2017-11-15,227.11000099999998
2017-11-16,233.270004
2017-11-17,237.229996
2017-11-20,240.5
2017-11-21,246.27999900000003
2017-11-22,239.479996
2017-11-24,242.05000299999998
2017-11-27,240.649994
2017-11-28,241.42999300000002
2017-11-29,228.13000499999998
2017-11-30,228.979996
2017-12-01,224.13000499999998
2017-12-04,200.800003
2017-12-05,202.979996
2017-12-06,202.649994
2017-12-07,207.330002
2017-12-08,205.259995
2017-12-11,206.649994
2017-12-12,204.979996
2017-12-13,205.059998
2017-12-14,205.53999299999998
2017-12-15,208.059998
2017-12-18,212.649994
2017-12-19,213.13999900000002
2017-12-20,211.80000299999998
2017-12-21,211.92999300000002
2017-12-22,213.11999500000002
2017-12-26,213.17999300000002
2017-12-27,214.61000099999998
2017-12-28,215.25
2017-12-29,214.13000499999998
2018-01-02,222.33999599999999
2018-01-03,233.24000499999997
2018-01-04,236.809998
2018-01-05,242.33999599999999
2018-01-08,258.839996
2018-01-09,256.200012
2018-01-10,254.52999900000003
2018-01-11,258.329987
2018-01-12,258.269989
2018-01-16,260.290009
2018-01-17,260.950012
2018-01-18,260.75
2018-01-19,263.049988
2018-01-22,260.75
2018-01-23,263.339996
2018-01-24,255.729996
2018-01-25,257.640015
2018-01-26,259.73999
2018-01-29,255.94999700000002
2018-01-30,252.770004
2018-01-31,251.94999700000002
2018-02-01,252.080002
2018-02-02,246.75
2018-02-05,234.24000499999997
2018-02-06,242.539993
2018-02-07,237.649994
2018-02-08,226.979996
2018-02-09,232.440002
2018-02-12,239.399994
2018-02-13,243.69999700000002
2018-02-14,252.460007
2018-02-15,259.070007
2018-02-16,239.36000099999998
2018-02-20,239.08999599999999
2018-02-21,247.94999700000002
2018-02-22,239.72000099999997
2018-02-23,242.169998
2018-02-26,248.11000099999998
2018-02-27,245.649994
2018-02-28,245.63999900000002
2018-03-01,243.960007
2018-03-02,244.80000299999998
2018-03-05,235.979996
2018-03-06,241.440002
2018-03-07,242.75999500000003
2018-03-08,243.80000299999998
2018-03-09,249.27999900000003
2018-03-12,254.72000099999997
2018-03-13,255.55000299999998
2018-03-14,253.27999900000003
2018-03-15,249.190002
2018-03-16,246.899994
2018-03-19,247.419998
2018-03-20,252.63000499999998
2018-03-21,251.080002
2018-03-22,239.729996
2018-03-23,231.41000400000001
2018-03-26,240.5
2018-03-27,229.75999500000003
2018-03-28,225.77999900000003
2018-03-29,233.38000499999998
2018-04-02,224.919998
2018-04-03,231.75
2018-04-04,224.19999700000002
2018-04-05,228.99000499999997
2018-04-06,222.47000099999997
2018-04-09,222.899994
2018-04-10,229.33999599999999
2018-04-11,229.770004
2018-04-12,227.580002
2018-04-13,230.36000099999998
2018-04-16,232.47000099999997
2018-04-17,235.63999900000002
2018-04-18,236.36999500000002
2018-04-19,231.08999599999999
2018-04-20,232.13000499999998
2018-04-23,225.63000499999998
2018-04-24,217.940002
2018-04-25,214.08999599999999
2018-04-26,215.66000400000001
2018-04-27,212.0
2018-04-30,213.02999900000003
2018-05-01,233.289993
2018-05-02,226.42999300000002
2018-05-03,229.86000099999998
2018-05-04,233.36000099999998
2018-05-07,233.979996
2018-05-08,233.97000099999997
2018-05-09,244.5
2018-05-10,251.100006
2018-05-11,251.47000099999997
2018-05-14,252.979996
2018-05-15,251.770004
2018-05-16,252.47000099999997
2018-05-17,246.74000499999997
2018-05-18,242.460007
2018-05-21,245.66000400000001
2018-05-22,245.020004
2018-05-23,246.16000400000001
2018-05-24,248.169998
2018-05-25,249.940002
2018-05-29,248.61999500000002
2018-05-30,245.97000099999997
2018-05-31,241.270004
2018-06-01,246.979996
2018-06-04,252.80000299999998
2018-06-05,256.25
2018-06-06,260.859985
2018-06-07,248.479996
2018-06-08,248.94999700000002
2018-06-11,245.33999599999999
2018-06-12,244.27999900000003
2018-06-13,241.33999599999999
2018-06-14,241.16000400000001
2018-06-15,240.979996
2018-06-18,243.83999599999999
2018-06-19,239.38000499999998
2018-06-20,239.08999599999999
2018-06-21,234.649994
2018-06-22,234.25
2018-06-25,219.91000400000001
2018-06-26,222.330002
2018-06-27,215.190002
2018-06-28,213.80000299999998
2018-06-29,220.63000499999998
2018-07-02,222.559998
2018-07-03,218.5
2018-07-05,222.789993
2018-07-06,225.270004
2018-07-09,229.539993
2018-07-10,233.75999500000003
2018-07-11,222.27999900000003
2018-07-12,231.19999700000002
2018-07-13,232.88000499999998
2018-07-16,234.080002
2018-07-17,239.479996
2018-07-18,242.52999900000003
2018-07-19,239.86000099999998
2018-07-20,238.07000699999998
2018-07-23,238.00999500000003
2018-07-24,233.88999900000002
2018-07-25,239.88999900000002
2018-07-26,240.16000400000001
2018-07-27,235.61999500000002
2018-07-30,224.30000299999998
2018-07-31,164.03999299999998
2018-08-01,165.559998
2018-08-02,170.279999
2018-08-03,170.46000700000002
2018-08-06,172.78999299999998
2018-08-07,172.300003
2018-08-08,165.33999599999999
2018-08-09,164.639999
2018-08-10,162.470001
2018-08-13,162.580002
2018-08-14,164.529999
2018-08-15,161.71000700000002
2018-08-16,163.809998
2018-08-17,162.059998
2018-08-20,162.270004
2018-08-21,164.21000700000002
2018-08-22,166.770004
2018-08-23,165.91000400000001
2018-08-24,166.91000400000001
2018-08-27,168.009995
2018-08-28,170.66000400000001
2018-08-29,171.199997
2018-08-30,172.729996
2018-08-31,175.479996
2018-09-04,168.800003
2018-09-05,161.080002
2018-09-06,157.0
2018-09-07,157.470001
2018-09-10,157.720001
2018-09-11,155.729996
2018-09-12,157.440002
2018-09-13,158.229996
2018-09-14,159.41000400000001
2018-09-17,157.559998
2018-09-18,159.690002
2018-09-19,160.559998
2018-09-20,162.559998
2018-09-21,169.33999599999999
2018-09-24,164.41000400000001
2018-09-25,161.46000700000002
2018-09-26,155.46000700000002
2018-09-27,158.809998
2018-09-28,156.070007
2018-10-01,155.619995
2018-10-02,155.5
2018-10-03,157.419998
2018-10-04,154.020004
2018-10-05,132.759995
2018-10-08,135.429993
2018-10-09,134.770004
2018-10-10,131.75
2018-10-11,131.860001
2018-10-12,137.580002
2018-10-15,135.690002
2018-10-16,140.380005
2018-10-17,139.940002
2018-10-18,138.570007
2018-10-19,132.259995
2018-10-22,130.800003
2018-10-23,132.28999299999998
2018-10-24,129.630005
2018-10-25,133.309998
2018-10-26,134.759995
2018-10-29,131.330002
2018-10-30,141.800003
2018-10-31,133.550003
2018-11-01,141.690002
2018-11-02,145.830002
2018-11-05,141.179993
2018-11-06,141.389999
2018-11-07,143.149994
2018-11-08,140.990005
2018-11-09,137.78999299999998
2018-11-12,129.110001
2018-11-13,132.850006
2018-11-14,134.949997
2018-11-15,138.75
2018-11-16,138.479996
2018-11-19,136.130005
2018-11-20,132.949997
2018-11-21,134.03999299999998
2018-11-23,137.740005
2018-11-26,141.130005
2018-11-27,140.850006
2018-11-28,143.639999
2018-11-29,141.28999299999998
2018-11-30,142.149994
2018-12-03,148.169998
2018-12-04,137.220001
2018-12-06,131.380005
2018-12-07,124.349998
2018-12-10,123.099998
2018-12-11,121.709999
2018-12-12,122.300003
2018-12-13,120.199997
2018-12-14,117.989998
2018-12-17,117.199997
2018-12-18,115.529999
2018-12-19,112.790001
2018-12-20,114.379997
2018-12-21,107.709999
2018-12-24,105.650002
2018-12-26,114.230003
2018-12-27,115.129997
2018-12-28,115.0
2018-12-31,113.290001
2019-01-02,114.760002
2019-01-03,108.599998
2019-01-04,114.720001
2019-01-07,116.809998
2019-01-08,120.800003
2019-01-09,126.269997
2019-01-10,128.520004
2019-01-11,127.879997
2019-01-14,127.110001
2019-01-15,125.900002
2019-01-16,128.33999599999999
2019-01-17,129.21000700000002
2019-01-18,132.509995
2019-01-22,128.050003
2019-01-23,126.16999799999999
2019-01-24,130.570007
2019-01-25,135.300003
2019-01-28,132.679993
2019-01-29,131.470001
2019-01-30,133.25
2019-01-31,133.0
2019-02-01,136.929993
2019-02-04,136.619995
2019-02-05,137.639999
2019-02-06,141.389999
2019-02-07,136.770004
2019-02-08,138.800003
2019-02-11,137.25
2019-02-12,147.149994
2019-02-13,149.389999
2019-02-14,149.559998
2019-02-15,154.880005
2019-02-19,153.0
2019-02-20,153.220001
2019-02-21,154.050003
2019-02-22,156.429993
2019-02-25,161.179993
2019-02-26,159.580002
2019-02-27,157.830002
2019-02-28,155.029999
2019-03-01,156.679993
2019-03-04,156.360001
2019-03-05,156.080002
2019-03-06,152.350006
2019-03-07,147.990005
2019-03-08,148.08999599999999
2019-03-11,151.320007
2019-03-12,152.16000400000001
2019-03-13,153.899994
2019-03-14,149.509995
2019-03-15,153.610001
2019-03-18,149.5
2019-03-19,151.720001
2019-03-20,147.649994
2019-03-21,153.08999599999999
2019-03-22,144.770004
2019-03-25,144.740005
2019-03-26,148.279999
2019-03-27,147.860001
2019-03-28,148.169998
2019-03-29,151.779999
2019-04-01,162.08999599999999
2019-04-02,162.270004
2019-04-03,166.559998
2019-04-04,167.600006
2019-04-05,167.029999
2019-04-08,168.96000700000002
2019-04-09,164.66000400000001
2019-04-10,166.570007
2019-04-11,166.320007
2019-04-12,168.919998
2019-04-15,169.229996
2019-04-16,172.029999
2019-04-17,173.759995
2019-04-18,175.479996
2019-04-22,176.550003
2019-04-23,178.690002
2019-04-24,181.630005
2019-04-25,173.690002
2019-04-26,173.800003
2019-04-29,173.009995
2019-04-30,174.729996
2019-05-01,170.83999599999999
2019-05-02,169.78999299999998
2019-05-03,171.490005
2019-05-06,161.509995
2019-05-07,158.559998
2019-05-08,158.630005
2019-05-09,153.619995
2019-05-10,153.690002
2019-05-13,142.41000400000001
2019-05-14,145.860001
2019-05-15,145.580002
2019-05-16,138.009995
2019-05-17,134.050003
2019-05-20,130.080002
2019-05-21,134.080002
2019-05-22,133.809998
2019-05-23,130.490005
2019-05-24,131.009995
2019-05-28,129.649994
2019-05-29,129.509995
2019-05-30,128.46000700000002
2019-05-31,125.16999799999999
2019-06-03,126.599998
2019-06-04,131.53999299999998
2019-06-05,130.41000400000001
2019-06-06,130.649994
2019-06-07,131.800003
2019-06-10,132.919998
2019-06-11,136.08999599999999
2019-06-12,133.169998
2019-06-13,137.309998
2019-06-14,131.940002
2019-06-17,132.389999
2019-06-18,138.399994
2019-06-19,140.690002
2019-06-20,144.610001
2019-06-21,146.479996
2019-06-24,146.16000400000001
2019-06-25,143.889999
2019-06-26,148.179993
2019-06-27,150.520004
2019-06-28,154.25
2019-07-01,156.66000400000001
2019-07-02,154.58999599999999
2019-07-03,155.720001
2019-07-05,149.0
2019-07-08,141.229996
2019-07-09,140.929993
2019-07-10,141.919998
2019-07-11,138.169998
2019-07-12,140.669998
2019-07-15,135.100006
2019-07-16,132.860001
2019-07-17,130.970001
2019-07-18,130.690002
2019-07-19,131.600006
2019-07-22,134.979996
2019-07-23,140.490005
2019-07-24,143.679993
2019-07-25,141.130005
2019-07-26,141.190002
2019-07-29,139.419998
2019-07-30,137.220001
2019-07-31,131.009995
2019-08-01,125.970001
2019-08-02,118.5
2019-08-05,118.059998
2019-08-06,120.059998
2019-08-07,118.970001
2019-08-08,124.739998
2019-08-09,121.709999
2019-08-12,118.620003
2019-08-13,121.980003
2019-08-14,116.449997
2019-08-15,116.620003
2019-08-16,119.41999799999999
2019-08-19,124.160004
2019-08-20,123.18
2019-08-21,124.239998
2019-08-22,124.66999799999999
2019-08-23,118.260002
2019-08-26,117.91999799999999
2019-08-27,116.519997
2019-08-28,117.900002
2019-08-29,122.620003
2019-08-30,123.730003
2019-09-03,117.260002
2019-09-04,124.690002
2019-09-05,134.369995
2019-09-06,133.509995
2019-09-09,138.429993
2019-09-10,142.770004
2019-09-11,148.869995
2019-09-12,146.820007
2019-09-13,146.33999599999999
2019-09-16,145.46000700000002
2019-09-17,141.869995
2019-09-18,139.190002
2019-09-19,137.050003
2019-09-20,133.080002
2019-09-23,133.830002
2019-09-24,129.91000400000001
2019-09-25,134.220001
2019-09-26,134.080002
2019-09-27,132.830002
2019-09-30,135.600006
2019-10-01,132.360001
2019-10-02,128.919998
2019-10-03,128.779999
2019-10-04,131.820007
2019-10-07,131.679993
2019-10-08,124.720001
2019-10-09,127.08000200000001
2019-10-10,129.96000700000002
2019-10-11,136.009995
2019-10-14,125.400002
2019-10-15,131.83999599999999
2019-10-16,130.08999599999999
2019-10-17,134.949997
2019-10-18,134.759995
2019-10-21,136.740005
2019-10-22,139.649994
2019-10-23,136.929993
2019-10-24,139.100006
2019-10-25,143.070007
2019-10-28,143.830002
2019-10-29,124.449997
2019-10-30,133.559998
2019-10-31,134.279999
2019-11-01,139.690002
2019-11-04,145.509995
2019-11-05,153.100006
2019-11-06,148.53999299999998
2019-11-07,148.009995
2019-11-08,147.25
2019-11-11,142.78999299999998
2019-11-12,140.899994
2019-11-13,139.820007
2019-11-14,139.16000400000001
2019-11-15,140.850006
2019-11-18,136.520004
2019-11-19,137.550003
2019-11-20,137.139999
2019-11-21,138.529999
2019-11-22,139.419998
2019-11-25,142.779999
2019-11-26,140.850006
2019-11-27,144.820007
2019-11-29,142.08999599999999
2019-12-02,139.259995
2019-12-03,139.570007
2019-12-04,143.25
2019-12-05,140.169998
2019-12-06,141.979996
2019-12-09,137.380005
2019-12-10,136.809998
2019-12-11,138.639999
2019-12-12,143.199997
2019-12-13,144.619995
2019-12-16,145.779999
2019-12-17,148.720001
2019-12-18,147.389999
2019-12-19,146.28999299999998
2019-12-20,142.970001
2019-12-23,144.639999
2019-12-24,144.649994
2019-12-26,146.149994
2019-12-27,143.919998
2019-12-30,143.419998
2019-12-31,144.919998
2020-01-02,146.479996
2020-01-03,141.820007
2020-01-06,143.270004
2020-01-07,144.100006
2020-01-08,144.050003
2020-01-09,139.639999
2020-01-10,135.270004
2020-01-13,137.080002
2020-01-14,139.21000700000002
2020-01-15,139.75
2020-01-16,145.020004
2020-01-17,145.949997
2020-01-21,144.850006
2020-01-22,146.21000700000002
2020-01-23,146.83999599999999
2020-01-24,144.330002
2020-01-27,134.669998
2020-01-28,136.690002
2020-01-29,130.070007
2020-01-30,131.130005
2020-01-31,127.66999799999999
2020-02-03,132.809998
2020-02-04,140.28999299999998
2020-02-05,140.41000400000001
2020-02-06,141.449997
2020-02-07,133.550003
2020-02-10,138.169998
2020-02-11,140.75
2020-02-12,147.070007
2020-02-13,149.970001
2020-02-14,139.490005
2020-02-18,135.809998
2020-02-19,143.940002
2020-02-20,140.869995
2020-02-21,135.009995
2020-02-24,132.169998
2020-02-25,127.050003
2020-02-26,126.730003
2020-02-27,122.809998
2020-02-28,127.639999
2020-03-02,130.350006
2020-03-03,127.75
2020-03-04,131.58999599999999
2020-03-05,127.610001
2020-03-06,121.470001
2020-03-09,116.93
2020-03-10,123.349998
2020-03-11,110.849998
2020-03-12,105.879997
2020-03-13,112.150002
2020-03-16,105.360001
2020-03-17,124.25
2020-03-18,118.660004
2020-03-19,109.940002
2020-03-20,109.08000200000001
2020-03-23,110.019997
2020-03-24,121.199997
2020-03-25,116.75
2020-03-26,116.980003
2020-03-27,109.029999
2020-03-30,109.199997
2020-03-31,110.279999
2020-04-01,105.800003
2020-04-02,102.91999799999999
2020-04-03,102.739998
2020-04-06,113.949997
2020-04-07,114.349998
2020-04-08,117.309998
2020-04-09,119.050003
2020-04-13,116.989998
2020-04-14,120.75
2020-04-15,114.440002
2020-04-16,115.480003
2020-04-17,119.050003
2020-04-20,117.940002
2020-04-21,111.650002
2020-04-22,116.510002
2020-04-23,116.339996
2020-04-24,120.900002
2020-04-27,126.08000200000001
2020-04-28,131.08999599999999
2020-04-29,133.0
2020-04-30,129.330002
2020-05-01,119.370003
2020-05-04,119.07
2020-05-05,144.100006
2020-05-06,144.199997
2020-05-07,147.389999
2020-05-08,152.059998
2020-05-11,153.770004
2020-05-12,151.520004
2020-05-13,145.21000700000002
2020-05-14,146.020004
2020-05-15,146.179993
2020-05-18,150.220001
2020-05-19,154.16000400000001
2020-05-20,158.279999
2020-05-21,155.860001
2020-05-22,157.389999
2020-05-26,152.990005
2020-05-27,154.41000400000001
2020-05-28,152.169998
2020-05-29,155.399994
2020-06-01,159.809998
2020-06-02,159.889999
2020-06-03,162.940002
2020-06-04,161.28999299999998
2020-06-05,169.470001
2020-06-08,167.029999
2020-06-09,165.58999599999999
