Date,DISCA
2005-07-08,7.818089
2005-07-11,7.843638
2005-07-12,8.252427
2005-07-13,8.124680999999999
2005-07-14,8.124680999999999
2005-07-15,8.022484
2005-07-18,7.613695
2005-07-19,7.6341339999999995
2005-07-20,7.588145
2005-07-21,7.710782000000001
2005-07-22,7.659683
2005-07-25,7.179355999999999
2005-07-26,7.1538070000000005
2005-07-27,7.1538070000000005
2005-07-28,7.281553
2005-07-29,7.291772999999999
2005-08-01,7.174246000000001
2005-08-02,7.143586999999999
2005-08-03,7.2713339999999995
2005-08-04,7.235564999999999
2005-08-05,7.204905999999999
2005-08-08,7.179355999999999
2005-08-09,7.138477000000001
2005-08-10,7.210014999999999
2005-08-11,7.455289
2005-08-12,7.506386999999999
2005-08-15,7.736331
2005-08-16,7.76699
2005-08-17,7.715892
2005-08-18,7.675013000000001
2005-08-19,7.7721
2005-08-22,7.920286
2005-08-23,8.012263
2005-08-24,8.088911999999999
2005-08-25,8.048033
2005-08-26,7.961164999999999
2005-08-29,7.858967999999999
2005-08-30,7.828309
2005-08-31,7.736331
2005-09-01,7.746550999999999
2005-09-02,7.741441
2005-09-06,7.7721
2005-09-07,7.77721
2005-09-08,7.715892
2005-09-09,7.6647929999999995
2005-09-12,7.649464
2005-09-13,7.583035000000001
2005-09-14,7.623914
2005-09-15,7.6647929999999995
2005-09-16,7.6647929999999995
2005-09-19,7.690342
2005-09-20,7.685233
2005-09-21,7.557486
2005-09-22,7.511497
2005-09-23,7.475728
2005-09-26,7.450178999999999
2005-09-27,7.445069
2005-09-28,7.363311
2005-09-29,7.281553
2005-09-30,7.373531
2005-10-03,7.4246300000000005
2005-10-04,7.164027000000001
2005-10-05,7.102708
2005-10-06,7.056719
2005-10-07,7.143586999999999
2005-10-10,7.138477000000001
2005-10-11,7.179355999999999
2005-10-12,7.164027000000001
2005-10-13,7.281553
2005-10-14,7.40419
2005-10-17,7.2713339999999995
2005-10-18,7.240674
2005-10-19,7.1589160000000005
2005-10-20,7.092488
2005-10-21,7.194686
2005-10-24,7.2764429999999996
2005-10-25,7.174246000000001
2005-10-26,7.143586999999999
2005-10-27,7.02095
2005-10-28,7.250894000000001
2005-10-31,7.199796000000001
2005-11-01,7.266224
2005-11-02,7.347981
2005-11-03,7.256003999999999
2005-11-04,7.210014999999999
2005-11-07,7.230455
2005-11-08,7.332652
2005-11-09,7.327542
2005-11-10,7.557486
2005-11-11,7.797649000000001
2005-11-14,7.823199000000001
2005-11-15,7.823199000000001
2005-11-16,7.6647929999999995
2005-11-17,7.608584
2005-11-18,7.7874300000000005
2005-11-21,7.971385000000001
2005-11-22,8.048033
2005-11-23,8.078691000000001
2005-11-25,8.094022
2005-11-28,8.048033
2005-11-29,8.048033
2005-11-30,7.976495
2005-12-01,7.991824
2005-12-02,7.971385000000001
2005-12-05,7.915176
2005-12-06,7.721002
2005-12-07,7.8129789999999995
2005-12-08,7.915176
2005-12-09,7.910067
2005-12-12,8.073582
2005-12-13,8.165560000000001
2005-12-14,8.175778999999999
2005-12-15,7.945836
2005-12-16,8.201328
2005-12-19,7.986714
2005-12-20,7.915176
2005-12-21,7.838528
2005-12-22,7.807869
2005-12-23,7.8794070000000005
2005-12-27,7.823199000000001
2005-12-28,7.7721
2005-12-29,7.79254
2005-12-30,7.741441
2006-01-03,7.715892
2006-01-04,7.818089
2006-01-05,7.818089
2006-01-06,7.843638
2006-01-09,7.818089
2006-01-10,7.833417999999999
2006-01-11,7.807869
2006-01-12,7.797649000000001
2006-01-13,7.77721
2006-01-17,7.899847
2006-01-18,7.899847
2006-01-19,7.925396000000001
2006-01-20,7.828309
2006-01-23,7.874298
2006-01-24,7.874298
2006-01-25,7.833417999999999
2006-01-26,7.869186999999999
2006-01-27,7.925396000000001
2006-01-30,7.843638
2006-01-31,7.746550999999999
2006-02-01,7.6647929999999995
2006-02-02,7.450178999999999
2006-02-03,7.445069
2006-02-06,7.434849000000001
2006-02-07,7.378641
2006-02-08,7.639244000000001
2006-02-09,7.562596000000001
2006-02-10,7.4093
2006-02-13,7.3990800000000005
2006-02-14,7.38375
2006-02-15,7.3990800000000005
2006-02-16,7.491058
2006-02-17,7.41441
2006-02-21,7.3939699999999995
2006-02-22,7.4246300000000005
2006-02-23,7.4195199999999994
2006-02-24,7.3684210000000006
2006-02-27,7.583035000000001
2006-02-28,7.460399000000001
2006-03-01,7.531936999999999
2006-03-02,7.41441
2006-03-03,7.3939699999999995
2006-03-06,7.388861
2006-03-07,7.342872
2006-03-08,7.2713339999999995
2006-03-09,7.2764429999999996
2006-03-10,7.332652
2006-03-13,7.4195199999999994
2006-03-14,7.542155999999999
2006-03-15,7.639244000000001
2006-03-16,7.506386999999999
2006-03-17,7.455289
2006-03-20,7.40419
2006-03-21,7.3939699999999995
2006-03-22,7.342872
2006-03-23,7.496167999999999
2006-03-24,7.3939699999999995
2006-03-27,7.434849000000001
2006-03-28,7.434849000000001
2006-03-29,7.608584
2006-03-30,7.639244000000001
2006-03-31,7.6647929999999995
2006-04-03,7.644353
2006-04-04,7.726111
2006-04-05,7.680123
2006-04-06,7.680123
2006-04-07,7.659683
2006-04-10,7.583035000000001
2006-04-11,7.526827000000001
2006-04-12,7.5472660000000005
2006-04-13,7.450178999999999
2006-04-17,7.378641
2006-04-18,7.445069
2006-04-19,7.460399000000001
2006-04-20,7.506386999999999
2006-04-21,7.5166070000000005
2006-04-24,7.475728
2006-04-25,7.455289
2006-04-26,7.4246300000000005
2006-04-27,7.588145
2006-04-28,7.613695
2006-05-01,7.669903
2006-05-02,7.526827000000001
2006-05-03,7.378641
2006-05-04,7.3990800000000005
2006-05-05,7.363311
2006-05-08,7.3684210000000006
2006-05-09,7.358202
2006-05-10,7.291772999999999
2006-05-11,7.291772999999999
2006-05-12,7.1538070000000005
2006-05-15,7.312212
2006-05-16,7.358202
2006-05-17,7.1844660000000005
2006-05-18,7.0618300000000005
2006-05-19,7.0618300000000005
2006-05-22,6.985181
2006-05-23,7.02095
2006-05-24,7.072049000000001
2006-05-25,7.072049000000001
2006-05-26,7.087378999999999
2006-05-30,7.077159
2006-05-31,7.087378999999999
2006-06-01,7.256003999999999
2006-06-02,7.347981
2006-06-05,7.1538070000000005
2006-06-06,7.1538070000000005
2006-06-07,7.066939
2006-06-08,7.056719
2006-06-09,7.0362800000000005
2006-06-12,7.04139
2006-06-13,7.102708
2006-06-14,7.092488
2006-06-15,7.445069
2006-06-16,7.286663000000001
2006-06-19,7.332652
2006-06-20,7.373531
2006-06-21,7.465508
2006-06-22,7.3019929999999995
2006-06-23,7.291772999999999
2006-06-26,7.347981
2006-06-27,7.2713339999999995
2006-06-28,7.342872
2006-06-29,7.588145
2006-06-30,7.475728
2006-07-03,7.531936999999999
2006-07-05,7.429739
2006-07-06,7.363311
2006-07-07,7.291772999999999
2006-07-10,7.225345
2006-07-11,7.210014999999999
2006-07-12,7.174246000000001
2006-07-13,7.169136999999999
2006-07-14,7.092488
2006-07-17,7.02095
2006-07-18,6.995400999999999
2006-07-19,6.990291
2006-07-20,6.934083
2006-07-21,6.903424
2006-07-24,6.903424
2006-07-25,6.964742
2006-07-26,6.918753
2006-07-27,6.898314
2006-07-28,6.888094000000001
2006-07-31,6.806336
2006-08-01,6.780786999999999
2006-08-02,6.9085339999999995
2006-08-03,6.928972999999999
2006-08-04,6.959632000000001
2006-08-07,7.077159
2006-08-08,6.944303
2006-08-09,6.770567
2006-08-10,6.9085339999999995
2006-08-11,7.174246000000001
2006-08-14,7.066939
2006-08-15,7.250894000000001
2006-08-16,7.235564999999999
2006-08-17,7.363311
2006-08-18,7.2764429999999996
2006-08-21,7.296883
2006-08-22,7.266224
2006-08-23,7.204905999999999
2006-08-24,7.1538070000000005
2006-08-25,7.164027000000001
2006-08-28,7.164027000000001
2006-08-29,7.133367999999999
2006-08-30,7.0618300000000005
2006-08-31,7.1589160000000005
2006-09-01,7.164027000000001
2006-09-05,7.02606
2006-09-06,7.02095
2006-09-07,6.9391929999999995
2006-09-08,6.990291
2006-09-11,7.010731
2006-09-12,7.0056210000000005
2006-09-13,7.0465
2006-09-14,6.898314
2006-09-15,7.102708
2006-09-18,7.112928
2006-09-19,7.097599000000001
2006-09-20,7.138477000000001
2006-09-21,7.1538070000000005
2006-09-22,7.128258
2006-09-25,7.1538070000000005
2006-09-26,7.174246000000001
2006-09-27,7.353091
2006-09-28,7.378641
2006-09-29,7.388861
2006-10-02,7.38375
2006-10-03,7.3939699999999995
2006-10-04,7.480838
2006-10-05,7.603475
2006-10-06,7.531936999999999
2006-10-09,7.531936999999999
2006-10-10,7.567705999999999
2006-10-11,7.485948
2006-10-12,7.511497
2006-10-13,7.608584
2006-10-16,7.608584
2006-10-17,7.557486
2006-10-18,7.475728
2006-10-19,7.485948
2006-10-20,7.695452
2006-10-23,7.654572999999999
2006-10-24,7.572814999999999
2006-10-25,7.5472660000000005
2006-10-26,7.675013000000001
2006-10-27,7.577925
2006-10-30,7.623914
2006-10-31,7.583035000000001
2006-11-01,7.537046000000001
2006-11-02,7.623914
2006-11-03,7.639244000000001
2006-11-06,7.583035000000001
2006-11-07,7.639244000000001
2006-11-08,7.705672
2006-11-09,7.623914
2006-11-10,7.680123
2006-11-13,7.705672
2006-11-14,7.828309
2006-11-15,7.894736999999999
2006-11-16,8.017373
2006-11-17,8.032703
2006-11-20,7.904955999999999
2006-11-21,7.858967999999999
2006-11-22,7.910067
2006-11-24,7.869186999999999
2006-11-27,7.7823199999999995
2006-11-28,7.710782000000001
2006-11-29,7.741441
2006-11-30,7.838528
2006-12-01,7.736331
2006-12-04,7.705672
2006-12-05,7.751661
2006-12-06,7.736331
2006-12-07,7.797649000000001
2006-12-08,8.12979
2006-12-11,8.354625
2006-12-12,8.375064
2006-12-13,8.339294
2006-12-14,8.533469
2006-12-15,8.303526
2006-12-18,8.313744999999999
2006-12-19,8.226878
2006-12-20,8.237098
2006-12-21,8.226878
2006-12-22,8.216659
2006-12-26,8.231988000000001
2006-12-27,8.318855000000001
2006-12-28,8.231988000000001
2006-12-29,8.221767999999999
2007-01-03,8.426163
2007-01-04,8.390393
2007-01-05,8.334185
2007-01-08,8.492591000000001
2007-01-09,8.436382
2007-01-10,8.497701
2007-01-11,8.569239
2007-01-12,8.635667
2007-01-16,8.8605
2007-01-17,8.748084
2007-01-18,8.783853
2007-01-19,8.773633
2007-01-22,8.691875
2007-01-23,8.676546
2007-01-24,8.732754
2007-01-25,8.492591000000001
2007-01-26,8.395503
2007-01-29,8.5488
2007-01-30,8.436382
2007-01-31,8.467041
2007-02-01,8.538578999999999
2007-02-02,8.472151
2007-02-05,8.395503
2007-02-06,8.288197
2007-02-07,8.242208
2007-02-08,8.257537
2007-02-09,8.201328
2007-02-12,8.257537
2007-02-13,8.344405
2007-02-14,8.441492
2007-02-15,8.487480999999999
2007-02-16,8.375064
2007-02-20,8.472151
2007-02-21,8.400613
2007-02-22,8.313744999999999
2007-02-23,8.277975999999999
2007-02-26,8.308636
2007-02-27,8.119571
2007-02-28,8.206438
2007-03-01,8.267756
2007-03-02,8.165560000000001
2007-03-05,8.155339999999999
2007-03-06,8.579458
2007-03-07,8.691875
2007-03-08,8.763413
2007-03-09,8.809402
2007-03-12,8.794072
2007-03-13,8.671436
2007-03-14,8.661216
2007-03-15,8.686766
2007-03-16,8.742974
2007-03-19,8.834951
2007-03-20,8.727644
2007-03-21,9.146653
2007-03-22,9.044456
2007-03-23,9.376596000000001
2007-03-26,9.330608
2007-03-27,9.351048
2007-03-28,9.356157000000001
2007-03-29,9.928462
2007-03-30,9.775167
2007-04-02,9.887583
2007-04-03,10.091977
2007-04-04,10.260603
2007-04-05,10.214614
2007-04-09,10.306592
2007-04-10,10.505877
2007-04-11,10.516096000000001
2007-04-12,10.602963
2007-04-13,10.674501
2007-04-16,10.797138
2007-04-17,10.628513
2007-04-18,10.781808999999999
2007-04-19,10.654062
2007-04-20,10.817578
2007-04-23,10.694942
2007-04-24,10.909555000000001
2007-04-25,11.241696000000001
2007-04-26,11.021973
2007-04-27,11.108839999999999
2007-04-30,11.11395
2007-05-01,11.016863
2007-05-02,10.970874
2007-05-03,11.262136
2007-05-04,11.226367
2007-05-07,11.660706
2007-05-08,11.737353
2007-05-09,11.446091000000001
2007-05-10,11.231477
2007-05-11,11.466531
2007-05-14,11.650485
2007-05-15,11.517629
2007-05-16,11.701584
2007-05-17,11.573837
2007-05-18,11.727134
2007-05-21,12.095042999999999
2007-05-22,12.023505
2007-05-23,11.85488
2007-05-24,11.670925
2007-05-25,11.701584
2007-05-29,11.946857000000001
2007-05-30,11.844660000000001
2007-05-31,11.946857000000001
2007-06-01,12.038835
2007-06-04,12.171691000000001
2007-06-05,12.115483
2007-06-06,11.982627
2007-06-07,11.803782
2007-06-08,12.008175999999999
2007-06-11,12.028615
2007-06-12,12.238119000000001
2007-06-13,12.299438
2007-06-14,12.391416
2007-06-15,12.386306
2007-06-18,12.171691000000001
2007-06-19,12.192131
2007-06-20,12.074603999999999
2007-06-21,11.951967
2007-06-22,11.951967
2007-06-25,11.681144999999999
2007-06-26,11.701584
2007-06-27,11.665815
2007-06-28,11.711803
2007-06-29,11.747573
2007-07-02,11.778232000000001
2007-07-03,11.701584
2007-07-05,11.655595
2007-07-06,11.885539
2007-07-09,11.977516
2007-07-10,12.059275
2007-07-11,12.023505
2007-07-12,12.166580999999999
2007-07-13,12.238119000000001
2007-07-16,13.009708
2007-07-17,13.152785
2007-07-18,13.163004999999998
2007-07-19,13.254982
2007-07-20,12.876852
2007-07-23,12.989269
2007-07-24,12.687787
2007-07-25,12.493611999999999
2007-07-26,12.197241
2007-07-27,12.309658
2007-07-30,12.120593
2007-07-31,12.120593
2007-08-01,11.824221000000001
2007-08-02,12.146142
2007-08-03,12.038835
2007-08-06,12.21257
2007-08-07,12.457844
2007-08-08,13.35718
2007-08-09,13.009708
2007-08-10,12.554931
2007-08-13,12.457844
2007-08-14,12.381196000000001
2007-08-15,12.130813
2007-08-16,11.47675
2007-08-17,11.83955
2007-08-20,12.079714
2007-08-21,12.110373
2007-08-22,12.365866
2007-08-23,11.895759
2007-08-24,11.670925
2007-08-27,12.544711
2007-08-28,12.21768
2007-08-29,12.657128
2007-08-30,12.641799
2007-08-31,12.835974
2007-09-04,12.994378999999999
2007-09-05,12.902402
2007-09-06,12.917731
2007-09-07,12.984159
2007-09-10,13.224323000000002
2007-09-11,13.382729000000001
2007-09-12,13.556464000000002
2007-09-13,13.622892000000002
2007-09-14,13.444047
2007-09-17,13.188554000000002
2007-09-18,13.183444
2007-09-19,13.617783
2007-09-20,13.32141
2007-09-21,14.118548
2007-09-24,13.939704
2007-09-25,13.995913
2007-09-26,14.312723000000002
2007-09-27,14.823709
2007-09-28,14.741952
2007-10-01,14.798160999999999
2007-10-02,14.767501000000001
2007-10-03,14.695963
2007-10-04,14.890138
2007-10-05,14.941235999999998
2007-10-08,14.787941
2007-10-09,14.80838
2007-10-10,14.8186
2007-10-11,14.532448
2007-10-12,14.701073000000001
2007-10-15,14.297394
2007-10-16,14.287173999999998
2007-10-17,14.471129000000001
2007-10-18,14.307613
2007-10-19,13.995913
2007-10-22,14.333163
2007-10-23,14.43025
2007-10-24,14.414921
2007-10-25,14.614204999999998
2007-10-26,14.557997
2007-10-29,14.45069
2007-10-30,14.322944
2007-10-31,14.568216
2007-11-01,14.195197
2007-11-02,14.333163
2007-11-05,13.868166
2007-11-06,14.036791000000001
2007-11-07,13.776188000000001
2007-11-08,13.285642000000001
2007-11-09,12.96372
2007-11-12,11.997956
2007-11-13,12.187021000000001
2007-11-14,11.875319000000001
2007-11-15,11.916199
2007-11-16,11.880429
2007-11-19,11.665815
2007-11-20,12.120593
2007-11-21,11.936638
2007-11-23,11.87021
2007-11-26,11.553398
2007-11-27,11.691364
2007-11-28,12.197241
2007-11-29,12.345427
2007-11-30,12.498722
2007-12-03,13.346960000000001
2007-12-04,13.387838
2007-12-05,13.239653
2007-12-06,14.05212
2007-12-07,13.919264000000002
2007-12-10,13.776188000000001
2007-12-11,13.653551
2007-12-12,14.011242000000001
2007-12-13,13.638222
2007-12-14,13.597342000000001
2007-12-17,12.907511999999999
2007-12-18,13.071027
2007-12-19,12.866632000000001
2007-12-20,13.019929
2007-12-21,13.178334
2007-12-24,13.122126000000002
2007-12-26,13.137455
2007-12-27,12.825754
2007-12-28,12.805314
2007-12-31,12.846193
2008-01-02,12.667347999999999
2008-01-03,12.871742
2008-01-04,12.488503
2008-01-07,12.498722
2008-01-08,12.360756
2008-01-09,12.284108
2008-01-10,12.263669
2008-01-11,12.273889
2008-01-14,12.621359
2008-01-15,12.411855000000001
2008-01-16,12.779765
2008-01-17,12.529382
2008-01-18,11.936638
2008-01-22,11.711803
2008-01-23,11.900868
2008-01-24,12.253449
2008-01-25,12.161471
2008-01-28,12.447624000000001
2008-01-29,12.24323
2008-01-30,11.946857000000001
2008-01-31,11.8651
2008-02-01,11.936638
2008-02-04,11.936638
2008-02-05,11.287685
2008-02-06,11.369442999999999
2008-02-07,11.512519000000001
2008-02-08,11.282575999999999
2008-02-11,11.10373
2008-02-12,11.149719000000001
2008-02-13,11.650485
2008-02-14,11.543178999999999
2008-02-15,11.624936
2008-02-19,11.645375
2008-02-20,11.558508
2008-02-21,11.175267999999999
2008-02-22,11.732244
2008-02-25,11.926418
2008-02-26,11.895759
2008-02-27,12.033725
2008-02-28,11.900868
2008-02-29,11.532959
2008-03-03,11.752683
2008-03-04,11.328564
2008-03-05,11.323454
2008-03-06,10.924885
2008-03-07,10.628513
2008-03-10,10.214614
2008-03-11,10.756260000000001
2008-03-12,10.75115
2008-03-13,10.827798
2008-03-14,10.556975
2008-03-17,10.332141
2008-03-18,10.546755000000001
2008-03-19,10.470107
2008-03-20,10.562085
2008-03-24,10.935103999999999
2008-03-25,11.165049
2008-03-26,10.894226
2008-03-27,10.705161
2008-03-28,10.286152000000001
2008-03-31,10.843127
2008-04-01,11.119060000000001
2008-04-02,11.006642999999999
2008-04-03,10.940214
2008-04-04,11.09862
2008-04-07,11.394992
2008-04-08,11.241696000000001
2008-04-09,11.241696000000001
2008-04-10,11.343894
2008-04-11,11.078180999999999
2008-04-14,11.016863
2008-04-15,11.001533
2008-04-16,11.088401
2008-04-17,11.190598
2008-04-18,11.635156
2008-04-21,11.553398
2008-04-22,11.359223
2008-04-23,11.394992
2008-04-24,11.624936
2008-04-25,11.354114
2008-04-28,11.364333
2008-04-29,11.732244
2008-04-30,11.834439999999999
2008-05-01,12.447624000000001
2008-05-02,12.442514
2008-05-05,11.992846
2008-05-06,12.202351
2008-05-07,11.962187
2008-05-08,13.157895000000002
2008-05-09,13.556464000000002
2008-05-12,13.132345
2008-05-13,13.32141
2008-05-14,13.254982
2008-05-15,13.541135
2008-05-16,13.290751
2008-05-19,13.188554000000002
2008-05-20,13.030149
2008-05-21,13.132345
2008-05-22,13.290751
2008-05-23,12.984159
2008-05-27,13.214103
2008-05-28,13.178334
2008-05-29,13.030149
2008-05-30,13.382729000000001
2008-06-02,13.265201999999999
2008-06-03,13.260092000000002
2008-06-04,13.505365
2008-06-05,13.479816
2008-06-06,13.106796000000001
2008-06-09,13.178334
2008-06-10,12.743996000000001
2008-06-11,12.58559
2008-06-12,12.764436
2008-06-13,12.94328
2008-06-16,13.163004999999998
2008-06-17,13.387838
2008-06-18,13.009708
2008-06-19,12.94839
2008-06-20,12.508942999999999
2008-06-23,12.100153
2008-06-24,11.967297
2008-06-25,12.21257
2008-06-26,11.604497
2008-06-27,11.430761
2008-06-30,11.221257000000001
2008-07-01,10.919775
2008-07-02,10.715380999999999
2008-07-03,10.684722
2008-07-07,10.419008
2008-07-08,10.485436
2008-07-09,10.490547
2008-07-10,10.592744
2008-07-11,10.546755000000001
2008-07-14,10.812469
2008-07-15,10.822688000000001
2008-07-16,10.960654
2008-07-17,10.843127
2008-07-18,10.873786
2008-07-21,10.848237
2008-07-22,10.873786
2008-07-23,11.093511
2008-07-24,10.694942
2008-07-25,10.807358
2008-07-28,10.429229
2008-07-29,10.766478999999999
2008-07-30,10.342360000000001
2008-07-31,10.158405
2008-08-01,9.734287
2008-08-04,9.453244999999999
2008-08-05,9.591211
2008-08-06,9.601431
2008-08-07,9.243739999999999
2008-08-08,9.391927
2008-08-11,9.974451
2008-08-12,9.928462
2008-08-13,10.086867
2008-08-14,10.383239999999999
2008-08-15,10.495657000000001
2008-08-18,10.045989
2008-08-19,10.086867
2008-08-20,10.086867
2008-08-21,9.969341
2008-08-22,10.270823
2008-08-25,9.913133
2008-08-26,9.964231
2008-08-27,9.948901
2008-08-28,10.37302
2008-08-29,10.337251
2008-09-02,10.178844999999999
2008-09-03,10.301482
2008-09-04,9.928462
2008-09-05,9.974451
2008-09-08,10.066428
2008-09-09,9.759836
2008-09-10,9.535003
2008-09-11,9.708738
2008-09-12,9.933572
2008-09-15,9.529893
2008-09-16,9.902913
2008-09-17,9.351048
2008-09-18,7.056719
2008-09-19,8.834951
2008-09-22,8.564129
2008-09-23,8.553908999999999
2008-09-24,8.482371
2008-09-25,8.303526
2008-09-26,8.277975999999999
2008-09-29,7.455289
2008-09-30,7.281553
2008-10-01,7.4246300000000005
2008-10-02,7.1538070000000005
2008-10-03,6.6837
2008-10-06,6.499744000000001
2008-10-07,6.1573839999999995
2008-10-08,5.973429
2008-10-09,5.891671
2008-10-10,5.682167
2008-10-13,6.6683699999999995
2008-10-14,7.000511
2008-10-15,6.2800199999999995
2008-10-16,6.392437
2008-10-17,6.5763929999999995
2008-10-20,6.954522
2008-10-21,6.7961160000000005
2008-10-22,6.443536
2008-10-23,6.147164
2008-10-24,5.247828
2008-10-27,5.3193660000000005
2008-10-28,5.753705
2008-10-29,6.310679
2008-10-30,6.709249000000001
2008-10-31,6.969852
2008-11-03,6.903424
2008-11-04,7.179355999999999
2008-11-05,7.015841
2008-11-06,6.177823
2008-11-07,7.199796000000001
2008-11-10,7.189576
2008-11-11,6.954522
2008-11-12,6.142054
2008-11-13,6.918753
2008-11-14,7.112928
2008-11-17,6.852325
2008-11-18,6.382218
2008-11-19,6.310679
2008-11-20,6.085845
2008-11-21,6.566172999999999
2008-11-24,6.964742
2008-11-25,6.775677000000001
2008-11-26,7.230455
2008-11-28,7.6647929999999995
2008-12-01,6.7654570000000005
2008-12-02,7.000511
2008-12-03,7.082269
2008-12-04,6.550843
2008-12-05,7.0465
2008-12-08,7.644353
2008-12-09,7.164027000000001
2008-12-10,7.02606
2008-12-11,6.622381
2008-12-12,6.67859
2008-12-15,6.617271000000001
2008-12-16,6.714359
2008-12-17,6.877874
2008-12-18,7.102708
2008-12-19,7.1844660000000005
2008-12-22,6.980072
2008-12-23,6.959632000000001
2008-12-24,6.995400999999999
2008-12-26,6.995400999999999
2008-12-29,6.928972999999999
2008-12-30,7.066939
2008-12-31,7.235564999999999
2009-01-02,7.485948
2009-01-05,7.562596000000001
2009-01-06,7.659683
2009-01-07,7.439959
2009-01-08,7.705672
2009-01-09,7.542155999999999
2009-01-12,7.455289
2009-01-13,7.6647929999999995
2009-01-14,7.537046000000001
2009-01-15,7.521717
2009-01-16,7.542155999999999
2009-01-20,6.985181
2009-01-21,7.353091
2009-01-22,7.465508
2009-01-23,7.511497
2009-01-26,7.445069
2009-01-27,7.598364999999999
2009-01-28,7.644353
2009-01-29,7.358202
2009-01-30,7.4093
2009-02-02,7.434849000000001
2009-02-03,7.480838
2009-02-04,7.02606
2009-02-05,6.9136429999999995
2009-02-06,7.123147
2009-02-09,7.179355999999999
2009-02-10,6.980072
2009-02-11,7.05161
2009-02-12,7.123147
2009-02-13,7.143586999999999
2009-02-17,6.893203999999999
2009-02-18,6.67859
2009-02-19,6.704139
2009-02-20,6.479305
2009-02-23,6.494635
2009-02-24,6.775677000000001
2009-02-25,7.629024
2009-02-26,7.542155999999999
2009-02-27,7.925396000000001
2009-03-02,7.797649000000001
2009-03-03,8.002044
2009-03-04,7.894736999999999
2009-03-05,7.7721
2009-03-06,7.726111
2009-03-09,7.40419
2009-03-10,7.838528
2009-03-11,7.894736999999999
2009-03-12,8.456821000000001
2009-03-13,8.645886
2009-03-16,8.51303
2009-03-17,8.569239
2009-03-18,8.768523
2009-03-19,8.313744999999999
2009-03-20,8.109351
2009-03-23,8.482371
2009-03-24,8.277975999999999
2009-03-25,8.298416
2009-03-26,8.441492
2009-03-27,8.237098
2009-03-30,8.17067
2009-03-31,8.185999
2009-04-01,8.717424000000001
2009-04-02,9.100664
2009-04-03,9.213080999999999
2009-04-06,9.115993
2009-04-07,8.564129
2009-04-08,8.783853
2009-04-09,9.172202
2009-04-13,9.024016
2009-04-14,8.666326
2009-04-15,8.656106
2009-04-16,9.085335
2009-04-17,9.325499
2009-04-20,9.029126
2009-04-21,9.351048
2009-04-22,9.448135
2009-04-23,9.105774
2009-04-24,9.310167999999999
2009-04-27,9.381706
2009-04-28,9.315278
2009-04-29,9.846703999999999
2009-04-30,9.703628
2009-05-01,9.509453
2009-05-04,10.327031
2009-05-05,10.858457000000001
2009-05-06,10.73071
2009-05-07,10.265713
2009-05-08,10.357691
2009-05-11,10.34747
2009-05-12,9.99489
2009-05-13,9.795606
2009-05-14,9.862034
2009-05-15,9.856924000000001
2009-05-18,10.250383
2009-05-19,10.516096000000001
2009-05-20,11.149719000000001
2009-05-21,10.945325
2009-05-22,11.154829
2009-05-26,11.374553
2009-05-27,11.175267999999999
2009-05-28,11.251916
2009-05-29,11.471641
2009-06-01,11.446091000000001
2009-06-02,11.461421000000001
2009-06-03,11.49719
2009-06-04,11.384772
2009-06-05,11.762902
2009-06-08,11.880429
2009-06-09,12.033725
2009-06-10,11.747573
2009-06-11,11.584057000000001
2009-06-12,11.303015
2009-06-15,11.09862
2009-06-16,10.7256
2009-06-17,10.802247999999999
2009-06-18,10.817578
2009-06-19,10.679611
2009-06-22,10.37302
2009-06-23,10.265713
2009-06-24,10.526316
2009-06-25,10.746039
2009-06-26,11.108839999999999
2009-06-29,11.338784
2009-06-30,11.502299
2009-07-01,11.747573
2009-07-02,11.282575999999999
2009-07-06,11.211038
2009-07-07,11.149719000000001
2009-07-08,11.165049
2009-07-09,11.466531
2009-07-10,11.471641
2009-07-13,11.435871
2009-07-14,11.711803
2009-07-15,12.043944
2009-07-16,12.064384
2009-07-17,11.931528
2009-07-20,12.253449
2009-07-21,12.21768
2009-07-22,12.197241
2009-07-23,12.273889
2009-07-24,12.258559
2009-07-27,12.294328
2009-07-28,12.468063
2009-07-29,12.314767999999999
2009-07-30,12.457844
2009-07-31,12.519162
2009-08-03,12.973939999999999
2009-08-04,12.764436
2009-08-05,12.738886
2009-08-06,12.713337
2009-08-07,13.137455
2009-08-10,13.009708
2009-08-11,12.779765
2009-08-12,12.841084
2009-08-13,12.662238
2009-08-14,12.657128
2009-08-17,12.406744999999999
2009-08-18,12.58559
2009-08-19,12.738886
2009-08-20,12.846193
2009-08-21,13.091467
2009-08-24,13.208993
2009-08-25,13.643332000000001
2009-08-26,13.714869
2009-08-27,13.479816
2009-08-28,13.219213
2009-08-31,13.244762
2009-09-01,13.050588000000001
2009-09-02,13.055697
2009-09-03,13.132345
2009-09-04,13.336739999999999
2009-09-08,13.617783
2009-09-09,13.883495000000002
2009-09-10,14.522228
2009-09-11,14.481349
2009-09-14,14.486459
2009-09-15,14.747062
2009-09-16,15.043434
2009-09-17,14.946345999999998
2009-09-18,15.125192000000002
2009-09-21,15.017884
2009-09-22,15.099642999999999
2009-09-23,14.747062
2009-09-24,14.527338
2009-09-25,14.154318
2009-09-28,14.476239000000001
2009-09-29,14.501788000000001
2009-09-30,14.762391000000001
2009-10-01,14.772610999999998
2009-10-02,14.828819000000001
2009-10-05,15.043434
2009-10-06,15.375575
2009-10-07,15.442003
2009-10-08,15.799693
2009-10-09,15.610628
2009-10-12,15.457332999999998
2009-10-13,15.355135
2009-10-14,15.523760999999999
2009-10-15,15.334696
2009-10-16,15.385795000000002
2009-10-19,15.774144
2009-10-20,15.743484
2009-10-21,15.196729999999999
2009-10-22,15.212059
2009-10-23,15.196729999999999
2009-10-26,15.18651
2009-10-27,14.84415
2009-10-28,14.297394
2009-10-29,14.670414000000001
2009-10-30,14.05212
2009-11-02,13.939704
2009-11-03,14.312723000000002
2009-11-04,14.547776999999998
2009-11-05,15.145631
2009-11-06,15.365355
2009-11-09,15.733265
2009-11-10,15.53909
2009-11-11,15.503322
2009-11-12,15.390904
2009-11-13,15.615738
2009-11-16,16.131834
2009-11-17,16.290239
2009-11-18,16.075626
2009-11-19,15.901891
2009-11-20,15.922329999999999
2009-11-23,16.167603
2009-11-24,16.32601
2009-11-25,16.274910000000002
2009-11-27,16.131834
2009-11-30,16.32601
2009-12-01,16.550842000000003
2009-12-02,16.550842000000003
2009-12-03,16.136944
2009-12-04,16.034746
2009-12-07,16.075626
2009-12-08,15.861011999999999
2009-12-09,15.692387
2009-12-10,16.203373000000003
2009-12-11,16.31579
2009-12-14,16.228922
2009-12-15,16.188044
2009-12-16,16.055187
2009-12-17,16.111395
2009-12-18,16.085846
2009-12-21,16.198263
2009-12-22,16.075626
2009-12-23,15.784364000000002
2009-12-24,15.901891
2009-12-28,15.866121
2009-12-29,15.91722
2009-12-30,15.717935999999998
2009-12-31,15.671947
2010-01-04,15.840572
2010-01-05,16.463976000000002
2010-01-06,16.709249
2010-01-07,16.69903
2010-01-08,16.750128
2010-01-11,16.693920000000002
2010-01-12,16.249360999999997
2010-01-13,16.346449
2010-01-14,16.213593
2010-01-15,16.571282999999998
2010-01-19,16.555951999999998
2010-01-20,16.428205
2010-01-21,16.254471
2010-01-22,15.784364000000002
2010-01-25,15.753704999999998
2010-01-26,15.743484
2010-01-27,15.436893
2010-01-28,15.467552
2010-01-29,15.15585
2010-02-01,15.222279
2010-02-02,15.079203
2010-02-03,14.997445
2010-02-04,14.624425
2010-02-05,14.542667000000002
2010-02-08,14.568216
2010-02-09,14.956566
2010-02-10,14.246295000000002
2010-02-11,14.312723000000002
2010-02-12,14.660194
2010-02-16,14.787941
2010-02-17,16.034746
2010-02-18,16.147163
2010-02-19,16.356668
2010-02-22,16.397547
2010-02-23,16.387327
2010-02-24,16.351558999999998
2010-02-25,16.039858
2010-02-26,15.91722
2010-03-01,15.784364000000002
2010-03-02,15.712826000000002
2010-03-03,15.641288000000001
2010-03-04,15.881452
2010-03-05,16.121614
2010-03-08,16.188044
2010-03-09,16.305571
2010-03-10,16.295348999999998
2010-03-11,16.499744
2010-03-12,16.576393
2010-03-15,16.550842000000003
2010-03-16,16.576393
2010-03-17,16.64282
2010-03-18,16.632601
2010-03-19,16.607052
2010-03-22,16.954523000000002
2010-03-23,17.041389000000002
2010-03-24,17.097599
2010-03-25,17.066938
2010-03-26,17.164026
2010-03-29,17.169135999999998
2010-03-30,17.496168
2010-03-31,17.266223999999998
2010-04-01,17.276443
2010-04-05,17.429739
2010-04-06,17.690342
2010-04-07,17.429739
2010-04-08,17.399079999999998
2010-04-09,17.797649
2010-04-12,17.726110000000002
2010-04-13,17.864079
2010-04-14,18.053143
2010-04-15,17.976494
2010-04-16,17.981604
2010-04-19,18.058252
2010-04-20,18.405724
2010-04-21,18.625446
2010-04-22,18.717423999999998
2010-04-23,19.059786
2010-04-26,18.906489999999998
2010-04-27,18.441492
2010-04-28,18.523251000000002
2010-04-29,19.161983
2010-04-30,19.790495
2010-05-03,20.112417
2010-05-04,19.862034
2010-05-05,19.207972
2010-05-06,18.559019
2010-05-07,18.012264000000002
2010-05-10,19.28973
2010-05-11,19.494123000000002
2010-05-12,19.785385
2010-05-13,19.463465
2010-05-14,19.156874
2010-05-17,19.008685999999997
2010-05-18,18.952478
2010-05-19,18.932039000000003
2010-05-20,18.288197
2010-05-21,18.610117000000002
2010-05-24,18.594788
2010-05-25,18.630556
2010-05-26,19.018906
2010-05-27,19.780275
2010-05-28,19.24374
2010-06-01,18.947369000000002
2010-06-02,19.964230999999998
2010-06-03,19.867144
2010-06-04,18.880939
2010-06-07,18.426163
2010-06-08,18.329075
2010-06-09,18.313745
2010-06-10,19.407255
2010-06-11,19.678079999999998
2010-06-14,19.601430999999998
2010-06-15,20.199285999999997
2010-06-16,20.015329
2010-06-17,20.086868
2010-06-18,20.061317000000003
2010-06-21,20.117527
2010-06-22,19.775166
2010-06-23,19.514563
2010-06-24,19.059786
2010-06-25,19.228410999999998
2010-06-28,19.131323000000002
2010-06-29,18.119572
2010-06-30,18.247318
2010-07-01,18.441492
2010-07-02,18.083801
2010-07-06,18.206438000000002
2010-07-07,18.53347
2010-07-08,18.564129
2010-07-09,18.543689999999998
2010-07-12,18.364843
2010-07-13,18.702095
2010-07-14,18.717423999999998
2010-07-15,18.543689999999998
2010-07-16,17.879407999999998
2010-07-19,18.10424
2010-07-20,18.298416
2010-07-21,17.874298
2010-07-22,18.451712
2010-07-23,18.891159
2010-07-26,19.565662
2010-07-27,19.407255
2010-07-28,19.340828
2010-07-29,19.448135
2010-07-30,19.729177
2010-08-02,20.112417
2010-08-03,19.62187
2010-08-04,19.601430999999998
2010-08-05,19.591210999999998
2010-08-06,19.514563
2010-08-09,19.529892
2010-08-10,19.708738
2010-08-11,19.381706
2010-08-12,19.090445000000003
2010-08-13,19.008685999999997
2010-08-16,18.891159
2010-08-17,19.28973
2010-08-18,19.437916
2010-08-19,19.095554
2010-08-20,19.325499
2010-08-23,19.310169000000002
2010-08-24,18.809402
2010-08-25,18.804292999999998
2010-08-26,18.998466
2010-08-27,19.412364999999998
2010-08-30,19.284618
2010-08-31,19.28973
2010-09-01,19.897802
2010-09-02,20.153295999999997
2010-09-03,20.531425
2010-09-07,20.020439
2010-09-08,20.0
2010-09-09,20.0
2010-09-10,20.178844
2010-09-13,20.37302
2010-09-14,20.669392000000002
2010-09-15,21.226366
2010-09-16,21.236588
2010-09-17,21.456310000000002
2010-09-20,22.161472
2010-09-21,22.095043
2010-09-22,21.722023
2010-09-23,21.722023
2010-09-24,22.248339
2010-09-27,22.350535999999998
2010-09-28,22.324987
2010-09-29,22.2279
2010-09-30,22.253448000000002
2010-10-01,22.110373000000003
2010-10-04,21.768013
2010-10-05,22.427185
2010-10-06,22.141030999999998
2010-10-07,22.401634
2010-10-08,22.192131
2010-10-11,22.079714000000003
2010-10-12,22.22279
2010-10-13,22.457844
2010-10-14,22.069494
2010-10-15,22.069494
2010-10-18,22.115482
2010-10-19,21.798672
2010-10-20,22.161472
2010-10-21,22.176802
2010-10-22,22.345426999999997
2010-10-25,22.626469
2010-10-26,22.784874
2010-10-27,22.97394
2010-10-28,22.97905
2010-10-29,22.825754
2010-11-01,22.687788
2010-11-02,22.733776000000002
2010-11-03,21.768013
2010-11-04,21.435871
2010-11-05,21.006643
2010-11-08,20.935104
2010-11-09,20.71027
2010-11-10,21.032192000000002
2010-11-11,20.74604
2010-11-12,20.643843
2010-11-15,20.556974
2010-11-16,20.577414
2010-11-17,21.287685
2010-11-18,21.660706
2010-11-19,21.635157
2010-11-22,21.50741
2010-11-23,21.052630999999998
2010-11-24,21.50741
2010-11-26,21.527849
2010-11-29,21.175268
2010-11-30,20.838017
2010-12-01,21.12417
2010-12-02,21.522739
2010-12-03,21.931528
2010-12-06,21.916199
2010-12-07,22.028616
2010-12-08,21.814001
2010-12-09,21.681145
2010-12-10,21.706694
2010-12-13,21.47164
2010-12-14,21.5023
2010-12-15,21.364334
2010-12-16,21.553398
2010-12-17,21.701584
2010-12-20,21.676035
2010-12-21,21.824220999999998
2010-12-22,21.859989000000002
2010-12-23,21.538069
2010-12-27,21.394993
2010-12-28,21.359222
2010-12-29,21.563617999999998
2010-12-30,21.359222
2010-12-31,21.308125
2011-01-03,21.46653
2011-01-04,21.170157999999997
2011-01-05,20.720491
2011-01-06,20.597855
2011-01-07,20.602964
2011-01-10,20.347471
2011-01-11,20.413898
2011-01-12,20.265713
2011-01-13,19.841595
2011-01-14,19.703629
2011-01-18,20.168625
2011-01-19,20.178844
2011-01-20,20.327032
2011-01-21,20.459888
2011-01-24,20.480328
2011-01-25,20.168625
2011-01-26,20.122637
2011-01-27,20.091978
2011-01-28,19.754726
2011-01-31,19.928461
2011-02-01,19.928461
2011-02-02,20.286151999999998
2011-02-03,21.021973000000003
2011-02-04,21.303015
2011-02-07,21.599386
2011-02-08,21.742462
2011-02-09,21.911089
2011-02-10,22.100153
2011-02-11,22.355646
2011-02-14,22.192131
2011-02-15,22.345426999999997
2011-02-16,22.570261
2011-02-17,22.130812
2011-02-18,22.437405
2011-02-22,21.921309
2011-02-23,21.604495999999997
2011-02-24,21.778233
2011-02-25,21.926417999999998
2011-02-28,22.028616
2011-03-01,21.415432
2011-03-02,21.584057
2011-03-03,21.84466
2011-03-04,21.430760999999997
2011-03-07,21.190598
2011-03-08,21.195707000000002
2011-03-09,21.07818
2011-03-10,20.70005
2011-03-11,20.914665
2011-03-14,20.526316
2011-03-15,20.301481
2011-03-16,19.805826
2011-03-17,19.836485
2011-03-18,20.051098
2011-03-21,20.419007999999998
2011-03-22,20.219725
2011-03-23,20.224834
2011-03-24,20.214615
2011-03-25,20.102198
2011-03-28,19.928461
2011-03-29,19.724068
2011-03-30,20.439447
2011-03-31,20.38835
2011-04-01,20.648951999999998
2011-04-04,20.684721
2011-04-05,20.654062
2011-04-06,20.608074
2011-04-07,20.572304000000003
2011-04-08,20.475217999999998
2011-04-11,20.551865
2011-04-12,20.444557
2011-04-13,20.577414
2011-04-14,20.495657
2011-04-15,20.470108
2011-04-18,20.444557
2011-04-19,20.71027
2011-04-20,21.13439
2011-04-21,21.1395
2011-04-25,21.338783
2011-04-26,21.185488
2011-04-27,21.660706
2011-04-28,22.043945
2011-04-29,22.616249
2011-05-02,22.815535
2011-05-03,22.789984
2011-05-04,22.58559
2011-05-05,22.560041000000002
2011-05-06,22.820644
2011-05-09,22.60603
2011-05-10,22.846193
2011-05-11,22.422075
2011-05-12,22.953501
2011-05-13,22.621358999999998
2011-05-16,22.294329
2011-05-17,22.401634
2011-05-18,23.091467
2011-05-19,23.173223
2011-05-20,22.856413
2011-05-23,22.60603
2011-05-24,22.299438000000002
2011-05-25,22.141030999999998
2011-05-26,22.171692
2011-05-27,22.335207
2011-05-31,22.258557999999997
2011-06-01,21.824220999999998
2011-06-02,21.768013
2011-06-03,21.440981
2011-06-06,20.981094
2011-06-07,21.144609
2011-06-08,20.771589000000002
2011-06-09,20.929995
2011-06-10,20.424118
2011-06-13,20.434338
2011-06-14,20.684721
2011-06-15,20.327032
2011-06-16,20.546754999999997
2011-06-17,20.648951999999998
2011-06-20,20.909554999999997
2011-06-21,21.481859
2011-06-22,21.303015
2011-06-23,20.766479
2011-06-24,20.551865
2011-06-27,20.623404
2011-06-28,20.884007
2011-06-29,20.792028
2011-06-30,20.929995
2011-07-01,21.292795
2011-07-05,21.49719
2011-07-06,21.262135999999998
2011-07-07,21.716913
2011-07-08,21.425652
2011-07-11,21.246807
2011-07-12,21.400103
2011-07-13,21.369444
2011-07-14,21.251917000000002
2011-07-15,21.257026999999997
2011-07-18,20.740931
2011-07-19,20.935104
2011-07-20,20.546754999999997
2011-07-21,20.832907000000002
2011-07-22,20.970873
2011-07-25,20.464998
2011-07-26,20.393459
2011-07-27,20.398569000000002
2011-07-28,20.572304000000003
2011-07-29,20.337252
2011-08-01,20.040878
2011-08-02,19.489014
2011-08-03,19.519672
2011-08-04,18.783854
2011-08-05,19.029127
2011-08-08,17.756771
2011-08-09,19.008685999999997
2011-08-10,18.477261
2011-08-11,19.509453
2011-08-12,19.943792000000002
2011-08-15,20.183954
2011-08-16,20.143076
2011-08-17,20.01022
2011-08-18,18.635666
2011-08-19,18.559019
2011-08-22,18.53858
2011-08-23,19.284618
2011-08-24,19.764946
2011-08-25,19.514563
2011-08-26,20.194174
2011-08-29,20.75626
2011-08-30,21.251917000000002
2011-08-31,21.604495999999997
2011-09-01,21.1395
2011-09-02,20.613184
2011-09-06,20.321920000000002
2011-09-07,20.633623
2011-09-08,20.173735
2011-09-09,19.575882
2011-09-12,19.305059
2011-09-13,19.62698
2011-09-14,20.040878
2011-09-15,20.505876999999998
2011-09-16,20.521206
2011-09-19,20.245274
2011-09-20,20.306591
2011-09-21,20.403679
2011-09-22,19.795605
2011-09-23,20.38835
2011-09-26,21.287685
2011-09-27,21.349003
2011-09-28,20.316810999999998
2011-09-29,19.693409
2011-09-30,19.223301
2011-10-03,18.768524
2011-10-04,19.28973
2011-10-05,19.391926
2011-10-06,19.724068
2011-10-07,19.463465
2011-10-10,19.994889999999998
2011-10-11,20.475217999999998
2011-10-12,20.76137
2011-10-13,20.74604
2011-10-14,21.338783
2011-10-17,20.863567
2011-10-18,21.241697
2011-10-19,20.986204
2011-10-20,20.981094
2011-10-21,21.757793
2011-10-24,21.977516
2011-10-25,21.538069
2011-10-26,21.486969000000002
2011-10-27,22.008175
2011-10-28,21.88554
2011-10-31,22.20746
2011-11-01,21.599386
2011-11-02,22.493612
2011-11-03,22.698007999999998
2011-11-04,22.493612
2011-11-07,22.580481
2011-11-08,23.025038000000002
2011-11-09,21.46142
2011-11-10,21.49719
2011-11-11,22.171692
2011-11-14,21.916199
2011-11-15,21.46653
2011-11-16,21.180378
2011-11-17,20.807357999999997
2011-11-18,20.75626
2011-11-21,20.485437
2011-11-22,20.735820999999998
2011-11-23,19.948902
2011-11-25,20.040878
2011-11-28,20.556974
2011-11-29,20.567194
2011-11-30,21.4512
2011-12-01,21.042412
2011-12-02,21.200817
2011-12-05,21.277466
2011-12-06,21.379663
2011-12-07,21.354113
2011-12-08,20.975985
2011-12-09,21.415432
2011-12-12,21.211037
2011-12-13,21.062851000000002
2011-12-14,20.531425
2011-12-15,20.541645000000003
2011-12-16,20.526316
2011-12-19,20.132856
2011-12-20,20.715382
2011-12-21,20.608074
2011-12-22,20.623404
2011-12-23,20.70516
2011-12-27,20.659172
2011-12-28,20.776699
2011-12-29,20.950434
2011-12-30,20.935104
2012-01-03,20.884007
2012-01-04,20.940214
2012-01-05,20.970873
2012-01-06,21.098619
2012-01-09,21.236588
2012-01-10,21.640266
2012-01-11,21.957076999999998
2012-01-12,22.243229
2012-01-13,22.146143
2012-01-17,22.330097
2012-01-18,22.478282999999998
2012-01-19,22.846193
2012-01-20,22.381195
2012-01-23,22.319878
2012-01-24,22.330097
2012-01-25,22.728666
2012-01-26,22.657127
2012-01-27,22.314768
2012-01-30,21.982626
2012-01-31,21.911089
2012-02-01,22.20746
2012-02-02,22.330097
2012-02-03,22.820644
2012-02-06,22.805315
2012-02-07,23.142565
2012-02-08,23.173223
2012-02-09,23.004599
2012-02-10,22.887072
2012-02-13,23.076138
2012-02-14,23.096577
2012-02-15,23.377619
2012-02-16,22.963720000000002
2012-02-17,23.106796
2012-02-21,22.795095
2012-02-22,22.611139
2012-02-23,22.565151
2012-02-24,22.754215
2012-02-27,22.769545
2012-02-28,23.367399
2012-02-29,23.837507000000002
2012-03-01,23.771078
2012-03-02,24.200306
2012-03-05,24.282064000000002
2012-03-06,23.796626999999997
2012-03-07,23.786407
2012-03-08,24.05723
2012-03-09,24.10833
2012-03-12,23.868166
2012-03-13,24.603985
2012-03-14,24.48135
2012-03-15,24.460909
2012-03-16,24.49157
2012-03-19,24.573326
2012-03-20,24.230967
2012-03-21,24.695963
2012-03-22,24.619316
2012-03-23,24.731731
2012-03-26,24.941236
2012-03-27,25.293817999999998
2012-03-28,25.227388
2012-03-29,25.247828
2012-03-30,25.855902
2012-04-02,26.055187
2012-04-03,26.101175
2012-04-04,26.024527
2012-04-05,26.438427
2012-04-09,25.968319
2012-04-10,25.416454
2012-04-11,25.912111
2012-04-12,26.208482999999998
2012-04-13,26.417986
2012-04-16,26.515074
2012-04-17,26.780787
2012-04-18,26.65304
2012-04-19,26.515074
2012-04-20,26.806334999999997
2012-04-23,26.336229
2012-04-24,26.310679999999998
2012-04-25,26.678589000000002
2012-04-26,27.271334000000003
2012-04-27,28.048033
2012-04-30,27.812979
2012-05-01,27.654573
2012-05-02,27.680121999999997
2012-05-03,28.17067
2012-05-04,27.307102
2012-05-07,27.634134000000003
2012-05-08,25.958099
2012-05-09,25.789474
2012-05-10,25.947879999999998
2012-05-11,26.259581
2012-05-14,25.861012
2012-05-15,25.973429
2012-05-16,26.157383
2012-05-17,25.079203
2012-05-18,24.716402
2012-05-21,25.487991
2012-05-22,25.304037
2012-05-23,25.436892999999998
2012-05-24,25.712826
2012-05-25,25.835463
2012-05-29,26.090956
2012-05-30,25.656617999999998
2012-05-31,25.600409
2012-06-01,24.854368
2012-06-04,24.782830999999998
2012-06-05,25.048544
2012-06-06,25.702606
2012-06-07,25.815023
2012-06-08,26.070517000000002
2012-06-11,26.259581
2012-06-12,26.637711
2012-06-13,25.712826
2012-06-14,25.579969000000002
2012-06-15,25.866121
2012-06-18,26.157383
2012-06-19,26.489525
2012-06-20,26.836996000000003
2012-06-21,26.816554999999997
2012-06-22,27.08227
2012-06-25,26.796115999999998
2012-06-26,27.005621
2012-06-27,27.317321999999997
2012-06-28,27.133368
2012-06-29,27.593253999999998
2012-07-02,28.032703
2012-07-03,27.874298
2012-07-05,27.470619
2012-07-06,26.985182000000002
2012-07-09,26.295348999999998
2012-07-10,25.677057
2012-07-11,25.55953
2012-07-12,25.671947
2012-07-13,25.748594
2012-07-16,25.237607999999998
2012-07-17,25.876341
2012-07-18,25.804804
2012-07-19,26.080735999999998
2012-07-20,25.610628
2012-07-23,25.171181
2012-07-24,25.089422
2012-07-25,25.237607999999998
2012-07-26,25.804804
2012-07-27,26.581503
2012-07-30,26.024527
2012-07-31,25.871230999999998
2012-08-01,25.19162
2012-08-02,25.677057
2012-08-03,26.729689
2012-08-06,27.128258000000002
2012-08-07,27.526827
2012-08-08,27.577925
2012-08-09,27.547265999999997
2012-08-10,27.889627
2012-08-13,27.654573
2012-08-14,27.148697
2012-08-15,27.184465000000003
2012-08-16,27.097599
2012-08-17,26.949413
2012-08-20,26.775677
2012-08-21,26.959633
2012-08-22,26.995401
2012-08-23,26.842106
2012-08-24,27.250895
2012-08-27,27.429739
2012-08-28,27.363312
2012-08-29,27.521717
2012-08-30,27.685232
2012-08-31,28.022484000000002
2012-09-04,28.247318
2012-09-05,28.231987
2012-09-06,28.712315000000004
2012-09-07,28.829842
2012-09-10,28.732753999999996
2012-09-11,28.625446000000004
2012-09-12,28.947369000000002
2012-09-13,29.713848
2012-09-14,30.020439
2012-09-17,29.933571
2012-09-18,29.897802000000002
2012-09-19,30.37302
2012-09-20,30.444557
2012-09-21,30.608074
2012-09-24,30.270822999999996
2012-09-25,29.867144
2012-09-26,29.780275
2012-09-27,30.398569000000002
2012-09-28,30.454779
2012-10-01,30.633622999999996
2012-10-02,30.567194
2012-10-03,30.75115
2012-10-04,31.200816999999997
2012-10-05,31.297905
2012-10-08,30.996423999999998
2012-10-09,30.500767
2012-10-10,30.613184000000004
2012-10-11,30.899335999999998
2012-10-12,31.037302
2012-10-15,31.440981
2012-10-16,31.614715999999998
2012-10-17,31.292795
2012-10-18,31.563617999999998
2012-10-19,30.884007
2012-10-22,31.042412
2012-10-23,30.403678999999997
2012-10-24,30.173734999999997
2012-10-25,30.025548999999998
2012-10-26,29.734287
2012-10-31,30.158405
2012-11-01,31.303015000000002
2012-11-02,30.597855
2012-11-05,30.37813
2012-11-06,29.361266999999998
2012-11-07,29.018906
2012-11-08,28.415943
2012-11-09,28.845171
2012-11-12,28.650996999999997
2012-11-13,29.008685999999997
2012-11-14,28.211547999999997
2012-11-15,28.247318
2012-11-16,28.196218
2012-11-19,29.059786
2012-11-20,29.386815999999996
2012-11-21,29.320389000000002
2012-11-23,29.739396999999997
2012-11-26,29.575882
2012-11-27,29.483904
2012-11-28,30.132856
2012-11-29,30.434338
2012-11-30,30.868677
2012-12-03,30.633622999999996
2012-12-04,30.919775
2012-12-05,31.548288
2012-12-06,31.599386
2012-12-07,31.216146000000002
2012-12-10,30.924884999999996
2012-12-11,31.430760999999997
2012-12-12,31.420541999999998
2012-12-13,30.792028000000002
2012-12-14,31.07818
2012-12-17,31.788452000000003
2012-12-18,32.503834000000005
2012-12-19,32.095043
2012-12-20,32.442513
2012-12-21,32.26878
2012-12-24,32.299438
2012-12-26,32.161471999999996
2012-12-27,31.875319
2012-12-28,31.624937
2012-12-31,32.437405
2013-01-02,33.459377
2013-01-03,33.484924
2013-01-04,33.765968
2013-01-07,33.684212
2013-01-08,34.670414
2013-01-09,34.624424
2013-01-10,34.435359999999996
2013-01-11,34.828819
2013-01-14,34.644863
2013-01-15,34.282063
2013-01-16,34.200306
2013-01-17,34.414921
2013-01-18,34.603984999999994
2013-01-22,34.629536
2013-01-23,34.839039
2013-01-24,34.890137
2013-01-25,35.258049
2013-01-28,35.166069
2013-01-29,35.063873
2013-01-30,35.176289000000004
2013-01-31,35.452221
2013-02-01,35.927440999999995
2013-02-04,35.51865
2013-02-05,35.922329
2013-02-06,35.769034999999995
2013-02-07,36.085846000000004
2013-02-08,36.520184
2013-02-11,36.254471
2013-02-12,36.295349
2013-02-13,36.545734
2013-02-14,36.198260999999995
2013-02-15,35.922329
2013-02-19,36.090953999999996
2013-02-20,35.60041
2013-02-21,35.109863
2013-02-22,36.009197
2013-02-25,35.717937
2013-02-26,36.259583
2013-02-27,37.4604
2013-02-28,37.475727
2013-03-01,38.262646000000004
2013-03-04,38.625446000000004
2013-03-05,39.141544
2013-03-06,38.502811
2013-03-07,39.427696000000005
2013-03-08,39.805824
2013-03-11,39.754726
2013-03-12,39.810936
2013-03-13,40.0
2013-03-14,40.224834
2013-03-15,39.509453
2013-03-18,39.555443
2013-03-19,39.744507
2013-03-20,40.347469
2013-03-21,40.066429
2013-03-22,40.434338000000004
2013-03-25,40.403679
2013-03-26,40.638733
2013-03-27,40.158405
2013-03-28,40.235054
2013-04-01,39.846703000000005
2013-04-02,40.209503000000005
2013-04-03,39.877365000000005
2013-04-04,39.693409
2013-04-05,40.143078
2013-04-08,40.306591
2013-04-09,40.163517
2013-04-10,41.103729
2013-04-11,41.241695
2013-04-12,41.405212
2013-04-15,40.281044
2013-04-16,40.567196
2013-04-17,40.015331
2013-04-18,39.161983
2013-04-19,39.780277000000005
2013-04-22,39.969341
2013-04-23,40.357689
2013-04-24,40.444557
2013-04-25,40.822689000000004
2013-04-26,40.475215999999996
2013-04-29,40.281044
2013-04-30,40.275932
2013-05-01,39.928463
2013-05-02,40.618294
2013-05-03,40.475215999999996
2013-05-06,40.378128000000004
2013-05-07,39.790496999999995
2013-05-08,39.315277
2013-05-09,39.683189
2013-05-10,40.204395
2013-05-13,39.642311
2013-05-14,40.020439
2013-05-15,40.546757
2013-05-16,40.260605
2013-05-17,40.291264
2013-05-20,40.286152
2013-05-21,40.878895
2013-05-22,40.444557
2013-05-23,40.766479
2013-05-24,40.638733
2013-05-28,41.287684999999996
2013-05-29,40.521206
2013-05-30,40.822689000000004
2013-05-31,40.301483000000005
2013-06-03,40.373020000000004
2013-06-04,40.209503000000005
2013-06-05,38.773632
2013-06-06,38.334187
2013-06-07,39.034237
2013-06-10,37.991825
2013-06-11,37.746552
2013-06-12,37.593253999999995
2013-06-13,38.865612
2013-06-14,39.029125
2013-06-17,39.371487
2013-06-18,39.780277000000005
2013-06-19,39.105774
2013-06-20,38.104240000000004
2013-06-21,38.538578
2013-06-24,38.395503999999995
2013-06-25,38.559017
2013-06-26,38.691875
2013-06-27,39.182423
2013-06-28,39.468575
2013-07-01,39.749619
2013-07-02,40.117527
2013-07-03,41.200817
2013-07-05,41.451202
2013-07-08,41.911087
2013-07-09,41.854881
2013-07-10,42.340317
2013-07-11,43.173225
2013-07-12,43.469597
2013-07-15,43.147675
2013-07-16,43.091465
2013-07-17,43.270313
2013-07-18,43.684212
2013-07-19,43.081245
2013-07-22,43.111903999999996
2013-07-23,43.438938
2013-07-24,43.244762
2013-07-25,43.474705
2013-07-26,43.464484999999996
2013-07-29,43.132346999999996
2013-07-30,41.389881
2013-07-31,40.735821
2013-08-01,41.859989
2013-08-02,41.997955
2013-08-05,42.120594
2013-08-06,42.202351
2013-08-07,42.273888
2013-08-08,42.376087
2013-08-09,42.478283000000005
2013-08-12,42.330096999999995
2013-08-13,42.662239
2013-08-14,42.330096999999995
2013-08-15,41.057743
2013-08-16,41.052631
2013-08-19,40.991314
2013-08-20,40.889114
2013-08-21,40.587635
2013-08-22,41.032191999999995
2013-08-23,41.165046999999994
2013-08-26,41.12928
2013-08-27,40.0
2013-08-28,39.95401
2013-08-29,39.872253
2013-08-30,39.606541
2013-09-03,39.519672
2013-09-04,39.305058
2013-09-05,39.647419
2013-09-06,39.626979999999996
2013-09-09,40.091976
2013-09-10,39.826263
2013-09-11,40.005112
2013-09-12,39.877365000000005
2013-09-13,39.770058
2013-09-16,40.189064
2013-09-17,40.618294
2013-09-18,41.103729
2013-09-19,41.778233
2013-09-20,41.798671999999996
2013-09-23,41.175270000000005
2013-09-24,41.057743
2013-09-25,41.374553999999996
2013-09-26,42.917732
2013-09-27,43.35207
2013-09-30,43.137454999999996
2013-10-01,42.529381
2013-10-02,42.166579999999996
2013-10-03,41.51252
2013-10-04,41.527846999999994
2013-10-07,40.761368
2013-10-08,39.974449
2013-10-09,39.821156
2013-10-10,40.955544
2013-10-11,41.154827000000004
2013-10-14,40.960654999999996
2013-10-15,40.42923
2013-10-16,41.277466
2013-10-17,41.578949
2013-10-18,42.141033
2013-10-21,42.314766
2013-10-22,43.438938
2013-10-23,43.178333
2013-10-24,43.408279
2013-10-25,43.77108
2013-10-28,43.638222
2013-10-29,43.638222
2013-10-30,43.106796
2013-10-31,45.406234999999995
2013-11-01,44.86459
2013-11-04,44.49157
2013-11-05,44.404701
2013-11-06,43.765968
2013-11-07,43.019928
2013-11-08,43.617783
2013-11-11,43.224323
2013-11-12,43.132346999999996
2013-11-13,43.71487
2013-11-14,43.857944
2013-11-15,43.653553
2013-11-18,43.648441
2013-11-19,43.551353000000006
2013-11-20,43.551353000000006
2013-11-21,43.556465
2013-11-22,43.878384000000004
2013-11-25,43.791519
2013-11-26,44.230965000000005
2013-11-27,44.409809
2013-11-29,44.593765000000005
2013-12-02,44.05212
2013-12-03,43.643333
2013-12-04,43.01482
2013-12-05,42.917732
2013-12-06,43.464484999999996
2013-12-09,43.643333
2013-12-10,43.520695
2013-12-11,43.193665
2013-12-12,42.381195
2013-12-13,42.130814
2013-12-16,42.943279
2013-12-17,42.774654
2013-12-18,44.092999
2013-12-19,44.10833
2013-12-20,44.839039
2013-12-23,45.1814
2013-12-24,45.411343
2013-12-26,45.319365999999995
2013-12-27,45.452221
2013-12-30,46.223812
2013-12-31,46.203373
2014-01-02,45.52887
2014-01-03,45.263157
2014-01-06,44.695965
2014-01-07,44.42514
2014-01-08,43.234543
2014-01-09,43.29586
2014-01-10,42.93306
2014-01-13,41.614715999999994
2014-01-14,42.227901
2014-01-15,42.243229
2014-01-16,41.911087
2014-01-17,41.343895
2014-01-21,41.18549
2014-01-22,41.124168
2014-01-23,40.919777
2014-01-24,40.362801
2014-01-27,39.499233000000004
2014-01-28,39.836483
2014-01-29,40.04599
2014-01-30,41.047523
2014-01-31,40.766479
2014-02-03,39.877365000000005
2014-02-04,39.872253
2014-02-05,40.567196
2014-02-06,41.870209
2014-02-07,42.289219
2014-02-10,42.095043
2014-02-11,42.294327
2014-02-12,42.340317
2014-02-13,40.521206
2014-02-14,41.303017
2014-02-18,41.047523
2014-02-19,41.461422
2014-02-20,42.120594
2014-02-21,42.314766
2014-02-24,42.135921
2014-02-25,41.737353999999996
2014-02-26,41.568729
2014-02-27,41.967296999999995
2014-02-28,42.575371000000004
2014-03-03,41.941746
2014-03-04,42.907513
2014-03-05,43.290752000000005
2014-03-06,43.929485
2014-03-07,43.699539
2014-03-10,43.765968
2014-03-11,43.254982
2014-03-12,43.377621000000005
2014-03-13,42.96883
2014-03-14,42.493614
2014-03-17,42.462952
2014-03-18,42.769546999999996
2014-03-19,42.769546999999996
2014-03-20,42.764435
2014-03-21,43.188553000000006
2014-03-24,42.498721999999994
2014-03-25,42.422073
2014-03-26,42.146141
2014-03-27,41.778233
2014-03-28,42.074604
2014-03-31,42.258559999999996
2014-04-01,42.825752
2014-04-02,43.025040000000004
2014-04-03,42.789986
2014-04-04,42.432293
2014-04-07,41.231476
2014-04-08,41.093509999999995
2014-04-09,41.272354
2014-04-10,40.562084000000006
2014-04-11,39.688297
2014-04-14,39.381706
2014-04-15,39.24374
2014-04-16,39.785385
2014-04-17,39.770058
2014-04-21,39.575882
2014-04-22,39.632092
2014-04-23,39.611652
2014-04-24,39.575882
2014-04-25,39.146652
2014-04-28,38.528358000000004
2014-04-29,38.681656
2014-04-30,38.783852
2014-05-01,38.896271
2014-05-02,39.146652
2014-05-05,39.739395
2014-05-06,38.175777000000004
2014-05-07,37.158916
2014-05-08,37.996933
2014-05-09,37.332653
2014-05-12,37.521716999999995
2014-05-13,37.199795
2014-05-14,36.964741
2014-05-15,37.148697
2014-05-16,37.669903000000005
2014-05-19,37.644352000000005
2014-05-20,37.675014000000004
2014-05-21,37.966274
2014-05-22,38.758305
2014-05-23,39.959122
2014-05-27,40.112415000000006
2014-05-28,40.393459
2014-05-29,39.713848
2014-05-30,39.325497
2014-06-02,39.683189
2014-06-03,39.770058
2014-06-04,40.178844
2014-06-05,41.016861
2014-06-06,41.221256
2014-06-09,41.057743
2014-06-10,41.062851
2014-06-11,40.204395
2014-06-12,40.112415000000006
2014-06-13,39.713848
2014-06-16,39.340828
2014-06-17,39.417477000000005
2014-06-18,39.305058
2014-06-19,38.656105
2014-06-20,37.705673
2014-06-23,38.042922999999995
2014-06-24,37.986713
2014-06-25,38.099133
2014-06-26,37.245785
2014-06-27,37.843639
2014-06-30,37.956055
2014-07-01,38.421051
2014-07-02,38.799183
2014-07-03,39.126213
2014-07-07,38.8605
2014-07-08,38.758305
2014-07-09,40.219722999999995
2014-07-10,39.826263
2014-07-11,40.158405
2014-07-14,39.969341
2014-07-15,40.132858
2014-07-16,42.667347
2014-07-17,43.433826
2014-07-18,43.484924
2014-07-21,43.040366999999996
2014-07-22,42.774654
2014-07-23,42.319878
2014-07-24,42.350536
2014-07-25,42.350536
2014-07-28,42.483395
2014-07-29,42.376087
2014-07-30,42.774654
2014-07-31,43.541134
2014-08-01,42.580479
2014-08-04,43.111903999999996
2014-08-05,43.050587
2014-08-06,42.422073
2014-08-07,40.98
2014-08-08,42.279999
2014-08-11,42.5
2014-08-12,42.32
2014-08-13,42.709998999999996
2014-08-14,42.77
2014-08-15,43.490002000000004
2014-08-18,44.389998999999996
2014-08-19,44.43
2014-08-20,44.830002
2014-08-21,44.759997999999996
2014-08-22,44.299999
2014-08-25,43.91
2014-08-26,44.09
2014-08-27,43.779999
2014-08-28,43.759997999999996
2014-08-29,43.720001
2014-09-02,44.009997999999996
2014-09-03,43.459998999999996
2014-09-04,43.5
2014-09-05,43.439999
2014-09-08,42.439999
2014-09-09,40.91
2014-09-10,40.970001
2014-09-11,40.369999
2014-09-12,39.66
2014-09-15,39.349998
2014-09-16,39.459998999999996
2014-09-17,39.950001
2014-09-18,39.970001
2014-09-19,40.5
2014-09-22,39.349998
2014-09-23,38.220001
2014-09-24,38.099998
2014-09-25,38.09
2014-09-26,39.0
2014-09-29,37.709998999999996
2014-09-30,37.799999
2014-10-01,36.310001
2014-10-02,36.27
2014-10-03,37.0
2014-10-06,36.849998
2014-10-07,36.200001
2014-10-08,37.16
2014-10-09,35.790001000000004
2014-10-10,35.07
2014-10-13,33.91
2014-10-14,34.310001
2014-10-15,34.450001
2014-10-16,34.189999
2014-10-17,34.650002
2014-10-20,34.650002
2014-10-21,36.240002000000004
2014-10-22,34.889998999999996
2014-10-23,35.970001
2014-10-24,36.610001000000004
2014-10-27,36.52
2014-10-28,37.240002000000004
2014-10-29,37.02
2014-10-30,35.939999
2014-10-31,35.349998
2014-11-03,35.669998
2014-11-04,33.310001
2014-11-05,34.470001
2014-11-06,32.900002
2014-11-07,32.619999
2014-11-10,32.259997999999996
2014-11-11,31.99
2014-11-12,31.860001
2014-11-13,32.860001000000004
2014-11-14,33.529999
2014-11-17,32.529999
2014-11-18,33.360001000000004
2014-11-19,32.970001
2014-11-20,33.919998
2014-11-21,33.75
2014-11-24,34.59
2014-11-25,34.810001
2014-11-26,34.73
2014-11-28,34.900002
2014-12-01,34.689999
2014-12-02,34.919998
2014-12-03,35.310001
2014-12-04,34.43
2014-12-05,33.970001
2014-12-08,33.669998
2014-12-09,34.639998999999996
2014-12-10,33.900002
2014-12-11,34.049999
2014-12-12,33.380001
2014-12-15,32.869999
2014-12-16,33.189999
2014-12-17,34.220001
2014-12-18,35.41
2014-12-19,35.43
2014-12-22,34.599998
2014-12-23,35.080002
2014-12-24,34.889998999999996
2014-12-26,34.869999
2014-12-29,35.459998999999996
2014-12-30,35.220001
2014-12-31,34.450001
2015-01-02,34.48
2015-01-05,33.060001
2015-01-06,31.98
2015-01-07,32.209998999999996
2015-01-08,32.470001
2015-01-09,32.029999
2015-01-12,31.639999
2015-01-13,31.209999
2015-01-14,30.0
2015-01-15,29.469998999999998
2015-01-16,29.42
2015-01-20,29.25
2015-01-21,29.459999
2015-01-22,30.059998999999998
2015-01-23,29.84
2015-01-26,30.059998999999998
2015-01-27,30.049999
2015-01-28,29.780001000000002
2015-01-29,29.74
2015-01-30,28.99
2015-02-02,29.280001000000002
2015-02-03,29.57
2015-02-04,30.1
2015-02-05,29.190001000000002
2015-02-06,29.91
2015-02-09,30.049999
2015-02-10,30.84
2015-02-11,30.6
2015-02-12,30.35
2015-02-13,31.450001
2015-02-17,30.799999
2015-02-18,30.9
2015-02-19,31.1
2015-02-20,30.93
2015-02-23,32.34
2015-02-24,33.0
2015-02-25,32.939999
2015-02-26,32.450001
2015-02-27,32.299999
2015-03-02,32.650002
2015-03-03,33.990002000000004
2015-03-04,33.799999
2015-03-05,33.560001
2015-03-06,33.080002
2015-03-09,32.810001
2015-03-10,32.369999
2015-03-11,32.400002
2015-03-12,32.389998999999996
2015-03-13,32.029999
2015-03-16,32.599998
2015-03-17,32.110001000000004
2015-03-18,31.65
2015-03-19,31.82
2015-03-20,32.450001
2015-03-23,32.549999
2015-03-24,32.509997999999996
2015-03-25,31.549999
2015-03-26,30.93
2015-03-27,31.27
2015-03-30,31.09
2015-03-31,30.76
2015-04-01,30.91
2015-04-02,32.150002
2015-04-06,32.709998999999996
2015-04-07,32.919998
2015-04-08,32.84
2015-04-09,33.209998999999996
2015-04-10,33.040001000000004
2015-04-13,33.029999
2015-04-14,32.939999
2015-04-15,33.380001
2015-04-16,33.18
2015-04-17,32.799999
2015-04-20,33.959998999999996
2015-04-21,33.48
2015-04-22,33.529999
2015-04-23,33.639998999999996
2015-04-24,32.709998999999996
2015-04-27,32.240002000000004
2015-04-28,31.700001
2015-04-29,32.189999
2015-04-30,32.360001000000004
2015-05-01,32.740002000000004
2015-05-04,33.369999
2015-05-05,32.59
2015-05-06,32.0
2015-05-07,31.51
2015-05-08,31.33
2015-05-11,30.780001000000002
2015-05-12,32.02
2015-05-13,31.440001000000002
2015-05-14,31.4
2015-05-15,31.76
2015-05-18,32.98
2015-05-19,33.330002
2015-05-20,33.57
2015-05-21,33.299999
2015-05-22,33.150002
2015-05-26,32.849998
2015-05-27,33.099998
2015-05-28,33.049999
2015-05-29,33.939999
2015-06-01,33.93
2015-06-02,33.950001
2015-06-03,33.970001
2015-06-04,33.860001000000004
2015-06-05,34.450001
2015-06-08,33.779999
2015-06-09,33.439999
2015-06-10,33.23
2015-06-11,32.959998999999996
2015-06-12,32.509997999999996
2015-06-15,32.73
2015-06-16,32.889998999999996
2015-06-17,33.34
2015-06-18,33.900002
2015-06-19,33.91
2015-06-22,33.939999
2015-06-23,34.040001000000004
2015-06-24,33.75
2015-06-25,33.599998
2015-06-26,33.84
2015-06-29,33.220001
2015-06-30,33.259997999999996
2015-07-01,33.290001000000004
2015-07-02,33.18
2015-07-06,33.09
2015-07-07,33.799999
2015-07-08,32.779999
2015-07-09,32.529999
2015-07-10,33.380001
2015-07-13,33.529999
2015-07-14,34.009997999999996
2015-07-15,33.919998
2015-07-16,34.799999
2015-07-17,33.310001
2015-07-20,32.639998999999996
2015-07-21,31.82
2015-07-22,32.43
2015-07-23,32.150002
2015-07-24,31.799999
2015-07-27,31.540001
2015-07-28,31.309998999999998
2015-07-29,31.610001
2015-07-30,32.23
2015-07-31,33.02
2015-08-03,32.709998999999996
2015-08-04,32.860001000000004
2015-08-05,28.870001000000002
2015-08-06,29.879998999999998
2015-08-07,29.440001000000002
2015-08-10,29.549999
2015-08-11,28.74
2015-08-12,28.93
2015-08-13,28.48
2015-08-14,28.309998999999998
2015-08-17,29.32
2015-08-18,29.049999
2015-08-19,28.780001000000002
2015-08-20,27.32
2015-08-21,27.1
2015-08-24,26.049999
2015-08-25,25.82
2015-08-26,26.52
2015-08-27,26.91
2015-08-28,27.110001
2015-08-31,26.6
2015-09-01,26.280001000000002
2015-09-02,26.75
2015-09-03,27.120001000000002
2015-09-04,26.73
2015-09-08,27.219998999999998
2015-09-09,26.82
2015-09-10,26.9
2015-09-11,26.940001000000002
2015-09-14,26.57
2015-09-15,26.99
2015-09-16,27.889999
2015-09-17,28.290001
2015-09-18,28.280001000000002
2015-09-21,28.809998999999998
2015-09-22,27.809998999999998
2015-09-23,27.67
2015-09-24,27.65
2015-09-25,27.84
2015-09-28,27.780001000000002
2015-09-29,26.4
2015-09-30,26.030001000000002
2015-10-01,25.360001
2015-10-02,26.09
2015-10-05,26.879998999999998
2015-10-06,27.209999
2015-10-07,28.01
2015-10-08,28.84
2015-10-09,28.9
2015-10-12,28.84
2015-10-13,28.83
2015-10-14,28.35
2015-10-15,28.860001
2015-10-16,28.49
2015-10-19,28.700001
2015-10-20,29.18
2015-10-21,28.809998999999998
2015-10-22,29.450001
2015-10-23,29.77
2015-10-26,29.290001
2015-10-27,28.780001000000002
2015-10-28,29.530001000000002
2015-10-29,29.370001000000002
2015-10-30,29.440001000000002
2015-11-02,30.059998999999998
2015-11-03,31.08
2015-11-04,30.299999
2015-11-05,29.51
2015-11-06,29.01
2015-11-09,29.0
2015-11-10,30.059998999999998
2015-11-11,30.610001
2015-11-12,30.16
2015-11-13,29.98
2015-11-16,30.59
2015-11-17,30.1
2015-11-18,30.780001000000002
2015-11-19,30.559998999999998
2015-11-20,30.77
2015-11-23,30.709999
2015-11-24,30.950001
2015-11-25,31.120001000000002
2015-11-27,31.08
2015-11-30,31.139999
2015-12-01,31.08
2015-12-02,30.18
2015-12-03,30.120001000000002
2015-12-04,30.73
2015-12-07,30.700001
2015-12-08,29.43
2015-12-09,28.450001
2015-12-10,28.389999
2015-12-11,27.370001000000002
2015-12-14,26.450001
2015-12-15,26.52
2015-12-16,27.18
2015-12-17,26.48
2015-12-18,26.219998999999998
2015-12-21,26.280001000000002
2015-12-22,26.870001000000002
2015-12-23,27.139999
2015-12-24,27.09
2015-12-28,26.84
2015-12-29,26.9
2015-12-30,26.559998999999998
2015-12-31,26.68
2016-01-04,26.41
2016-01-05,26.469998999999998
2016-01-06,26.280001000000002
2016-01-07,25.48
2016-01-08,26.01
2016-01-11,25.83
2016-01-12,26.33
2016-01-13,25.540001
2016-01-14,26.299999
2016-01-15,25.889999
2016-01-19,25.790001
2016-01-20,25.530001000000002
2016-01-21,25.889999
2016-01-22,26.9
2016-01-25,26.25
2016-01-26,27.42
2016-01-27,27.1
2016-01-28,26.73
2016-01-29,27.59
2016-02-01,27.639999
2016-02-02,26.4
2016-02-03,27.27
2016-02-04,27.700001
2016-02-05,27.209999
2016-02-08,26.02
2016-02-09,24.719998999999998
2016-02-10,24.75
2016-02-11,24.33
2016-02-12,25.0
2016-02-16,25.559998999999998
2016-02-17,26.709999
2016-02-18,25.620001000000002
2016-02-19,25.35
2016-02-22,26.190001000000002
2016-02-23,25.190001000000002
2016-02-24,25.200001
2016-02-25,24.879998999999998
2016-02-26,25.08
2016-02-29,25.0
2016-03-01,26.43
2016-03-02,26.780001000000002
2016-03-03,27.629998999999998
2016-03-04,27.6
2016-03-07,28.059998999999998
2016-03-08,27.18
2016-03-09,27.67
2016-03-10,27.639999
2016-03-11,28.440001000000002
2016-03-14,27.93
2016-03-15,27.66
2016-03-16,28.549999
2016-03-17,29.1
2016-03-18,29.42
2016-03-21,29.24
2016-03-22,28.870001000000002
2016-03-23,27.809998999999998
2016-03-24,27.99
2016-03-28,28.23
2016-03-29,28.24
2016-03-30,28.09
2016-03-31,28.629998999999998
2016-04-01,28.9
2016-04-04,28.879998999999998
2016-04-05,28.620001000000002
2016-04-06,28.93
2016-04-07,27.91
2016-04-08,28.17
2016-04-11,28.35
2016-04-12,28.379998999999998
2016-04-13,28.700001
2016-04-14,28.379998999999998
2016-04-15,28.34
2016-04-18,28.549999
2016-04-19,28.34
2016-04-20,28.16
2016-04-21,28.370001000000002
2016-04-22,28.799999
2016-04-25,27.93
2016-04-26,28.200001
2016-04-27,28.440001000000002
2016-04-28,28.15
2016-04-29,27.309998999999998
2016-05-02,27.93
2016-05-03,27.0
2016-05-04,26.59
2016-05-05,27.74
2016-05-06,28.280001000000002
2016-05-09,28.15
2016-05-10,29.309998999999998
2016-05-11,28.969998999999998
2016-05-12,28.139999
2016-05-13,27.98
2016-05-16,27.530001000000002
2016-05-17,27.450001
2016-05-18,26.709999
2016-05-19,26.1
2016-05-20,26.17
2016-05-23,26.24
2016-05-24,26.530001000000002
2016-05-25,27.0
2016-05-26,27.07
2016-05-27,27.549999
2016-05-31,27.85
2016-06-01,27.809998999999998
2016-06-02,28.299999
2016-06-03,28.389999
2016-06-06,28.879998999999998
2016-06-07,27.85
2016-06-08,28.040001
2016-06-09,27.33
2016-06-10,26.15
2016-06-13,25.969998999999998
2016-06-14,25.67
2016-06-15,25.540001
2016-06-16,25.549999
2016-06-17,25.59
2016-06-20,26.09
2016-06-21,25.76
2016-06-22,25.99
2016-06-23,26.370001000000002
2016-06-24,24.459999
2016-06-27,23.73
2016-06-28,23.91
2016-06-29,24.379998999999998
2016-06-30,25.23
2016-07-01,25.25
2016-07-05,24.77
2016-07-06,25.1
2016-07-07,25.41
2016-07-08,25.620001000000002
2016-07-11,25.25
2016-07-12,25.540001
2016-07-13,25.49
2016-07-14,25.700001
2016-07-15,25.059998999999998
2016-07-18,25.299999
2016-07-19,25.17
2016-07-20,25.309998999999998
2016-07-21,25.4
2016-07-22,25.51
2016-07-25,25.459999
2016-07-26,25.639999
2016-07-27,25.459999
2016-07-28,25.26
2016-07-29,25.09
2016-08-01,24.77
2016-08-02,26.42
2016-08-03,26.83
2016-08-04,26.42
2016-08-05,26.33
2016-08-08,26.200001
2016-08-09,25.65
2016-08-10,25.76
2016-08-11,26.1
2016-08-12,26.35
2016-08-15,26.58
2016-08-16,26.35
2016-08-17,26.969998999999998
2016-08-18,26.84
2016-08-19,26.73
2016-08-22,26.559998999999998
2016-08-23,26.389999
2016-08-24,26.110001
2016-08-25,25.870001000000002
2016-08-26,25.73
2016-08-29,25.66
2016-08-30,25.59
2016-08-31,25.51
2016-09-01,25.690001000000002
2016-09-02,25.889999
2016-09-06,25.09
2016-09-07,25.07
2016-09-08,25.379998999999998
2016-09-09,24.549999
2016-09-12,25.18
2016-09-13,24.73
2016-09-14,24.74
2016-09-15,24.41
2016-09-16,24.35
2016-09-19,24.549999
2016-09-20,24.27
2016-09-21,24.530001000000002
2016-09-22,25.709999
2016-09-23,26.09
2016-09-26,26.16
2016-09-27,26.370001000000002
2016-09-28,26.799999
2016-09-29,26.809998999999998
2016-09-30,26.92
2016-10-03,27.389999
2016-10-04,27.4
2016-10-05,27.690001000000002
2016-10-06,27.84
2016-10-07,27.17
2016-10-10,27.040001
2016-10-11,26.4
2016-10-12,26.17
2016-10-13,25.68
2016-10-14,25.34
2016-10-17,25.290001
2016-10-18,25.209999
2016-10-19,25.610001
2016-10-20,25.709999
2016-10-21,26.639999
2016-10-24,26.620001000000002
2016-10-25,26.18
2016-10-26,26.440001000000002
2016-10-27,26.16
2016-10-28,25.85
2016-10-31,26.110001
2016-11-01,25.790001
2016-11-02,25.200001
2016-11-03,25.780001000000002
2016-11-04,25.639999
2016-11-07,25.549999
2016-11-08,25.85
2016-11-09,25.9
2016-11-10,26.030001000000002
2016-11-11,26.440001000000002
2016-11-14,28.35
2016-11-15,27.799999
2016-11-16,27.629998999999998
2016-11-17,28.030001000000002
2016-11-18,27.5
2016-11-21,27.549999
2016-11-22,27.459999
2016-11-23,27.35
2016-11-25,27.540001
2016-11-28,27.219998999999998
2016-11-29,27.65
2016-11-30,27.09
2016-12-01,27.15
2016-12-02,26.6
2016-12-05,27.389999
2016-12-06,27.790001
2016-12-07,28.799999
2016-12-08,29.549999
2016-12-09,29.1
2016-12-12,28.58
2016-12-13,28.77
2016-12-14,28.68
2016-12-15,28.85
2016-12-16,28.389999
2016-12-19,28.17
2016-12-20,28.49
2016-12-21,28.440001000000002
2016-12-22,28.129998999999998
2016-12-23,28.0
2016-12-27,28.120001000000002
2016-12-28,27.889999
2016-12-29,27.690001000000002
2016-12-30,27.41
2017-01-03,27.959999
2017-01-04,28.290001
2017-01-05,27.200001
2017-01-06,27.48
2017-01-09,26.870001000000002
2017-01-10,26.34
2017-01-11,26.51
2017-01-12,27.200001
2017-01-13,27.4
2017-01-17,27.809998999999998
2017-01-18,28.01
2017-01-19,28.0
2017-01-20,27.889999
2017-01-23,28.27
2017-01-24,28.49
2017-01-25,27.58
2017-01-26,27.9
2017-01-27,28.059998999999998
2017-01-30,27.98
2017-01-31,28.35
2017-02-01,28.040001
2017-02-02,27.790001
2017-02-03,28.09
2017-02-06,27.969998999999998
2017-02-07,27.99
2017-02-08,27.530001000000002
2017-02-09,27.959999
2017-02-10,28.48
2017-02-13,29.030001000000002
2017-02-14,28.530001000000002
2017-02-15,28.49
2017-02-16,28.57
2017-02-17,28.68
2017-02-21,29.620001000000002
2017-02-22,29.51
2017-02-23,29.5
2017-02-24,29.27
2017-02-27,29.049999
2017-02-28,28.76
2017-03-01,28.52
2017-03-02,28.49
2017-03-03,27.889999
2017-03-06,27.780001000000002
2017-03-07,27.75
2017-03-08,27.98
2017-03-09,27.860001
2017-03-10,27.690001000000002
2017-03-13,27.5
2017-03-14,27.459999
2017-03-15,28.0
2017-03-16,28.15
2017-03-17,28.01
2017-03-20,27.73
2017-03-21,27.440001000000002
2017-03-22,27.540001
2017-03-23,27.67
2017-03-24,27.540001
2017-03-27,27.629998999999998
2017-03-28,27.68
2017-03-29,28.059998999999998
2017-03-30,28.700001
2017-03-31,29.09
2017-04-03,28.93
2017-04-04,29.27
2017-04-05,29.360001
2017-04-06,29.299999
2017-04-07,29.209999
2017-04-10,29.190001000000002
2017-04-11,29.040001
2017-04-12,28.690001000000002
2017-04-13,28.290001
2017-04-17,28.5
2017-04-18,28.610001
2017-04-19,28.92
2017-04-20,29.32
2017-04-21,29.16
2017-04-24,29.4
2017-04-25,29.290001
2017-04-26,29.389999
2017-04-27,29.389999
2017-04-28,28.780001000000002
2017-05-01,27.98
2017-05-02,27.959999
2017-05-03,26.780001000000002
2017-05-04,26.629998999999998
2017-05-05,27.09
2017-05-08,27.25
2017-05-09,26.66
2017-05-10,26.110001
2017-05-11,26.33
2017-05-12,26.07
2017-05-15,26.01
2017-05-16,25.58
2017-05-17,25.110001
2017-05-18,25.18
2017-05-19,25.870001000000002
2017-05-22,26.209999
2017-05-23,25.629998999999998
2017-05-24,25.459999
2017-05-25,25.6
2017-05-26,25.870001000000002
2017-05-30,26.200001
2017-05-31,26.5
2017-06-01,26.74
2017-06-02,26.49
2017-06-05,26.209999
2017-06-06,26.16
2017-06-07,26.41
2017-06-08,26.07
2017-06-09,26.1
2017-06-12,26.59
2017-06-13,26.440001000000002
2017-06-14,26.27
2017-06-15,26.41
2017-06-16,26.52
2017-06-19,26.43
2017-06-20,25.51
2017-06-21,25.58
2017-06-22,25.52
2017-06-23,25.790001
2017-06-26,26.200001
2017-06-27,26.129998999999998
2017-06-28,26.139999
2017-06-29,26.0
2017-06-30,25.83
2017-07-03,26.200001
2017-07-05,26.08
2017-07-06,25.780001000000002
2017-07-07,25.82
2017-07-10,26.25
2017-07-11,26.200001
2017-07-12,26.17
2017-07-13,26.16
2017-07-14,26.219998999999998
2017-07-17,26.4
2017-07-18,26.049999
2017-07-19,27.18
2017-07-20,26.6
2017-07-21,26.549999
2017-07-24,26.49
2017-07-25,25.93
2017-07-26,26.58
2017-07-27,26.389999
2017-07-28,26.799999
2017-07-31,24.6
2017-08-01,24.379998999999998
2017-08-02,25.01
2017-08-03,24.74
2017-08-04,23.73
2017-08-07,24.25
2017-08-08,24.299999
2017-08-09,23.6
2017-08-10,23.0
2017-08-11,22.91
2017-08-14,22.9
2017-08-15,22.76
2017-08-16,22.6
2017-08-17,22.24
2017-08-18,22.49
2017-08-21,22.34
2017-08-22,22.49
2017-08-23,22.49
2017-08-24,22.52
2017-08-25,22.66
2017-08-28,22.809998999999998
2017-08-29,22.450001
2017-08-30,22.190001000000002
2017-08-31,22.209999
2017-09-01,22.16
2017-09-05,21.620001000000002
2017-09-06,21.860001
2017-09-07,21.34
2017-09-08,21.25
2017-09-11,20.799999
2017-09-12,21.0
2017-09-13,21.200001
2017-09-14,21.48
2017-09-15,21.940001000000002
2017-09-18,21.32
2017-09-19,21.290001
2017-09-20,21.26
2017-09-21,21.35
2017-09-22,21.41
2017-09-25,21.35
2017-09-26,21.280001000000002
2017-09-27,21.469998999999998
2017-09-28,21.389999
2017-09-29,21.290001
2017-10-02,21.530001000000002
2017-10-03,21.530001000000002
2017-10-04,21.719998999999998
2017-10-05,21.52
2017-10-06,21.41
2017-10-09,20.83
2017-10-10,20.530001000000002
2017-10-11,20.0
2017-10-12,19.280001000000002
2017-10-13,19.24
2017-10-16,19.059998999999998
2017-10-17,19.16
2017-10-18,19.629998999999998
2017-10-19,20.09
2017-10-20,20.290001
2017-10-23,19.620001000000002
2017-10-24,19.459999
2017-10-25,19.26
2017-10-26,19.34
2017-10-27,19.08
2017-10-30,18.98
2017-10-31,18.879998999999998
2017-11-01,19.16
2017-11-02,17.309998999999998
2017-11-03,16.52
2017-11-06,17.1
2017-11-07,17.33
2017-11-08,17.1
2017-11-09,17.17
2017-11-10,17.190001000000002
2017-11-13,16.99
2017-11-14,16.280001000000002
2017-11-15,16.719998999999998
2017-11-16,16.76
2017-11-17,17.549999
2017-11-20,17.360001
2017-11-21,17.25
2017-11-22,17.790001
2017-11-24,17.5
2017-11-27,17.469998999999998
2017-11-28,17.969998999999998
2017-11-29,18.870001000000002
2017-11-30,19.02
2017-12-01,19.459999
2017-12-04,20.85
2017-12-05,19.860001
2017-12-06,19.440001000000002
2017-12-07,19.530001000000002
2017-12-08,19.66
2017-12-11,19.77
2017-12-12,19.65
2017-12-13,19.790001
2017-12-14,20.040001
2017-12-15,21.040001
2017-12-18,21.639999
2017-12-19,22.01
2017-12-20,22.370001000000002
2017-12-21,23.360001
2017-12-22,23.73
2017-12-26,23.57
2017-12-27,23.049999
2017-12-28,22.549999
2017-12-29,22.379998999999998
2018-01-02,23.110001
2018-01-03,22.620001000000002
2018-01-04,22.129998999999998
2018-01-05,22.0
2018-01-08,22.370001000000002
2018-01-09,21.65
2018-01-10,22.83
2018-01-11,24.01
2018-01-12,24.33
2018-01-16,24.530001000000002
2018-01-17,24.700001
2018-01-18,25.59
2018-01-19,25.709999
2018-01-22,26.33
2018-01-23,25.700001
2018-01-24,26.01
2018-01-25,25.73
2018-01-26,26.040001
2018-01-29,25.91
2018-01-30,24.969998999999998
2018-01-31,25.07
2018-02-01,25.280001000000002
2018-02-02,23.809998999999998
2018-02-05,22.780001000000002
2018-02-06,23.84
2018-02-07,23.120001000000002
2018-02-08,22.870001000000002
2018-02-09,22.610001
2018-02-12,23.09
2018-02-13,23.530001000000002
2018-02-14,23.83
2018-02-15,24.040001
2018-02-16,23.860001
2018-02-20,24.309998999999998
2018-02-21,24.09
2018-02-22,23.799999
2018-02-23,24.01
2018-02-26,25.17
2018-02-27,26.040001
2018-02-28,24.32
2018-03-01,24.059998999999998
2018-03-02,24.67
2018-03-05,24.540001
2018-03-06,24.42
2018-03-07,23.940001000000002
2018-03-08,23.959999
2018-03-09,24.190001000000002
2018-03-12,24.42
2018-03-13,24.25
2018-03-14,24.07
2018-03-15,23.4
2018-03-16,23.209999
2018-03-19,22.950001
2018-03-20,21.99
2018-03-21,22.16
2018-03-22,21.52
2018-03-23,21.08
2018-03-26,21.74
2018-03-27,21.68
2018-03-28,21.17
2018-03-29,21.43
2018-04-02,21.58
2018-04-03,22.030001000000002
2018-04-04,22.540001
2018-04-05,22.629998999999998
2018-04-06,22.620001000000002
2018-04-09,22.530001000000002
2018-04-10,22.6
2018-04-11,22.549999
2018-04-12,23.18
2018-04-13,22.83
2018-04-16,23.4
2018-04-17,23.77
2018-04-18,23.51
2018-04-19,23.379998999999998
2018-04-20,23.16
2018-04-23,23.77
2018-04-24,23.940001000000002
2018-04-25,24.1
2018-04-26,24.15
2018-04-27,23.950001
2018-04-30,23.65
2018-05-01,24.01
2018-05-02,23.58
2018-05-03,22.870001000000002
2018-05-04,23.16
2018-05-07,23.389999
2018-05-08,23.049999
2018-05-09,22.280001000000002
2018-05-10,23.82
2018-05-11,24.030001000000002
2018-05-14,23.83
2018-05-15,22.959999
2018-05-16,23.690001000000002
2018-05-17,23.02
2018-05-18,22.57
2018-05-21,22.629998999999998
2018-05-22,23.16
2018-05-23,22.57
2018-05-24,22.48
2018-05-25,22.34
2018-05-29,21.9
2018-05-30,21.4
2018-05-31,21.09
2018-06-01,20.950001
2018-06-04,21.09
2018-06-05,21.74
2018-06-06,22.360001
2018-06-07,22.77
2018-06-08,23.02
2018-06-11,23.889999
2018-06-12,24.02
2018-06-13,24.41
2018-06-14,25.5
2018-06-15,27.17
2018-06-18,27.209999
2018-06-19,27.549999
2018-06-20,28.209999
2018-06-21,27.940001000000002
2018-06-22,28.120001000000002
2018-06-25,28.1
2018-06-26,27.940001000000002
2018-06-27,28.190001000000002
2018-06-28,28.48
2018-06-29,27.5
2018-07-02,27.42
2018-07-03,27.360001
2018-07-05,27.639999
2018-07-06,27.870001000000002
2018-07-09,28.299999
2018-07-10,28.4
2018-07-11,27.67
2018-07-12,27.559998999999998
2018-07-13,27.440001000000002
2018-07-16,27.35
2018-07-17,26.379998999999998
2018-07-18,26.58
2018-07-19,26.690001000000002
2018-07-20,26.58
2018-07-23,26.700001
2018-07-24,26.07
2018-07-25,25.870001000000002
2018-07-26,26.25
2018-07-27,26.030001000000002
2018-07-30,26.15
2018-07-31,26.58
2018-08-01,26.219998999999998
2018-08-02,26.559998999999998
2018-08-03,27.059998999999998
2018-08-06,26.92
2018-08-07,25.549999
2018-08-08,25.65
2018-08-09,26.1
2018-08-10,25.99
2018-08-13,25.889999
2018-08-14,26.42
2018-08-15,26.059998999999998
2018-08-16,26.389999
2018-08-17,26.950001
2018-08-20,27.92
2018-08-21,29.549999
2018-08-22,29.07
2018-08-23,28.790001
2018-08-24,28.540001
2018-08-27,28.77
2018-08-28,28.290001
2018-08-29,28.34
2018-08-30,28.18
2018-08-31,27.83
2018-09-04,27.469998999999998
2018-09-05,27.459999
2018-09-06,27.620001000000002
2018-09-07,27.950001
2018-09-10,28.299999
2018-09-11,28.51
2018-09-12,30.700001
2018-09-13,31.84
2018-09-14,32.18
2018-09-17,32.02
2018-09-18,31.58
2018-09-19,32.049999
2018-09-20,32.259997999999996
2018-09-21,31.799999
2018-09-24,31.91
2018-09-25,31.549999
2018-09-26,31.51
2018-09-27,31.91
2018-09-28,32.0
2018-10-01,32.419998
2018-10-02,32.860001000000004
2018-10-03,33.32
2018-10-04,33.150002
2018-10-05,32.93
2018-10-08,33.009997999999996
2018-10-09,32.360001000000004
2018-10-10,32.060001
2018-10-11,31.02
2018-10-12,31.76
2018-10-15,32.299999
2018-10-16,33.060001
2018-10-17,33.049999
2018-10-18,33.130001
2018-10-19,33.400002
2018-10-22,33.380001
2018-10-23,32.779999
2018-10-24,29.82
2018-10-25,30.940001000000002
2018-10-26,30.129998999999998
2018-10-29,30.360001
2018-10-30,31.25
2018-10-31,32.389998999999996
2018-11-01,33.049999
2018-11-02,32.310001
2018-11-05,33.200001
2018-11-06,33.290001000000004
2018-11-07,33.080002
2018-11-08,33.799999
2018-11-09,32.98
2018-11-12,32.41
2018-11-13,32.110001000000004
2018-11-14,31.92
2018-11-15,31.76
2018-11-16,31.440001000000002
2018-11-19,30.469998999999998
2018-11-20,29.51
2018-11-21,30.360001
2018-11-23,30.43
2018-11-26,30.139999
2018-11-27,30.129998999999998
2018-11-28,31.309998999999998
2018-11-29,31.629998999999998
2018-11-30,30.719998999999998
2018-12-03,28.200001
2018-12-04,27.98
2018-12-06,29.15
2018-12-07,28.93
2018-12-10,28.370001000000002
2018-12-11,27.940001000000002
2018-12-12,28.379998999999998
2018-12-13,27.969998999999998
2018-12-14,27.969998999999998
2018-12-17,27.52
2018-12-18,26.9
2018-12-19,26.879998999999998
2018-12-20,25.860001
2018-12-21,25.049999
2018-12-24,24.469998999999998
2018-12-26,25.549999
2018-12-27,24.780001000000002
2018-12-28,24.639999
2018-12-31,24.74
2019-01-02,25.83
2019-01-03,25.68
2019-01-04,26.139999
2019-01-07,26.530001000000002
2019-01-08,27.24
2019-01-09,27.280001000000002
2019-01-10,26.809998999999998
2019-01-11,27.120001000000002
2019-01-14,27.0
2019-01-15,27.1
2019-01-16,27.110001
2019-01-17,27.299999
2019-01-18,27.709999
2019-01-22,26.6
2019-01-23,26.559998999999998
2019-01-24,27.32
2019-01-25,27.68
2019-01-28,27.790001
2019-01-29,27.4
2019-01-30,26.74
2019-01-31,28.379998999999998
2019-02-01,28.559998999999998
2019-02-04,28.290001
2019-02-05,29.040001
2019-02-06,29.120001000000002
2019-02-07,28.639999
2019-02-08,29.190001000000002
2019-02-11,28.639999
2019-02-12,28.129998999999998
2019-02-13,28.32
2019-02-14,28.77
2019-02-15,29.299999
2019-02-19,29.059998999999998
2019-02-20,29.09
2019-02-21,29.0
2019-02-22,29.209999
2019-02-25,29.209999
2019-02-26,28.389999
2019-02-27,28.639999
2019-02-28,28.9
2019-03-01,29.08
2019-03-04,28.780001000000002
2019-03-05,28.99
2019-03-06,28.809998999999998
2019-03-07,28.42
2019-03-08,28.92
2019-03-11,28.42
2019-03-12,28.370001000000002
2019-03-13,26.93
2019-03-14,27.43
2019-03-15,27.43
2019-03-18,27.23
2019-03-19,27.26
2019-03-20,26.690001000000002
2019-03-21,26.68
2019-03-22,26.67
2019-03-25,27.110001
2019-03-26,27.639999
2019-03-27,27.58
2019-03-28,26.91
2019-03-29,27.02
2019-04-01,27.75
2019-04-02,27.389999
2019-04-03,27.870001000000002
2019-04-04,28.879998999999998
2019-04-05,29.48
2019-04-08,28.870001000000002
2019-04-09,28.84
2019-04-10,30.59
2019-04-11,30.190001000000002
2019-04-12,30.02
2019-04-15,30.049999
2019-04-16,29.98
2019-04-17,30.41
2019-04-18,30.129998999999998
2019-04-22,29.120001000000002
2019-04-23,29.469998999999998
2019-04-24,30.379998999999998
2019-04-25,30.370001000000002
2019-04-26,31.51
2019-04-29,31.629998999999998
2019-04-30,30.9
2019-05-01,30.889999
2019-05-02,29.26
2019-05-03,29.34
2019-05-06,29.139999
2019-05-07,28.690001000000002
2019-05-08,28.92
2019-05-09,28.450001
2019-05-10,28.459999
2019-05-13,27.34
2019-05-14,27.74
2019-05-15,27.75
2019-05-16,27.879998999999998
2019-05-17,27.870001000000002
2019-05-20,27.309998999999998
2019-05-21,28.01
2019-05-22,27.42
2019-05-23,27.24
2019-05-24,27.139999
2019-05-28,27.92
2019-05-29,27.469998999999998
2019-05-30,27.129998999999998
2019-05-31,27.26
2019-06-03,27.32
2019-06-04,28.620001000000002
2019-06-05,28.049999
2019-06-06,28.379998999999998
2019-06-07,28.42
2019-06-10,28.25
2019-06-11,28.969998999999998
2019-06-12,29.23
2019-06-13,29.889999
2019-06-14,29.02
2019-06-17,29.52
2019-06-18,29.65
2019-06-19,30.5
2019-06-20,30.93
2019-06-21,30.690001000000002
2019-06-24,31.01
2019-06-25,29.93
2019-06-26,29.52
2019-06-27,29.74
2019-06-28,30.700001
2019-07-01,30.68
2019-07-02,30.879998999999998
2019-07-03,30.9
2019-07-05,31.26
2019-07-08,31.299999
2019-07-09,31.629998999999998
2019-07-10,31.65
2019-07-11,31.620001000000002
2019-07-12,32.41
2019-07-15,32.380001
2019-07-16,32.57
2019-07-17,31.799999
2019-07-18,31.32
2019-07-19,31.459999
2019-07-22,30.98
2019-07-23,30.889999
2019-07-24,31.49
2019-07-25,31.459999
2019-07-26,31.469998999999998
2019-07-29,31.08
2019-07-30,31.02
2019-07-31,30.309998999999998
2019-08-01,29.940001000000002
2019-08-02,29.43
2019-08-05,29.18
2019-08-06,29.540001
2019-08-07,29.860001
2019-08-08,29.67
2019-08-09,29.459999
2019-08-12,29.25
2019-08-13,29.6
2019-08-14,27.49
2019-08-15,27.17
2019-08-16,27.950001
2019-08-19,28.42
2019-08-20,28.209999
2019-08-21,28.280001000000002
2019-08-22,28.030001000000002
2019-08-23,27.01
2019-08-26,27.200001
2019-08-27,26.469998999999998
2019-08-28,26.940001000000002
2019-08-29,27.73
2019-08-30,27.6
2019-09-03,26.889999
2019-09-04,27.040001
2019-09-05,27.4
2019-09-06,27.34
2019-09-09,27.299999
2019-09-10,28.43
2019-09-11,28.549999
2019-09-12,28.110001
2019-09-13,27.889999
2019-09-16,27.969998999999998
2019-09-17,27.200001
2019-09-18,27.209999
2019-09-19,26.67
2019-09-20,26.23
2019-09-23,26.58
2019-09-24,26.42
2019-09-25,26.690001000000002
2019-09-26,26.459999
2019-09-27,26.799999
2019-09-30,26.629998999999998
2019-10-01,26.77
2019-10-02,26.43
2019-10-03,27.02
2019-10-04,27.01
2019-10-07,27.379998999999998
2019-10-08,26.83
2019-10-09,27.01
2019-10-10,27.35
2019-10-11,27.969998999999998
2019-10-14,27.75
2019-10-15,27.860001
2019-10-16,27.799999
2019-10-17,27.889999
2019-10-18,27.709999
2019-10-21,27.690001000000002
2019-10-22,28.17
2019-10-23,28.16
2019-10-24,27.540001
2019-10-25,27.57
2019-10-28,27.790001
2019-10-29,27.42
2019-10-30,26.91
2019-10-31,26.959999
2019-11-01,27.26
2019-11-04,27.809998999999998
2019-11-05,27.950001
2019-11-06,27.690001000000002
2019-11-07,31.030001000000002
2019-11-08,30.91
2019-11-11,30.959999
2019-11-12,30.74
2019-11-13,29.879998999999998
2019-11-14,29.9
2019-11-15,29.719998999999998
2019-11-18,30.76
2019-11-19,31.57
2019-11-20,32.02
2019-11-21,32.139998999999996
2019-11-22,32.529999
2019-11-25,32.330002
2019-11-26,33.360001000000004
2019-11-27,33.119999
2019-11-29,32.939999
2019-12-02,32.740002000000004
2019-12-03,32.130001
2019-12-04,32.200001
2019-12-05,32.080002
2019-12-06,32.040001000000004
2019-12-09,32.02
2019-12-10,32.240002000000004
2019-12-11,32.09
2019-12-12,32.360001000000004
2019-12-13,32.34
2019-12-16,32.349998
2019-12-17,32.369999
2019-12-18,32.349998
2019-12-19,32.759997999999996
2019-12-20,32.950001
2019-12-23,32.900002
2019-12-24,33.029999
2019-12-26,33.279999
2019-12-27,33.130001
2019-12-30,32.759997999999996
2019-12-31,32.740002000000004
2020-01-02,32.220001
2020-01-03,32.029999
2020-01-06,31.959999
2020-01-07,32.07
2020-01-08,32.110001000000004
2020-01-09,32.25
2020-01-10,31.85
2020-01-13,31.790001
2020-01-14,31.9
2020-01-15,32.240002000000004
2020-01-16,32.77
2020-01-17,32.43
2020-01-21,31.969998999999998
2020-01-22,32.029999
2020-01-23,30.450001
2020-01-24,30.32
2020-01-27,30.200001
2020-01-28,30.52
2020-01-29,29.700001
2020-01-30,29.92
2020-01-31,29.26
2020-02-03,29.15
2020-02-04,29.74
2020-02-05,30.629998999999998
2020-02-06,30.049999
2020-02-07,29.790001
2020-02-10,29.83
2020-02-11,30.209999
2020-02-12,30.35
2020-02-13,30.33
2020-02-14,30.209999
2020-02-18,30.299999
2020-02-19,30.48
2020-02-20,29.98
2020-02-21,29.209999
2020-02-24,28.309998999999998
2020-02-25,27.42
2020-02-26,26.469998999999998
2020-02-27,24.67
2020-02-28,25.700001
2020-03-02,26.4
2020-03-03,26.24
2020-03-04,26.51
2020-03-05,25.23
2020-03-06,25.440001000000002
2020-03-09,23.65
2020-03-10,25.08
2020-03-11,24.059998999999998
2020-03-12,22.280001000000002
2020-03-13,22.889999
2020-03-16,20.629998999999998
2020-03-17,21.51
2020-03-18,19.879998999999998
2020-03-19,21.219998999999998
2020-03-20,18.76
2020-03-23,18.49
2020-03-24,20.030001000000002
2020-03-25,21.059998999999998
2020-03-26,20.93
2020-03-27,19.030001000000002
2020-03-30,20.01
2020-03-31,19.440001000000002
2020-04-01,19.450001
2020-04-02,18.68
2020-04-03,18.360001
2020-04-06,19.65
2020-04-07,20.67
2020-04-08,21.58
2020-04-09,22.32
2020-04-13,21.99
2020-04-14,22.299999
2020-04-15,21.35
2020-04-16,21.469998999999998
2020-04-17,22.139999
2020-04-20,21.700001
2020-04-21,20.780001000000002
2020-04-22,20.370001000000002
2020-04-23,20.389999
2020-04-24,21.02
2020-04-27,22.75
2020-04-28,23.42
2020-04-29,24.73
2020-04-30,22.42
2020-05-01,21.67
2020-05-04,21.870001000000002
2020-05-05,21.25
2020-05-06,20.85
2020-05-07,20.530001000000002
2020-05-08,21.09
