Date,ULTA
2007-10-25,29.82
2007-10-26,32.0
2007-10-29,34.700001
2007-10-30,35.43
2007-10-31,34.200001
2007-11-01,32.73
2007-11-02,32.419998
2007-11-05,31.5
2007-11-06,31.43
2007-11-07,29.35
2007-11-08,30.0
2007-11-09,29.9
2007-11-12,29.040001
2007-11-13,29.129998999999998
2007-11-14,29.950001
2007-11-15,30.200001
2007-11-16,30.690001000000002
2007-11-19,29.190001000000002
2007-11-20,27.0
2007-11-21,24.35
2007-11-23,24.17
2007-11-26,24.200001
2007-11-27,23.870001000000002
2007-11-28,24.85
2007-11-29,24.790001
2007-11-30,25.74
2007-12-03,26.299999
2007-12-04,25.85
2007-12-05,26.540001
2007-12-06,27.49
2007-12-07,27.98
2007-12-10,27.5
2007-12-11,20.91
2007-12-12,19.549999
2007-12-13,18.559998999999998
2007-12-14,18.549999
2007-12-17,17.860001
2007-12-18,17.700001
2007-12-19,17.75
2007-12-20,16.75
2007-12-21,16.58
2007-12-24,16.799999
2007-12-26,17.35
2007-12-27,17.27
2007-12-28,17.1
2007-12-31,17.15
2008-01-02,16.549999
2008-01-03,15.5
2008-01-04,14.49
2008-01-07,12.52
2008-01-08,13.55
2008-01-09,14.5
2008-01-10,16.07
2008-01-11,15.8
2008-01-14,16.049999
2008-01-15,15.61
2008-01-16,15.91
2008-01-17,14.76
2008-01-18,12.5
2008-01-22,12.58
2008-01-23,14.25
2008-01-24,14.3
2008-01-25,15.19
2008-01-28,15.5
2008-01-29,16.35
2008-01-30,15.55
2008-01-31,15.24
2008-02-01,14.75
2008-02-04,14.03
2008-02-05,14.0
2008-02-06,14.2
2008-02-07,15.92
2008-02-08,15.55
2008-02-11,15.09
2008-02-12,14.91
2008-02-13,14.93
2008-02-14,14.79
2008-02-15,14.79
2008-02-19,14.78
2008-02-20,14.92
2008-02-21,14.78
2008-02-22,14.0
2008-02-25,14.15
2008-02-26,15.17
2008-02-27,14.82
2008-02-28,14.62
2008-02-29,14.01
2008-03-03,14.75
2008-03-04,14.32
2008-03-05,14.44
2008-03-06,14.3
2008-03-07,13.48
2008-03-10,12.69
2008-03-11,12.82
2008-03-12,12.22
2008-03-13,10.49
2008-03-14,10.7
2008-03-17,11.28
2008-03-18,11.8
2008-03-19,11.5
2008-03-20,12.78
2008-03-24,13.99
2008-03-25,15.02
2008-03-26,14.65
2008-03-27,14.47
2008-03-28,14.02
2008-03-31,14.04
2008-04-01,14.32
2008-04-02,13.98
2008-04-03,14.07
2008-04-04,13.82
2008-04-07,13.52
2008-04-08,14.18
2008-04-09,13.73
2008-04-10,14.91
2008-04-11,14.3
2008-04-14,14.41
2008-04-15,14.22
2008-04-16,14.12
2008-04-17,14.0
2008-04-18,14.1
2008-04-21,14.04
2008-04-22,13.27
2008-04-23,13.29
2008-04-24,13.4
2008-04-25,13.88
2008-04-28,13.81
2008-04-29,14.17
2008-04-30,14.15
2008-05-01,14.96
2008-05-02,14.85
2008-05-05,14.55
2008-05-06,14.37
2008-05-07,14.5
2008-05-08,14.35
2008-05-09,14.21
2008-05-12,14.27
2008-05-13,14.6
2008-05-14,14.69
2008-05-15,14.92
2008-05-16,14.62
2008-05-19,14.16
2008-05-20,13.92
2008-05-21,14.34
2008-05-22,14.29
2008-05-23,13.76
2008-05-27,14.37
2008-05-28,14.99
2008-05-29,14.9
2008-05-30,14.26
2008-06-02,14.29
2008-06-03,13.98
2008-06-04,13.33
2008-06-05,14.31
2008-06-06,13.84
2008-06-09,13.35
2008-06-10,14.02
2008-06-11,13.08
2008-06-12,12.58
2008-06-13,12.95
2008-06-16,13.45
2008-06-17,13.05
2008-06-18,12.22
2008-06-19,12.23
2008-06-20,12.66
2008-06-23,11.58
2008-06-24,11.62
2008-06-25,11.29
2008-06-26,10.49
2008-06-27,11.27
2008-06-30,11.24
2008-07-01,11.3
2008-07-02,10.79
2008-07-03,10.08
2008-07-07,9.62
2008-07-08,10.05
2008-07-09,9.75
2008-07-10,9.75
2008-07-11,9.44
2008-07-14,9.57
2008-07-15,9.59
2008-07-16,10.0
2008-07-17,10.35
2008-07-18,9.89
2008-07-21,10.36
2008-07-22,10.73
2008-07-23,11.49
2008-07-24,11.46
2008-07-25,11.39
2008-07-28,10.6
2008-07-29,11.04
2008-07-30,10.93
2008-07-31,9.43
2008-08-01,9.45
2008-08-04,9.38
2008-08-05,9.5
2008-08-06,9.87
2008-08-07,10.22
2008-08-08,11.11
2008-08-11,11.58
2008-08-12,11.76
2008-08-13,11.91
2008-08-14,11.98
2008-08-15,12.17
2008-08-18,12.23
2008-08-19,11.88
2008-08-20,12.01
2008-08-21,11.6
2008-08-22,12.03
2008-08-25,11.44
2008-08-26,11.95
2008-08-27,11.2
2008-08-28,11.45
2008-08-29,10.88
2008-09-02,11.46
2008-09-03,11.38
2008-09-04,11.06
2008-09-05,12.63
2008-09-08,13.76
2008-09-09,13.44
2008-09-10,13.7
2008-09-11,13.92
2008-09-12,14.0
2008-09-15,13.73
2008-09-16,13.93
2008-09-17,13.86
2008-09-18,13.95
2008-09-19,14.7
2008-09-22,12.84
2008-09-23,12.69
2008-09-24,12.17
2008-09-25,12.58
2008-09-26,13.09
2008-09-29,13.08
2008-09-30,13.28
2008-10-01,13.16
2008-10-02,12.62
2008-10-03,12.16
2008-10-06,11.79
2008-10-07,10.9
2008-10-08,11.1
2008-10-09,10.34
2008-10-10,11.89
2008-10-13,11.45
2008-10-14,11.53
2008-10-15,10.31
2008-10-16,10.45
2008-10-17,10.57
2008-10-20,10.6
2008-10-21,10.23
2008-10-22,9.38
2008-10-23,9.32
2008-10-24,8.97
2008-10-27,8.05
2008-10-28,9.15
2008-10-29,9.88
2008-10-30,9.28
2008-10-31,8.82
2008-11-03,9.0
2008-11-04,10.04
2008-11-05,8.84
2008-11-06,8.63
2008-11-07,8.74
2008-11-10,9.04
2008-11-11,8.5
2008-11-12,7.98
2008-11-13,8.05
2008-11-14,7.6
2008-11-17,7.79
2008-11-18,7.57
2008-11-19,7.53
2008-11-20,7.18
2008-11-21,7.42
2008-11-24,8.74
2008-11-25,7.03
2008-11-26,7.07
2008-11-28,7.18
2008-12-01,5.76
2008-12-02,6.28
2008-12-03,6.99
2008-12-04,7.6
2008-12-05,8.47
2008-12-08,9.78
2008-12-09,9.67
2008-12-10,8.49
2008-12-11,8.34
2008-12-12,9.21
2008-12-15,9.01
2008-12-16,9.67
2008-12-17,9.51
2008-12-18,9.88
2008-12-19,10.3
2008-12-22,9.67
2008-12-23,9.27
2008-12-24,9.13
2008-12-26,9.06
2008-12-29,7.7
2008-12-30,8.06
2008-12-31,8.28
2009-01-02,8.3
2009-01-05,8.75
2009-01-06,8.99
2009-01-07,8.78
2009-01-08,6.97
2009-01-09,6.91
2009-01-12,6.78
2009-01-13,6.8
2009-01-14,6.47
2009-01-15,6.11
2009-01-16,6.05
2009-01-20,5.94
2009-01-21,6.5
2009-01-22,6.54
2009-01-23,6.5
2009-01-26,6.51
2009-01-27,6.59
2009-01-28,6.89
2009-01-29,6.43
2009-01-30,5.83
2009-02-02,6.15
2009-02-03,6.1
2009-02-04,5.92
2009-02-05,6.17
2009-02-06,6.75
2009-02-09,6.69
2009-02-10,6.51
2009-02-11,6.18
2009-02-12,6.2
2009-02-13,6.3
2009-02-17,5.96
2009-02-18,6.34
2009-02-19,5.89
2009-02-20,5.51
2009-02-23,5.58
2009-02-24,5.89
2009-02-25,5.67
2009-02-26,5.37
2009-02-27,5.6
2009-03-02,5.47
2009-03-03,5.16
2009-03-04,4.92
2009-03-05,4.62
2009-03-06,4.4
2009-03-09,4.29
2009-03-10,4.51
2009-03-11,4.67
2009-03-12,5.45
2009-03-13,5.62
2009-03-16,5.55
2009-03-17,6.16
2009-03-18,6.45
2009-03-19,6.28
2009-03-20,6.27
2009-03-23,6.48
2009-03-24,6.29
2009-03-25,6.47
2009-03-26,6.97
2009-03-27,6.95
2009-03-30,6.62
2009-03-31,6.62
2009-04-01,6.72
2009-04-02,6.63
2009-04-03,7.02
2009-04-06,6.93
2009-04-07,6.58
2009-04-08,6.8
2009-04-09,7.13
2009-04-13,7.94
2009-04-14,7.47
2009-04-15,7.57
2009-04-16,7.69
2009-04-17,8.03
2009-04-20,7.68
2009-04-21,8.21
2009-04-22,8.55
2009-04-23,8.36
2009-04-24,8.35
2009-04-27,8.19
2009-04-28,8.27
2009-04-29,8.56
2009-04-30,8.75
2009-05-01,8.56
2009-05-04,8.85
2009-05-05,8.92
2009-05-06,8.84
2009-05-07,8.36
2009-05-08,8.84
2009-05-11,8.93
2009-05-12,8.72
2009-05-13,8.36
2009-05-14,8.51
2009-05-15,8.52
2009-05-18,9.02
2009-05-19,8.9
2009-05-20,9.02
2009-05-21,8.87
2009-05-22,8.58
2009-05-26,8.94
2009-05-27,8.65
2009-05-28,8.4
2009-05-29,8.56
2009-06-01,9.04
2009-06-02,9.65
2009-06-03,9.7
2009-06-04,9.6
2009-06-05,11.52
2009-06-08,11.56
2009-06-09,10.34
2009-06-10,10.18
2009-06-11,9.8
2009-06-12,10.46
2009-06-15,9.77
2009-06-16,9.78
2009-06-17,9.75
2009-06-18,9.31
2009-06-19,9.37
2009-06-22,9.63
2009-06-23,9.34
2009-06-24,9.52
2009-06-25,9.96
2009-06-26,10.52
2009-06-29,10.93
2009-06-30,11.12
2009-07-01,11.37
2009-07-02,10.63
2009-07-06,10.96
2009-07-07,10.88
2009-07-08,10.74
2009-07-09,10.98
2009-07-10,10.79
2009-07-13,11.32
2009-07-14,10.54
2009-07-15,10.74
2009-07-16,10.44
2009-07-17,10.95
2009-07-20,11.0
2009-07-21,11.18
2009-07-22,11.53
2009-07-23,11.48
2009-07-24,11.38
2009-07-27,11.13
2009-07-28,11.33
2009-07-29,11.36
2009-07-30,11.52
2009-07-31,11.33
2009-08-03,11.61
2009-08-04,11.32
2009-08-05,11.11
2009-08-06,11.0
2009-08-07,11.54
2009-08-10,11.92
2009-08-11,11.51
2009-08-12,11.46
2009-08-13,11.31
2009-08-14,10.78
2009-08-17,10.28
2009-08-18,10.25
2009-08-19,10.66
2009-08-20,11.28
2009-08-21,11.63
2009-08-24,11.8
2009-08-25,11.93
2009-08-26,11.67
2009-08-27,11.87
2009-08-28,11.79
2009-08-31,11.52
2009-09-01,11.85
2009-09-02,12.15
2009-09-03,12.49
2009-09-04,15.0
2009-09-08,14.9
2009-09-09,14.41
2009-09-10,14.09
2009-09-11,14.03
2009-09-14,14.63
2009-09-15,14.56
2009-09-16,14.99
2009-09-17,15.22
2009-09-18,15.95
2009-09-21,15.62
2009-09-22,15.74
2009-09-23,15.69
2009-09-24,15.81
2009-09-25,15.63
2009-09-28,16.25
2009-09-29,16.530001000000002
2009-09-30,16.51
2009-10-01,16.030001000000002
2009-10-02,15.75
2009-10-05,16.33
2009-10-06,16.99
2009-10-07,16.629998999999998
2009-10-08,16.85
2009-10-09,17.41
2009-10-12,17.440001000000002
2009-10-13,17.059998999999998
2009-10-14,17.139999
2009-10-15,17.190001000000002
2009-10-16,16.68
2009-10-19,16.950001
2009-10-20,16.43
2009-10-21,16.120001000000002
2009-10-22,16.870001000000002
2009-10-23,16.02
2009-10-26,15.91
2009-10-27,15.73
2009-10-28,15.4
2009-10-29,15.88
2009-10-30,15.14
2009-11-02,15.38
2009-11-03,15.76
2009-11-04,15.96
2009-11-05,17.01
2009-11-06,17.02
2009-11-09,17.360001
2009-11-10,17.799999
2009-11-11,17.49
2009-11-12,17.059998999999998
2009-11-13,17.719998999999998
2009-11-16,18.15
2009-11-17,18.030001000000002
2009-11-18,17.49
2009-11-19,16.860001
2009-11-20,16.809998999999998
2009-11-23,17.280001000000002
2009-11-24,16.940001000000002
2009-11-25,16.780001000000002
2009-11-27,16.299999
2009-11-30,16.43
2009-12-01,17.48
2009-12-02,18.200001
2009-12-03,17.91
2009-12-04,17.9
2009-12-07,18.24
2009-12-08,17.9
2009-12-09,17.48
2009-12-10,17.440001000000002
2009-12-11,18.030001000000002
2009-12-14,18.83
2009-12-15,18.610001
2009-12-16,18.549999
2009-12-17,18.17
2009-12-18,17.860001
2009-12-21,17.73
2009-12-22,18.059998999999998
2009-12-23,18.4
2009-12-24,18.35
2009-12-28,18.24
2009-12-29,18.450001
2009-12-30,18.35
2009-12-31,18.16
2010-01-04,18.85
2010-01-05,18.76
2010-01-06,19.219998999999998
2010-01-07,20.860001
2010-01-08,21.610001
2010-01-11,21.280001000000002
2010-01-12,21.139999
2010-01-13,21.309998999999998
2010-01-14,20.440001000000002
2010-01-15,20.35
2010-01-19,20.209999
2010-01-20,20.1
2010-01-21,20.0
2010-01-22,20.049999
2010-01-25,19.74
2010-01-26,19.969998999999998
2010-01-27,19.91
2010-01-28,19.290001
2010-01-29,19.4
2010-02-01,19.790001
2010-02-02,19.49
2010-02-03,19.120001000000002
2010-02-04,18.01
2010-02-05,17.92
2010-02-08,17.870001000000002
2010-02-09,17.940001000000002
2010-02-10,17.290001
2010-02-11,17.75
2010-02-12,17.860001
2010-02-16,18.389999
2010-02-17,18.450001
2010-02-18,18.42
2010-02-19,17.940001000000002
2010-02-22,17.98
2010-02-23,17.719998999999998
2010-02-24,18.360001
2010-02-25,18.1
2010-02-26,18.33
2010-03-01,19.120001000000002
2010-03-02,19.67
2010-03-03,19.969998999999998
2010-03-04,21.209999
2010-03-05,21.4
2010-03-08,20.98
2010-03-09,21.17
2010-03-10,21.469998999999998
2010-03-11,21.540001
2010-03-12,23.33
2010-03-15,22.110001
2010-03-16,22.860001
2010-03-17,22.49
2010-03-18,22.639999
2010-03-19,21.700001
2010-03-22,22.07
2010-03-23,22.209999
2010-03-24,21.969998999999998
2010-03-25,22.719998999999998
2010-03-26,22.5
2010-03-29,22.809998999999998
2010-03-30,23.209999
2010-03-31,22.620001000000002
2010-04-01,22.15
2010-04-05,22.629998999999998
2010-04-06,23.190001000000002
2010-04-07,22.200001
2010-04-08,22.15
2010-04-09,23.200001
2010-04-12,23.219998999999998
2010-04-13,22.84
2010-04-14,23.26
2010-04-15,23.809998999999998
2010-04-16,23.610001
2010-04-19,22.17
2010-04-20,22.82
2010-04-21,23.18
2010-04-22,24.59
2010-04-23,25.360001
2010-04-26,24.969998999999998
2010-04-27,22.75
2010-04-28,22.98
2010-04-29,24.08
2010-04-30,23.120001000000002
2010-05-03,23.93
2010-05-04,23.01
2010-05-05,22.5
2010-05-06,21.99
2010-05-07,21.24
2010-05-10,22.82
2010-05-11,23.4
2010-05-12,24.700001
2010-05-13,24.18
2010-05-14,23.74
2010-05-17,23.76
2010-05-18,23.5
2010-05-19,23.51
2010-05-20,22.16
2010-05-21,23.32
2010-05-24,23.549999
2010-05-25,22.860001
2010-05-26,23.620001000000002
2010-05-27,24.59
2010-05-28,25.58
2010-06-01,24.75
2010-06-02,23.59
2010-06-03,23.9
2010-06-04,23.16
2010-06-07,22.23
2010-06-08,21.42
2010-06-09,21.9
2010-06-10,22.4
2010-06-11,24.68
2010-06-14,24.530001000000002
2010-06-15,25.120001000000002
2010-06-16,25.85
2010-06-17,25.799999
2010-06-18,26.18
2010-06-21,25.549999
2010-06-22,25.049999
2010-06-23,24.969998999999998
2010-06-24,24.42
2010-06-25,24.92
2010-06-28,25.82
2010-06-29,24.040001
2010-06-30,23.66
2010-07-01,23.0
2010-07-02,23.08
2010-07-06,22.209999
2010-07-07,23.35
2010-07-08,22.969998999999998
2010-07-09,23.51
2010-07-12,23.09
2010-07-13,23.889999
2010-07-14,23.6
2010-07-15,23.299999
2010-07-16,22.77
2010-07-19,22.9
2010-07-20,23.15
2010-07-21,22.860001
2010-07-22,24.120001000000002
2010-07-23,24.74
2010-07-26,25.42
2010-07-27,24.67
2010-07-28,24.610001
2010-07-29,25.440001000000002
2010-07-30,25.26
2010-08-02,25.43
2010-08-03,25.33
2010-08-04,24.9
2010-08-05,24.889999
2010-08-06,24.790001
2010-08-09,24.709999
2010-08-10,24.09
2010-08-11,22.950001
2010-08-12,22.969998999999998
2010-08-13,22.18
2010-08-16,22.58
2010-08-17,23.24
2010-08-18,24.040001
2010-08-19,23.440001000000002
2010-08-20,23.360001
2010-08-23,23.190001000000002
2010-08-24,22.959999
2010-08-25,23.58
2010-08-26,23.27
2010-08-27,23.709999
2010-08-30,23.540001
2010-08-31,22.700001
2010-09-01,22.26
2010-09-02,22.23
2010-09-03,26.299999
2010-09-07,26.4
2010-09-08,26.709999
2010-09-09,26.35
2010-09-10,26.209999
2010-09-13,27.65
2010-09-14,28.59
2010-09-15,28.01
2010-09-16,28.030001000000002
2010-09-17,28.15
2010-09-20,28.23
2010-09-21,29.110001
2010-09-22,27.940001000000002
2010-09-23,27.66
2010-09-24,28.93
2010-09-27,28.639999
2010-09-28,29.35
2010-09-29,29.82
2010-09-30,29.200001
2010-10-01,29.35
2010-10-04,28.41
2010-10-05,28.690001000000002
2010-10-06,28.299999
2010-10-07,28.530001000000002
2010-10-08,28.959999
2010-10-11,29.030001000000002
2010-10-12,30.9
2010-10-13,30.879998999999998
2010-10-14,30.42
2010-10-15,31.01
2010-10-18,31.66
2010-10-19,30.799999
2010-10-20,30.719998999999998
2010-10-21,30.889999
2010-10-22,31.07
2010-10-25,32.099998
2010-10-26,32.330002
2010-10-27,31.59
2010-10-28,31.139999
2010-10-29,30.690001000000002
2010-11-01,30.41
2010-11-02,30.809998999999998
2010-11-03,31.67
2010-11-04,31.860001
2010-11-05,32.299999
2010-11-08,33.029999
2010-11-09,32.610001000000004
2010-11-10,33.0
2010-11-11,32.75
2010-11-12,31.98
2010-11-15,31.799999
2010-11-16,31.57
2010-11-17,31.5
2010-11-18,31.969998999999998
2010-11-19,31.950001
2010-11-22,32.68
2010-11-23,33.48
2010-11-24,34.470001
2010-11-26,34.990002000000004
2010-11-29,35.150002
2010-11-30,34.950001
2010-12-01,36.470001
2010-12-02,35.720001
2010-12-03,35.220001
2010-12-06,34.080002
2010-12-07,33.860001000000004
2010-12-08,34.41
2010-12-09,34.759997999999996
2010-12-10,34.709998999999996
2010-12-13,34.009997999999996
2010-12-14,33.16
2010-12-15,32.790001000000004
2010-12-16,34.09
2010-12-17,33.150002
2010-12-20,33.029999
2010-12-21,33.41
2010-12-22,34.490002000000004
2010-12-23,34.740002000000004
2010-12-27,34.150002
2010-12-28,33.959998999999996
2010-12-29,34.27
2010-12-30,34.34
2010-12-31,34.0
2011-01-03,34.32
2011-01-04,34.279999
2011-01-05,34.52
2011-01-06,37.18
2011-01-07,37.549999
2011-01-10,37.849998
2011-01-11,37.169998
2011-01-12,37.09
2011-01-13,37.119999
2011-01-14,37.060001
2011-01-18,36.450001
2011-01-19,35.720001
2011-01-20,36.119999
2011-01-21,35.869999
2011-01-24,36.09
2011-01-25,36.049999
2011-01-26,36.650002
2011-01-27,37.060001
2011-01-28,36.73
2011-01-31,37.040001000000004
2011-02-01,37.939999
2011-02-02,36.91
2011-02-03,38.950001
2011-02-04,40.07
2011-02-07,40.389998999999996
2011-02-08,41.200001
2011-02-09,41.209998999999996
2011-02-10,41.540001000000004
2011-02-11,42.59
2011-02-14,42.990002000000004
2011-02-15,42.32
2011-02-16,43.099998
2011-02-17,43.32
2011-02-18,43.459998999999996
2011-02-22,42.549999
2011-02-23,41.029999
2011-02-24,41.18
2011-02-25,42.970001
2011-02-28,41.73
2011-03-01,41.049999
2011-03-02,41.099998
2011-03-03,42.25
2011-03-04,41.98
2011-03-07,41.27
2011-03-08,41.869999
2011-03-09,41.130001
2011-03-10,42.110001000000004
2011-03-11,45.77
2011-03-14,46.950001
2011-03-15,47.189999
2011-03-16,46.200001
2011-03-17,46.419998
2011-03-18,46.77
2011-03-21,47.25
2011-03-22,46.470001
2011-03-23,47.27
2011-03-24,47.84
2011-03-25,47.650002
2011-03-28,47.939999
2011-03-29,47.790001000000004
2011-03-30,48.709998999999996
2011-03-31,48.130001
2011-04-01,48.450001
2011-04-04,48.279999
2011-04-05,49.810001
2011-04-06,49.849998
2011-04-07,51.099998
2011-04-08,50.689999
2011-04-11,51.119999
2011-04-12,50.509997999999996
2011-04-13,49.799999
2011-04-14,49.59
2011-04-15,50.07
2011-04-18,50.119999
2011-04-19,49.779999
2011-04-20,53.02
2011-04-21,52.880001
2011-04-25,52.720001
2011-04-26,52.57
2011-04-27,52.91
2011-04-28,52.810001
2011-04-29,53.189999
2011-05-02,53.360001000000004
2011-05-03,52.400002
2011-05-04,53.07
2011-05-05,53.130001
2011-05-06,53.77
2011-05-09,54.57
2011-05-10,55.049999
2011-05-11,54.299999
2011-05-12,55.91
2011-05-13,55.509997999999996
2011-05-16,53.349998
2011-05-17,52.23
2011-05-18,53.77
2011-05-19,53.450001
2011-05-20,52.5
2011-05-23,52.41
2011-05-24,52.049999
2011-05-25,52.830002
2011-05-26,54.549999
2011-05-27,55.25
2011-05-31,55.98
2011-06-01,54.119999
2011-06-02,50.59
2011-06-03,51.060001
2011-06-06,49.700001
2011-06-07,49.610001000000004
2011-06-08,55.900002
2011-06-09,57.049999
2011-06-10,56.16
2011-06-13,57.75
2011-06-14,59.310001
2011-06-15,57.029999
2011-06-16,56.880001
2011-06-17,57.419998
2011-06-20,58.740002000000004
2011-06-21,62.080002
2011-06-22,61.490002000000004
2011-06-23,62.580002
2011-06-24,62.82
2011-06-27,63.169998
2011-06-28,64.190002
2011-06-29,63.349998
2011-06-30,64.58000200000001
2011-07-01,65.18
2011-07-05,66.82
2011-07-06,67.089996
2011-07-07,66.690002
2011-07-08,68.699997
2011-07-11,64.959999
2011-07-12,64.290001
2011-07-13,64.870003
2011-07-14,63.330002
2011-07-15,64.309998
2011-07-18,63.73
2011-07-19,65.75
2011-07-20,65.309998
2011-07-21,65.720001
2011-07-22,66.019997
2011-07-25,65.089996
2011-07-26,64.940002
2011-07-27,62.080002
2011-07-28,62.779999
2011-07-29,63.029999
2011-08-01,63.23
2011-08-02,61.43
2011-08-03,62.080002
2011-08-04,57.119999
2011-08-05,56.389998999999996
2011-08-08,50.490002000000004
2011-08-09,55.48
2011-08-10,53.080002
2011-08-11,57.16
2011-08-12,59.389998999999996
2011-08-15,57.709998999999996
2011-08-16,55.560001
2011-08-17,53.310001
2011-08-18,50.080002
2011-08-19,49.599998
2011-08-22,48.889998999999996
2011-08-23,52.689999
2011-08-24,54.259997999999996
2011-08-25,53.48
2011-08-26,56.48
2011-08-29,58.970001
2011-08-30,57.59
2011-08-31,59.080002
2011-09-01,57.599998
2011-09-02,55.330002
2011-09-06,55.369999
2011-09-07,56.799999
2011-09-08,59.759997999999996
2011-09-09,68.449997
2011-09-12,70.93
2011-09-13,69.959999
2011-09-14,69.949997
2011-09-15,70.199997
2011-09-16,70.459999
2011-09-19,72.860001
2011-09-20,70.18
2011-09-21,68.059998
2011-09-22,66.879997
2011-09-23,66.959999
2011-09-26,69.120003
2011-09-27,70.019997
2011-09-28,67.339996
2011-09-29,66.120003
2011-09-30,62.23
2011-10-03,61.32
2011-10-04,62.93
2011-10-05,66.68
2011-10-06,66.610001
2011-10-07,65.58000200000001
2011-10-10,69.239998
2011-10-11,68.349998
2011-10-12,67.769997
2011-10-13,67.959999
2011-10-14,68.900002
2011-10-17,67.480003
2011-10-18,68.75
2011-10-19,68.699997
2011-10-20,67.879997
2011-10-21,68.0
2011-10-24,70.93
2011-10-25,68.599998
2011-10-26,67.599998
2011-10-27,68.41999799999999
2011-10-28,67.529999
2011-10-31,67.290001
2011-11-01,70.33000200000001
2011-11-02,71.029999
2011-11-03,71.260002
2011-11-04,74.239998
2011-11-07,74.0
2011-11-08,73.400002
2011-11-09,71.129997
2011-11-10,72.150002
2011-11-11,72.349998
2011-11-14,71.779999
2011-11-15,72.510002
2011-11-16,71.550003
2011-11-17,69.019997
2011-11-18,67.540001
2011-11-21,66.260002
2011-11-22,66.489998
2011-11-23,65.970001
2011-11-25,64.599998
2011-11-28,68.449997
2011-11-29,68.370003
2011-11-30,69.629997
2011-12-01,68.489998
2011-12-02,74.190002
2011-12-05,73.900002
2011-12-06,72.93
2011-12-07,73.129997
2011-12-08,72.129997
2011-12-09,74.059998
2011-12-12,72.760002
2011-12-13,70.620003
2011-12-14,67.209999
2011-12-15,66.720001
2011-12-16,67.010002
2011-12-19,64.910004
2011-12-20,66.970001
2011-12-21,65.870003
2011-12-22,64.160004
2011-12-23,66.260002
2011-12-27,65.510002
2011-12-28,64.089996
2011-12-29,64.66999799999999
2011-12-30,64.91999799999999
2012-01-03,64.099998
2012-01-04,66.370003
2012-01-05,69.559998
2012-01-06,69.519997
2012-01-09,69.93
2012-01-10,70.459999
2012-01-11,71.779999
2012-01-12,71.93
2012-01-13,73.129997
2012-01-17,74.129997
2012-01-18,75.75
2012-01-19,77.389999
2012-01-20,76.260002
2012-01-23,76.900002
2012-01-24,77.379997
2012-01-25,78.800003
2012-01-26,76.690002
2012-01-27,77.309998
2012-01-30,77.269997
2012-01-31,76.150002
2012-02-01,76.82
2012-02-02,76.610001
2012-02-03,78.110001
2012-02-06,78.68
2012-02-07,79.650002
2012-02-08,80.610001
2012-02-09,81.41999799999999
2012-02-10,80.839996
2012-02-13,82.050003
2012-02-14,82.800003
2012-02-15,83.529999
2012-02-16,84.16999799999999
2012-02-17,82.559998
2012-02-21,82.059998
2012-02-22,82.57
2012-02-23,83.400002
2012-02-24,81.940002
2012-02-27,83.809998
2012-02-28,83.879997
2012-02-29,83.239998
2012-03-01,85.309998
2012-03-02,85.150002
2012-03-05,87.139999
2012-03-06,85.849998
2012-03-07,87.91999799999999
2012-03-08,89.269997
2012-03-09,89.279999
2012-03-12,88.459999
2012-03-13,90.0
2012-03-14,89.459999
2012-03-15,90.370003
2012-03-16,88.58000200000001
2012-03-19,89.599998
2012-03-20,90.610001
2012-03-21,92.07
2012-03-22,93.589996
2012-03-23,93.550003
2012-03-26,94.510002
2012-03-27,93.970001
2012-03-28,93.589996
2012-03-29,92.83000200000001
2012-03-30,92.889999
2012-04-02,93.91999799999999
2012-04-03,95.010002
2012-04-04,94.93
2012-04-05,95.040001
2012-04-09,94.370003
2012-04-10,91.860001
2012-04-11,93.699997
2012-04-12,94.730003
2012-04-13,94.93
2012-04-16,93.150002
2012-04-17,94.459999
2012-04-18,95.559998
2012-04-19,94.489998
2012-04-20,95.349998
2012-04-23,93.529999
2012-04-24,87.150002
2012-04-25,89.129997
2012-04-26,89.529999
2012-04-27,89.620003
2012-04-30,88.18
2012-05-01,89.08000200000001
2012-05-02,91.33000200000001
2012-05-03,90.849998
2012-05-04,87.489998
2012-05-07,86.059998
2012-05-08,85.0
2012-05-09,84.269997
2012-05-10,86.059998
2012-05-11,87.959999
2012-05-14,87.339996
2012-05-15,87.510002
2012-05-16,90.309998
2012-05-17,85.870003
2012-05-18,85.32
2012-05-21,87.839996
2012-05-22,90.5
2012-05-23,91.199997
2012-05-24,90.93
2012-05-25,90.949997
2012-05-29,91.239998
2012-05-30,89.599998
2012-05-31,89.370003
2012-06-01,86.550003
2012-06-04,86.290001
2012-06-05,87.379997
2012-06-06,94.739998
2012-06-07,93.33000200000001
2012-06-08,94.0
2012-06-11,92.25
2012-06-12,94.260002
2012-06-13,91.650002
2012-06-14,92.980003
2012-06-15,95.839996
2012-06-18,97.010002
2012-06-19,96.760002
2012-06-20,97.699997
2012-06-21,95.050003
2012-06-22,95.610001
2012-06-25,94.370003
2012-06-26,94.16999799999999
2012-06-27,93.260002
2012-06-28,90.290001
2012-06-29,93.379997
2012-07-02,92.07
2012-07-03,93.589996
2012-07-05,94.410004
2012-07-06,93.660004
2012-07-09,93.360001
2012-07-10,93.190002
2012-07-11,91.050003
2012-07-12,91.449997
2012-07-13,92.690002
2012-07-16,91.0
2012-07-17,91.349998
2012-07-18,91.959999
2012-07-19,92.510002
2012-07-20,87.529999
2012-07-23,86.470001
2012-07-24,85.139999
2012-07-25,83.779999
2012-07-26,86.370003
2012-07-27,87.379997
2012-07-30,87.510002
2012-07-31,84.879997
2012-08-01,83.739998
2012-08-02,85.25
2012-08-03,87.779999
2012-08-06,87.889999
2012-08-07,88.260002
2012-08-08,86.529999
2012-08-09,87.089996
2012-08-10,85.349998
2012-08-13,84.110001
2012-08-14,86.139999
2012-08-15,85.900002
2012-08-16,90.269997
2012-08-17,91.849998
2012-08-20,90.900002
2012-08-21,91.989998
2012-08-22,91.900002
2012-08-23,92.209999
2012-08-24,92.959999
2012-08-27,93.690002
2012-08-28,94.849998
2012-08-29,94.33000200000001
2012-08-30,93.629997
2012-08-31,94.0
2012-09-04,94.18
2012-09-05,92.91999799999999
2012-09-06,95.260002
2012-09-07,101.540001
2012-09-10,100.190002
2012-09-11,99.339996
2012-09-12,98.900002
2012-09-13,100.160004
2012-09-14,100.870003
2012-09-17,99.660004
2012-09-18,97.769997
2012-09-19,98.550003
2012-09-20,98.5
2012-09-21,97.91999799999999
2012-09-24,98.440002
2012-09-25,97.089996
2012-09-26,96.480003
2012-09-27,96.660004
2012-09-28,96.309998
2012-10-01,96.809998
2012-10-02,96.300003
2012-10-03,97.540001
2012-10-04,98.959999
2012-10-05,99.769997
2012-10-08,98.16999799999999
2012-10-09,95.75
2012-10-10,96.339996
2012-10-11,95.650002
2012-10-12,95.220001
2012-10-15,95.300003
2012-10-16,98.0
2012-10-17,96.339996
2012-10-18,95.550003
2012-10-19,94.779999
2012-10-22,95.010002
2012-10-23,94.040001
2012-10-24,93.139999
2012-10-25,92.269997
2012-10-26,92.410004
2012-10-31,92.190002
2012-11-01,93.709999
2012-11-02,92.449997
2012-11-05,92.68
2012-11-06,94.059998
2012-11-07,93.050003
2012-11-08,90.989998
2012-11-09,88.339996
2012-11-12,87.220001
2012-11-13,89.459999
2012-11-14,87.309998
2012-11-15,86.93
2012-11-16,87.599998
2012-11-19,89.019997
2012-11-20,88.940002
2012-11-21,90.519997
2012-11-23,92.199997
2012-11-26,92.93
2012-11-27,93.239998
2012-11-28,94.190002
2012-11-29,93.150002
2012-11-30,100.279999
2012-12-03,100.900002
2012-12-04,100.379997
2012-12-05,100.190002
2012-12-06,101.529999
2012-12-07,100.440002
2012-12-10,99.529999
2012-12-11,97.029999
2012-12-12,95.400002
2012-12-13,94.25
2012-12-14,95.0
2012-12-17,97.239998
2012-12-18,97.91999799999999
2012-12-19,96.339996
2012-12-20,96.410004
2012-12-21,97.230003
2012-12-24,97.099998
2012-12-26,95.720001
2012-12-27,96.440002
2012-12-28,96.550003
2012-12-31,98.260002
2013-01-02,101.529999
2013-01-03,101.989998
2013-01-04,97.849998
2013-01-07,96.32
2013-01-08,95.089996
2013-01-09,94.220001
2013-01-10,94.32
2013-01-11,93.389999
2013-01-14,94.989998
2013-01-15,94.599998
2013-01-16,94.989998
2013-01-17,95.660004
2013-01-18,94.290001
2013-01-22,96.16999799999999
2013-01-23,97.139999
2013-01-24,98.010002
2013-01-25,100.400002
2013-01-28,98.540001
2013-01-29,98.209999
2013-01-30,97.839996
2013-01-31,97.82
2013-02-01,97.540001
2013-02-04,97.370003
2013-02-05,99.519997
2013-02-06,99.660004
2013-02-07,98.959999
2013-02-08,99.32
2013-02-11,99.190002
2013-02-12,98.709999
2013-02-13,99.489998
2013-02-14,87.800003
2013-02-15,87.959999
2013-02-19,85.68
2013-02-20,87.16999799999999
2013-02-21,87.66999799999999
2013-02-22,88.050003
2013-02-25,88.07
2013-02-26,86.199997
2013-02-27,88.029999
2013-02-28,88.559998
2013-03-01,88.779999
2013-03-04,89.790001
2013-03-05,91.68
2013-03-06,91.110001
2013-03-07,89.910004
2013-03-08,89.790001
2013-03-11,89.82
2013-03-12,87.190002
2013-03-13,87.489998
2013-03-14,88.370003
2013-03-15,74.139999
2013-03-18,73.959999
2013-03-19,74.910004
2013-03-20,77.379997
2013-03-21,76.389999
2013-03-22,77.519997
2013-03-25,77.220001
2013-03-26,79.300003
2013-03-27,80.480003
2013-03-28,81.16999799999999
2013-04-01,81.690002
2013-04-02,82.480003
2013-04-03,82.0
2013-04-04,84.739998
2013-04-05,84.050003
2013-04-08,84.040001
2013-04-09,84.529999
2013-04-10,85.650002
2013-04-11,88.139999
2013-04-12,87.690002
2013-04-15,85.760002
2013-04-16,86.639999
2013-04-17,84.470001
2013-04-18,82.970001
2013-04-19,83.699997
2013-04-22,84.839996
2013-04-23,86.459999
2013-04-24,86.220001
2013-04-25,85.639999
2013-04-26,85.989998
2013-04-29,86.720001
2013-04-30,87.650002
2013-05-01,86.559998
2013-05-02,89.360001
2013-05-03,90.18
2013-05-06,91.120003
2013-05-07,90.410004
2013-05-08,91.480003
2013-05-09,89.389999
2013-05-10,92.18
2013-05-13,92.989998
2013-05-14,93.510002
2013-05-15,93.610001
2013-05-16,93.089996
2013-05-17,93.970001
2013-05-20,94.870003
2013-05-21,94.879997
2013-05-22,94.059998
2013-05-23,93.220001
2013-05-24,92.120003
2013-05-28,92.089996
2013-05-29,91.66999799999999
2013-05-30,91.440002
2013-05-31,90.760002
2013-06-03,89.739998
2013-06-04,87.110001
2013-06-05,86.089996
2013-06-06,86.889999
2013-06-07,85.650002
2013-06-10,86.589996
2013-06-11,84.129997
2013-06-12,96.639999
2013-06-13,97.010002
2013-06-14,96.139999
2013-06-17,96.019997
2013-06-18,96.599998
2013-06-19,95.040001
2013-06-20,93.400002
2013-06-21,94.150002
2013-06-24,97.18
2013-06-25,97.889999
2013-06-26,98.709999
2013-06-27,99.25
2013-06-28,100.120003
2013-07-01,99.010002
2013-07-02,97.480003
2013-07-03,98.660004
2013-07-05,100.230003
2013-07-08,100.160004
2013-07-09,99.5
2013-07-10,99.290001
2013-07-11,100.730003
2013-07-12,100.57
2013-07-15,99.459999
2013-07-16,98.940002
2013-07-17,97.129997
2013-07-18,97.800003
2013-07-19,97.389999
2013-07-22,98.66999799999999
2013-07-23,95.900002
2013-07-24,94.059998
2013-07-25,95.309998
2013-07-26,99.68
2013-07-29,98.889999
2013-07-30,100.470001
2013-07-31,100.900002
2013-08-01,101.650002
2013-08-02,103.470001
2013-08-05,102.379997
2013-08-06,103.510002
2013-08-07,102.16999799999999
2013-08-08,106.029999
2013-08-09,105.800003
2013-08-12,105.279999
2013-08-13,105.449997
2013-08-14,103.5
2013-08-15,99.209999
2013-08-16,98.610001
2013-08-19,99.309998
2013-08-20,101.470001
2013-08-21,101.519997
2013-08-22,102.040001
2013-08-23,103.75
2013-08-26,104.18
2013-08-27,100.309998
2013-08-28,100.099998
2013-08-29,100.989998
2013-08-30,99.239998
2013-09-03,98.540001
2013-09-04,97.860001
2013-09-05,98.0
2013-09-06,97.239998
2013-09-09,101.349998
2013-09-10,103.66999799999999
2013-09-11,102.160004
2013-09-12,100.160004
2013-09-13,117.529999
2013-09-16,118.349998
2013-09-17,117.129997
2013-09-18,119.989998
2013-09-19,118.75
2013-09-20,117.629997
2013-09-23,117.110001
2013-09-24,117.150002
2013-09-25,116.779999
2013-09-26,117.32
2013-09-27,119.110001
2013-09-30,119.459999
2013-10-01,121.739998
2013-10-02,121.41999799999999
2013-10-03,124.040001
2013-10-04,123.91999799999999
2013-10-07,123.489998
2013-10-08,119.989998
2013-10-09,118.629997
2013-10-10,119.809998
2013-10-11,118.639999
2013-10-14,118.220001
2013-10-15,117.849998
2013-10-16,121.58000200000001
2013-10-17,123.690002
2013-10-18,126.209999
2013-10-21,125.989998
2013-10-22,126.110001
2013-10-23,125.769997
2013-10-24,128.279999
2013-10-25,127.519997
2013-10-28,127.290001
2013-10-29,128.28999299999998
2013-10-30,128.559998
2013-10-31,128.850006
2013-11-01,128.630005
2013-11-04,130.699997
2013-11-05,131.5
2013-11-06,131.41000400000001
2013-11-07,126.839996
2013-11-08,127.889999
2013-11-11,128.270004
2013-11-12,129.529999
2013-11-13,130.41000400000001
2013-11-14,130.440002
2013-11-15,131.240005
2013-11-18,129.979996
2013-11-19,127.489998
2013-11-20,125.800003
2013-11-21,127.110001
2013-11-22,128.0
2013-11-25,129.149994
2013-11-26,128.889999
2013-11-27,128.470001
2013-11-29,126.940002
2013-12-02,126.93
2013-12-03,125.010002
2013-12-04,123.480003
2013-12-05,118.0
2013-12-06,93.760002
2013-12-09,90.209999
2013-12-10,94.389999
2013-12-11,93.209999
2013-12-12,91.239998
2013-12-13,91.959999
2013-12-16,91.18
2013-12-17,91.629997
2013-12-18,93.639999
2013-12-19,93.440002
2013-12-20,95.190002
2013-12-23,93.360001
2013-12-24,94.41999799999999
2013-12-26,94.809998
2013-12-27,93.529999
2013-12-30,94.370003
2013-12-31,96.519997
2014-01-02,95.910004
2014-01-03,94.91999799999999
2014-01-06,92.910004
2014-01-07,94.459999
2014-01-08,94.16999799999999
2014-01-09,92.290001
2014-01-10,92.33000200000001
2014-01-13,88.889999
2014-01-14,88.760002
2014-01-15,85.889999
2014-01-16,82.75
2014-01-17,83.559998
2014-01-21,80.93
2014-01-22,83.059998
2014-01-23,84.620003
2014-01-24,83.970001
2014-01-27,83.110001
2014-01-28,84.25
2014-01-29,82.550003
2014-01-30,85.970001
2014-01-31,85.709999
2014-02-03,83.93
2014-02-04,83.5
2014-02-05,85.82
2014-02-06,88.339996
2014-02-07,88.309998
2014-02-10,87.720001
2014-02-11,86.449997
2014-02-12,86.41999799999999
2014-02-13,86.040001
2014-02-14,85.709999
2014-02-18,87.75
2014-02-19,87.559998
2014-02-20,86.150002
2014-02-21,85.980003
2014-02-24,87.440002
2014-02-25,88.790001
2014-02-26,90.220001
2014-02-27,91.620003
2014-02-28,89.690002
2014-03-03,88.41999799999999
2014-03-04,89.059998
2014-03-05,88.5
2014-03-06,87.300003
2014-03-07,87.300003
2014-03-10,89.639999
2014-03-11,91.5
2014-03-12,91.389999
2014-03-13,89.510002
2014-03-14,95.260002
2014-03-17,96.410004
2014-03-18,98.639999
2014-03-19,101.269997
2014-03-20,104.300003
2014-03-21,100.839996
2014-03-24,101.260002
2014-03-25,100.339996
2014-03-26,101.43
2014-03-27,98.75
2014-03-28,97.889999
2014-03-31,97.440002
2014-04-01,98.980003
2014-04-02,100.110001
2014-04-03,99.769997
2014-04-04,96.089996
2014-04-07,93.75
2014-04-08,95.870003
2014-04-09,97.08000200000001
2014-04-10,94.849998
2014-04-11,91.050003
2014-04-14,90.129997
2014-04-15,90.41999799999999
2014-04-16,90.220001
2014-04-17,87.790001
2014-04-21,89.589996
2014-04-22,89.410004
2014-04-23,88.220001
2014-04-24,89.629997
2014-04-25,88.110001
2014-04-28,86.58000200000001
2014-04-29,86.0
2014-04-30,87.709999
2014-05-01,85.970001
2014-05-02,88.120003
2014-05-05,88.540001
2014-05-06,87.550003
2014-05-07,84.790001
2014-05-08,85.860001
2014-05-09,87.870003
2014-05-12,89.879997
2014-05-13,88.510002
2014-05-14,87.150002
2014-05-15,86.760002
2014-05-16,87.870003
2014-05-19,86.66999799999999
2014-05-20,85.33000200000001
2014-05-21,84.82
2014-05-22,84.980003
2014-05-23,85.43
2014-05-27,87.220001
2014-05-28,85.400002
2014-05-29,85.029999
2014-05-30,84.900002
2014-06-02,86.800003
2014-06-03,86.769997
2014-06-04,87.029999
2014-06-05,85.93
2014-06-06,86.25
2014-06-09,85.410004
2014-06-10,85.309998
2014-06-11,97.110001
2014-06-12,95.0
2014-06-13,95.110001
2014-06-16,94.5
2014-06-17,94.639999
2014-06-18,94.889999
2014-06-19,95.029999
2014-06-20,95.0
2014-06-23,94.66999799999999
2014-06-24,93.879997
2014-06-25,92.610001
2014-06-26,91.33000200000001
2014-06-27,92.089996
2014-06-30,91.410004
2014-07-01,93.410004
2014-07-02,94.5
2014-07-03,96.43
2014-07-07,96.0
2014-07-08,94.910004
2014-07-09,94.41999799999999
2014-07-10,92.690002
2014-07-11,91.639999
2014-07-14,91.5
2014-07-15,90.75
2014-07-16,89.260002
2014-07-17,89.75
2014-07-18,90.440002
2014-07-21,93.019997
2014-07-22,92.089996
2014-07-23,92.199997
2014-07-24,93.139999
2014-07-25,92.639999
2014-07-28,92.290001
2014-07-29,92.25
2014-07-30,94.129997
2014-07-31,92.33000200000001
2014-08-01,93.059998
2014-08-04,94.599998
2014-08-05,95.32
2014-08-06,94.610001
2014-08-07,93.91999799999999
2014-08-08,95.0
2014-08-11,95.290001
2014-08-12,92.970001
2014-08-13,92.449997
2014-08-14,93.730003
2014-08-15,93.239998
2014-08-18,94.529999
2014-08-19,95.639999
2014-08-20,97.489998
2014-08-21,96.0
2014-08-22,97.209999
2014-08-25,97.400002
2014-08-26,97.720001
2014-08-27,98.139999
2014-08-28,97.910004
2014-08-29,97.309998
2014-09-02,98.360001
2014-09-03,99.160004
2014-09-04,99.589996
2014-09-05,99.449997
2014-09-08,98.110001
2014-09-09,96.989998
2014-09-10,96.779999
2014-09-11,97.480003
2014-09-12,114.889999
2014-09-15,114.410004
2014-09-16,116.150002
2014-09-17,118.5
2014-09-18,118.400002
2014-09-19,120.379997
2014-09-22,118.91999799999999
2014-09-23,116.050003
2014-09-24,120.410004
2014-09-25,118.860001
2014-09-26,118.650002
2014-09-29,118.32
2014-09-30,118.16999799999999
2014-10-01,115.83000200000001
2014-10-02,115.309998
2014-10-03,116.199997
2014-10-06,116.0
2014-10-07,113.41999799999999
2014-10-08,114.870003
2014-10-09,114.769997
2014-10-10,114.220001
2014-10-13,113.16999799999999
2014-10-14,111.959999
2014-10-15,110.279999
2014-10-16,113.849998
2014-10-17,116.57
2014-10-20,119.870003
2014-10-21,118.970001
2014-10-22,117.610001
2014-10-23,117.839996
2014-10-24,117.349998
2014-10-27,117.720001
2014-10-28,120.970001
2014-10-29,121.559998
2014-10-30,120.559998
2014-10-31,120.809998
2014-11-03,119.910004
2014-11-04,120.110001
2014-11-05,118.660004
2014-11-06,122.08000200000001
2014-11-07,121.75
2014-11-10,124.08000200000001
2014-11-11,122.18
2014-11-12,125.040001
2014-11-13,123.91999799999999
2014-11-14,123.75
2014-11-17,124.199997
2014-11-18,124.879997
2014-11-19,127.260002
2014-11-20,127.040001
2014-11-21,127.379997
2014-11-24,126.769997
2014-11-25,125.699997
2014-11-26,125.800003
2014-11-28,126.489998
2014-12-01,124.459999
2014-12-02,122.0
2014-12-03,124.68
2014-12-04,125.739998
2014-12-05,129.75
2014-12-08,126.989998
2014-12-09,127.529999
2014-12-10,125.230003
2014-12-11,129.440002
2014-12-12,128.669998
2014-12-15,128.33999599999999
2014-12-16,127.279999
2014-12-17,130.860001
2014-12-18,129.699997
2014-12-19,129.220001
2014-12-22,128.529999
2014-12-23,128.559998
2014-12-24,128.179993
2014-12-26,127.83000200000001
2014-12-29,128.759995
2014-12-30,128.770004
2014-12-31,127.839996
2015-01-02,126.839996
2015-01-05,127.150002
2015-01-06,126.949997
2015-01-07,130.580002
2015-01-08,132.240005
2015-01-09,131.570007
2015-01-12,129.83999599999999
2015-01-13,128.809998
2015-01-14,128.75
2015-01-15,127.139999
2015-01-16,129.720001
2015-01-20,127.160004
2015-01-21,128.350006
2015-01-22,132.559998
2015-01-23,135.33999599999999
2015-01-26,136.080002
2015-01-27,135.83999599999999
2015-01-28,133.860001
2015-01-29,134.399994
2015-01-30,131.940002
2015-02-02,130.96000700000002
2015-02-03,133.850006
2015-02-04,132.0
2015-02-05,133.029999
2015-02-06,133.259995
2015-02-09,134.970001
2015-02-10,137.0
2015-02-11,135.899994
2015-02-12,136.070007
2015-02-13,136.66000400000001
2015-02-17,135.91000400000001
2015-02-18,136.619995
2015-02-19,136.919998
2015-02-20,138.0
2015-02-23,137.25
2015-02-24,138.389999
2015-02-25,138.759995
2015-02-26,140.58999599999999
2015-02-27,140.759995
2015-03-02,143.619995
2015-03-03,142.029999
2015-03-04,139.91000400000001
2015-03-05,140.860001
2015-03-06,138.58999599999999
2015-03-09,140.96000700000002
2015-03-10,140.470001
2015-03-11,141.96000700000002
2015-03-12,144.820007
2015-03-13,150.100006
2015-03-16,150.179993
2015-03-17,150.46000700000002
2015-03-18,150.990005
2015-03-19,152.28999299999998
2015-03-20,152.020004
2015-03-23,153.179993
2015-03-24,153.770004
2015-03-25,151.580002
2015-03-26,150.009995
2015-03-27,151.199997
2015-03-30,151.580002
2015-03-31,150.850006
2015-04-01,150.979996
2015-04-02,151.330002
2015-04-06,153.270004
2015-04-07,151.449997
2015-04-08,152.169998
2015-04-09,151.800003
2015-04-10,151.679993
2015-04-13,152.0
2015-04-14,153.490005
2015-04-15,153.559998
2015-04-16,154.16000400000001
2015-04-17,152.050003
2015-04-20,151.58999599999999
2015-04-21,152.970001
2015-04-22,153.940002
2015-04-23,156.990005
2015-04-24,157.080002
2015-04-27,155.91000400000001
2015-04-28,154.470001
2015-04-29,151.830002
2015-04-30,151.08999599999999
2015-05-01,154.270004
2015-05-04,153.850006
2015-05-05,153.470001
2015-05-06,152.03999299999998
2015-05-07,153.83999599999999
2015-05-08,154.28999299999998
2015-05-11,154.270004
2015-05-12,153.190002
2015-05-13,152.130005
2015-05-14,149.830002
2015-05-15,151.0
2015-05-18,151.509995
2015-05-19,152.139999
2015-05-20,150.830002
2015-05-21,152.25
2015-05-22,151.240005
2015-05-26,150.16000400000001
2015-05-27,154.779999
2015-05-28,156.270004
2015-05-29,152.619995
2015-06-01,153.869995
2015-06-02,154.350006
2015-06-03,156.259995
2015-06-04,155.899994
2015-06-05,156.279999
2015-06-08,153.690002
2015-06-09,153.770004
2015-06-10,154.979996
2015-06-11,155.369995
2015-06-12,155.320007
2015-06-15,154.570007
2015-06-16,155.5
2015-06-17,155.619995
2015-06-18,156.479996
2015-06-19,154.729996
2015-06-22,155.690002
2015-06-23,156.360001
2015-06-24,155.58999599999999
2015-06-25,154.83999599999999
2015-06-26,157.979996
2015-06-29,153.679993
2015-06-30,154.449997
2015-07-01,155.419998
2015-07-02,156.229996
2015-07-06,157.229996
2015-07-07,159.419998
2015-07-08,158.550003
2015-07-09,159.91000400000001
2015-07-10,163.110001
2015-07-13,166.949997
2015-07-14,167.0
2015-07-15,168.25
2015-07-16,167.320007
2015-07-17,166.91000400000001
2015-07-20,167.940002
2015-07-21,166.78999299999998
2015-07-22,170.520004
2015-07-23,169.220001
2015-07-24,169.53999299999998
2015-07-27,166.389999
2015-07-28,166.009995
2015-07-29,166.490005
2015-07-30,166.820007
2015-07-31,166.029999
2015-08-03,165.270004
2015-08-04,165.070007
2015-08-05,167.009995
2015-08-06,164.800003
2015-08-07,165.610001
2015-08-10,168.360001
2015-08-11,168.509995
2015-08-12,166.940002
2015-08-13,169.279999
2015-08-14,171.03999299999998
2015-08-17,171.389999
2015-08-18,173.320007
2015-08-19,172.619995
2015-08-20,171.300003
2015-08-21,162.570007
2015-08-24,158.720001
2015-08-25,153.259995
2015-08-26,158.050003
2015-08-27,160.240005
2015-08-28,159.0
2015-08-31,158.08999599999999
2015-09-01,153.759995
2015-09-02,158.509995
2015-09-03,158.929993
2015-09-04,157.699997
2015-09-08,164.610001
2015-09-09,163.399994
2015-09-10,164.830002
2015-09-11,165.059998
2015-09-14,163.0
2015-09-15,164.059998
2015-09-16,164.720001
2015-09-17,168.139999
2015-09-18,167.229996
2015-09-21,168.690002
2015-09-22,165.779999
2015-09-23,168.100006
2015-09-24,168.009995
2015-09-25,169.149994
2015-09-28,164.360001
2015-09-29,161.71000700000002
2015-09-30,163.350006
2015-10-01,165.58999599999999
2015-10-02,165.759995
2015-10-05,168.03999299999998
2015-10-06,165.91000400000001
2015-10-07,165.050003
2015-10-08,163.940002
2015-10-09,165.800003
2015-10-12,166.070007
2015-10-13,163.850006
2015-10-14,159.259995
2015-10-15,161.059998
2015-10-16,166.110001
2015-10-19,168.360001
2015-10-20,169.21000700000002
2015-10-21,168.220001
2015-10-22,168.020004
2015-10-23,165.91000400000001
2015-10-26,169.199997
2015-10-27,169.08999599999999
2015-10-28,172.96000700000002
2015-10-29,173.300003
2015-10-30,173.96000700000002
2015-11-02,172.759995
2015-11-03,172.949997
2015-11-04,170.119995
2015-11-05,172.529999
2015-11-06,172.639999
2015-11-09,171.559998
2015-11-10,174.080002
2015-11-11,170.690002
2015-11-12,169.360001
2015-11-13,155.199997
2015-11-16,159.479996
2015-11-17,162.699997
2015-11-18,164.990005
2015-11-19,164.5
2015-11-20,170.509995
2015-11-23,170.83999599999999
2015-11-24,170.830002
2015-11-25,170.110001
2015-11-27,170.979996
2015-11-30,167.0
2015-12-01,165.830002
2015-12-02,163.520004
2015-12-03,163.190002
2015-12-04,184.080002
2015-12-07,184.240005
2015-12-08,185.080002
2015-12-09,184.059998
2015-12-10,183.110001
2015-12-11,182.470001
2015-12-14,185.53999299999998
2015-12-15,185.419998
2015-12-16,187.270004
2015-12-17,185.429993
2015-12-18,184.940002
2015-12-21,186.490005
2015-12-22,186.119995
2015-12-23,186.270004
2015-12-24,184.929993
2015-12-28,184.770004
2015-12-29,185.309998
2015-12-30,185.610001
2015-12-31,185.0
2016-01-04,181.809998
2016-01-05,182.669998
2016-01-06,183.21000700000002
2016-01-07,182.979996
2016-01-08,182.169998
2016-01-11,182.0
2016-01-12,185.619995
2016-01-13,179.08999599999999
2016-01-14,177.880005
2016-01-15,170.449997
2016-01-19,175.309998
2016-01-20,174.259995
2016-01-21,176.5
2016-01-22,179.729996
2016-01-25,175.66000400000001
2016-01-26,179.130005
2016-01-27,173.929993
2016-01-28,174.33999599999999
2016-01-29,181.169998
2016-02-01,180.570007
2016-02-02,177.029999
2016-02-03,173.46000700000002
2016-02-04,168.880005
2016-02-05,159.71000700000002
2016-02-08,155.33999599999999
2016-02-09,151.979996
2016-02-10,153.83999599999999
2016-02-11,153.309998
2016-02-12,158.490005
2016-02-16,159.020004
2016-02-17,158.919998
2016-02-18,154.550003
2016-02-19,150.070007
2016-02-22,156.270004
2016-02-23,159.169998
2016-02-24,160.75
2016-02-25,164.25
2016-02-26,164.75
2016-02-29,165.190002
2016-03-01,168.41000400000001
2016-03-02,168.320007
2016-03-03,169.380005
2016-03-04,168.970001
2016-03-07,164.639999
2016-03-08,162.96000700000002
2016-03-09,159.009995
2016-03-10,163.389999
2016-03-11,191.619995
2016-03-14,190.020004
2016-03-15,187.869995
2016-03-16,190.020004
2016-03-17,188.009995
2016-03-18,191.389999
2016-03-21,192.350006
2016-03-22,191.649994
2016-03-23,191.570007
2016-03-24,191.759995
2016-03-28,191.91000400000001
2016-03-29,193.369995
2016-03-30,194.110001
2016-03-31,193.740005
2016-04-01,194.179993
2016-04-04,193.119995
2016-04-05,193.75
2016-04-06,194.669998
2016-04-07,194.119995
2016-04-08,200.509995
2016-04-11,202.100006
2016-04-12,203.940002
2016-04-13,207.419998
2016-04-14,205.669998
2016-04-15,204.059998
2016-04-18,206.91000400000001
2016-04-19,204.03999299999998
2016-04-20,204.419998
2016-04-21,205.860001
2016-04-22,205.389999
2016-04-25,207.369995
2016-04-26,208.130005
2016-04-27,212.520004
2016-04-28,206.990005
2016-04-29,208.279999
2016-05-02,210.72000099999997
2016-05-03,209.91000400000001
2016-05-04,209.97000099999997
2016-05-05,206.21000700000002
2016-05-06,208.679993
2016-05-09,208.46000700000002
2016-05-10,208.270004
2016-05-11,202.850006
2016-05-12,207.429993
2016-05-13,205.199997
2016-05-16,208.130005
2016-05-17,204.440002
2016-05-18,206.449997
2016-05-19,207.889999
2016-05-20,208.470001
2016-05-23,206.020004
2016-05-24,206.58999599999999
2016-05-25,211.479996
2016-05-26,213.690002
2016-05-27,233.149994
2016-05-31,233.00999500000003
2016-06-01,236.67999300000002
2016-06-02,237.059998
2016-06-03,236.57000699999998
2016-06-06,236.74000499999997
2016-06-07,239.17999300000002
2016-06-08,239.36000099999998
2016-06-09,240.00999500000003
2016-06-10,239.979996
2016-06-13,237.94999700000002
2016-06-14,237.88000499999998
2016-06-15,238.229996
2016-06-16,239.82000699999998
2016-06-17,238.039993
2016-06-20,240.19999700000002
2016-06-21,240.47000099999997
2016-06-22,238.229996
2016-06-23,242.080002
2016-06-24,239.16000400000001
2016-06-27,235.039993
2016-06-28,236.210007
2016-06-29,240.66000400000001
2016-06-30,243.63999900000002
2016-07-01,243.74000499999997
2016-07-05,244.72000099999997
2016-07-06,247.770004
2016-07-07,247.289993
2016-07-08,250.82000699999998
2016-07-11,252.289993
2016-07-12,253.25
2016-07-13,250.13000499999998
2016-07-14,255.11000099999998
2016-07-15,255.809998
2016-07-18,256.089996
2016-07-19,256.910004
2016-07-20,255.80000299999998
2016-07-21,254.91000400000001
2016-07-22,258.600006
2016-07-25,259.549988
2016-07-26,259.019989
2016-07-27,257.730011
2016-07-28,260.480011
2016-07-29,261.209991
2016-08-01,260.570007
2016-08-02,256.980011
2016-08-03,258.910004
2016-08-04,260.679993
2016-08-05,262.350006
2016-08-08,261.329987
2016-08-09,261.910004
2016-08-10,263.089996
2016-08-11,265.950012
2016-08-12,266.799988
2016-08-15,266.97000099999997
2016-08-16,265.899994
2016-08-17,265.790009
2016-08-18,271.589996
2016-08-19,274.549988
2016-08-22,270.700012
2016-08-23,275.890015
2016-08-24,273.980011
2016-08-25,271.450012
2016-08-26,254.850006
2016-08-29,254.08999599999999
2016-08-30,244.97000099999997
2016-08-31,247.210007
2016-09-01,245.520004
2016-09-02,246.460007
2016-09-06,249.63999900000002
2016-09-07,246.74000499999997
2016-09-08,243.57000699999998
2016-09-09,238.729996
2016-09-12,242.38999900000002
2016-09-13,236.75999500000003
2016-09-14,237.270004
2016-09-15,232.99000499999997
2016-09-16,233.789993
2016-09-19,234.55000299999998
2016-09-20,233.19999700000002
2016-09-21,239.74000499999997
2016-09-22,238.38000499999998
2016-09-23,237.00999500000003
2016-09-26,237.809998
2016-09-27,243.66000400000001
2016-09-28,240.19999700000002
2016-09-29,237.11999500000002
2016-09-30,237.979996
2016-10-03,237.600006
2016-10-04,238.55000299999998
2016-10-05,235.600006
2016-10-06,241.57000699999998
2016-10-07,239.07000699999998
2016-10-10,240.36000099999998
2016-10-11,236.66000400000001
2016-10-12,238.97000099999997
2016-10-13,266.140015
2016-10-14,262.75
2016-10-17,258.72000099999997
2016-10-18,256.040009
2016-10-19,256.450012
2016-10-20,254.42999300000002
2016-10-21,252.36000099999998
2016-10-24,252.25
2016-10-25,246.99000499999997
2016-10-26,245.919998
2016-10-27,239.86000099999998
2016-10-28,242.309998
2016-10-31,243.33999599999999
2016-11-01,240.17999300000002
2016-11-02,239.289993
2016-11-03,231.61000099999998
2016-11-04,228.169998
2016-11-07,232.58999599999999
2016-11-08,232.63000499999998
2016-11-09,236.33999599999999
2016-11-10,236.61000099999998
2016-11-11,238.86999500000002
2016-11-14,240.41000400000001
2016-11-15,244.47000099999997
2016-11-16,246.61999500000002
2016-11-17,251.13000499999998
2016-11-18,250.08999599999999
2016-11-21,251.0
2016-11-22,258.390015
2016-11-23,262.019989
2016-11-25,263.619995
2016-11-28,261.600006
2016-11-29,260.410004
2016-11-30,259.5
2016-12-01,257.410004
2016-12-02,253.38999900000002
2016-12-05,257.600006
2016-12-06,254.22000099999997
2016-12-07,253.940002
2016-12-08,253.289993
2016-12-09,251.13999900000002
2016-12-12,251.61000099999998
2016-12-13,255.020004
2016-12-14,252.92999300000002
2016-12-15,256.690002
2016-12-16,262.130005
2016-12-19,259.97000099999997
2016-12-20,260.890015
2016-12-21,262.950012
2016-12-22,257.309998
2016-12-23,256.859985
2016-12-27,258.730011
2016-12-28,255.75
2016-12-29,257.339996
2016-12-30,254.940002
2017-01-03,256.679993
2017-01-04,260.920013
2017-01-05,264.140015
2017-01-06,263.299988
2017-01-09,260.790009
2017-01-10,262.5
2017-01-11,262.149994
2017-01-12,260.950012
2017-01-13,261.399994
2017-01-17,263.059998
2017-01-18,265.5
2017-01-19,266.119995
2017-01-20,266.22000099999997
2017-01-23,266.019989
2017-01-24,268.809998
2017-01-25,272.01001
2017-01-26,272.420013
2017-01-27,271.440002
2017-01-30,270.179993
2017-01-31,272.27999900000003
2017-02-01,269.540009
2017-02-02,270.75
2017-02-03,272.059998
2017-02-06,273.079987
2017-02-07,272.48999
2017-02-08,272.820007
2017-02-09,272.869995
2017-02-10,269.839996
2017-02-13,268.119995
2017-02-14,271.459991
2017-02-15,273.640015
2017-02-16,272.089996
2017-02-17,275.149994
2017-02-21,277.26001
2017-02-22,277.190002
2017-02-23,274.600006
2017-02-24,276.329987
2017-02-27,275.690002
2017-02-28,273.429993
2017-03-01,274.829987
2017-03-02,277.450012
2017-03-03,278.149994
2017-03-06,275.589996
2017-03-07,269.920013
2017-03-08,275.47000099999997
2017-03-09,273.769989
2017-03-10,286.420013
2017-03-13,286.910004
2017-03-14,285.380005
2017-03-15,287.77999900000003
2017-03-16,286.320007
2017-03-17,288.809998
2017-03-20,285.709991
2017-03-21,281.27999900000003
2017-03-22,283.26001
2017-03-23,281.22000099999997
2017-03-24,281.52999900000003
2017-03-27,280.140015
2017-03-28,282.859985
2017-03-29,283.429993
2017-03-30,285.51001
2017-03-31,285.230011
2017-04-03,282.02999900000003
2017-04-04,281.570007
2017-04-05,281.649994
2017-04-06,284.959991
2017-04-07,284.5
2017-04-10,286.589996
2017-04-11,286.649994
2017-04-12,283.77999900000003
2017-04-13,282.679993
2017-04-17,283.170013
2017-04-18,282.859985
2017-04-19,279.459991
2017-04-20,278.730011
2017-04-21,279.5
2017-04-24,278.209991
2017-04-25,277.98999
2017-04-26,279.690002
2017-04-27,281.679993
2017-04-28,281.440002
2017-05-01,283.22000099999997
2017-05-02,288.589996
2017-05-03,290.359985
2017-05-04,292.209991
2017-05-05,295.47000099999997
2017-05-08,297.540009
2017-05-09,299.570007
2017-05-10,299.47000099999997
2017-05-11,299.910004
2017-05-12,297.549988
2017-05-15,295.410004
2017-05-16,293.329987
2017-05-17,292.089996
2017-05-18,297.820007
2017-05-19,294.079987
2017-05-22,294.940002
2017-05-23,290.549988
2017-05-24,280.51001
2017-05-25,293.040009
2017-05-26,302.399994
2017-05-30,303.0
2017-05-31,304.839996
2017-06-01,306.72000099999997
2017-06-02,311.47000099999997
2017-06-05,313.730011
2017-06-06,306.959991
2017-06-07,307.940002
2017-06-08,307.269989
2017-06-09,307.869995
2017-06-12,301.019989
2017-06-13,302.690002
2017-06-14,302.209991
2017-06-15,300.130005
2017-06-16,295.940002
2017-06-19,294.170013
2017-06-20,296.5
2017-06-21,288.839996
2017-06-22,284.140015
2017-06-23,284.709991
2017-06-26,289.72000099999997
2017-06-27,282.859985
2017-06-28,285.27999900000003
2017-06-29,285.880005
2017-06-30,287.339996
2017-07-03,283.359985
2017-07-05,279.040009
2017-07-06,273.23999
2017-07-07,276.97000099999997
2017-07-10,268.820007
2017-07-11,255.979996
2017-07-12,261.859985
2017-07-13,257.399994
2017-07-14,261.73999
2017-07-17,253.940002
2017-07-18,258.75
2017-07-19,256.75
2017-07-20,255.74000499999997
2017-07-21,253.399994
2017-07-24,252.080002
2017-07-25,256.609985
2017-07-26,247.24000499999997
2017-07-27,249.42999300000002
2017-07-28,248.600006
2017-07-31,251.210007
2017-08-01,255.270004
2017-08-02,247.97000099999997
2017-08-03,251.27999900000003
2017-08-04,250.19999700000002
2017-08-07,248.809998
2017-08-08,250.63999900000002
2017-08-09,253.080002
2017-08-10,246.86999500000002
2017-08-11,251.05000299999998
2017-08-14,248.47000099999997
2017-08-15,237.669998
2017-08-16,243.42999300000002
2017-08-17,241.42999300000002
2017-08-18,244.19999700000002
2017-08-21,234.210007
2017-08-22,231.649994
2017-08-23,232.059998
2017-08-24,233.710007
2017-08-25,212.36000099999998
2017-08-28,207.75
2017-08-29,211.77999900000003
2017-08-30,213.57000699999998
2017-08-31,221.00999500000003
2017-09-01,221.729996
2017-09-05,223.899994
2017-09-06,228.0
2017-09-07,230.52999900000003
2017-09-08,226.979996
2017-09-11,228.600006
2017-09-12,226.88000499999998
2017-09-13,226.41000400000001
2017-09-14,223.92999300000002
2017-09-15,224.669998
2017-09-18,227.080002
2017-09-19,224.44999700000002
2017-09-20,223.83999599999999
2017-09-21,219.74000499999997
2017-09-22,219.169998
2017-09-25,218.88999900000002
2017-09-26,218.99000499999997
2017-09-27,227.66000400000001
2017-09-28,226.88999900000002
2017-09-29,226.059998
2017-10-02,223.80000299999998
2017-10-03,227.61999500000002
2017-10-04,223.520004
2017-10-05,220.63000499999998
2017-10-06,219.91000400000001
2017-10-09,217.33999599999999
2017-10-10,212.690002
2017-10-11,207.889999
2017-10-12,190.16000400000001
2017-10-13,198.580002
2017-10-16,193.699997
2017-10-17,202.279999
2017-10-18,198.369995
2017-10-19,204.619995
2017-10-20,204.83999599999999
2017-10-23,202.360001
2017-10-24,203.309998
2017-10-25,201.28999299999998
2017-10-26,200.509995
2017-10-27,198.929993
2017-10-30,201.690002
2017-10-31,201.78999299999998
2017-11-01,204.830002
2017-11-02,202.899994
2017-11-03,202.050003
2017-11-06,201.330002
2017-11-07,198.009995
2017-11-08,195.899994
2017-11-09,199.190002
2017-11-10,200.759995
2017-11-13,198.029999
2017-11-14,199.050003
2017-11-15,199.990005
2017-11-16,205.96000700000002
2017-11-17,215.100006
2017-11-20,209.16000400000001
2017-11-21,209.960007
2017-11-22,212.30000299999998
2017-11-24,210.36999500000002
2017-11-27,206.690002
2017-11-28,217.07000699999998
2017-11-29,223.100006
2017-11-30,221.710007
2017-12-01,212.580002
2017-12-04,221.63999900000002
2017-12-05,223.97000099999997
2017-12-06,223.13999900000002
2017-12-07,221.58999599999999
2017-12-08,224.539993
2017-12-11,216.13999900000002
2017-12-12,214.86999500000002
2017-12-13,215.02999900000003
2017-12-14,217.169998
2017-12-15,218.25
2017-12-18,222.66000400000001
2017-12-19,227.47000099999997
2017-12-20,226.0
2017-12-21,228.57000699999998
2017-12-22,226.270004
2017-12-26,226.67999300000002
2017-12-27,225.649994
2017-12-28,225.330002
2017-12-29,223.66000400000001
2018-01-02,229.63000499999998
2018-01-03,245.11999500000002
2018-01-04,244.88000499999998
2018-01-05,237.960007
2018-01-08,231.13999900000002
2018-01-09,232.919998
2018-01-10,230.44999700000002
2018-01-11,233.149994
2018-01-12,237.32000699999998
2018-01-16,237.11999500000002
2018-01-17,238.690002
2018-01-18,243.149994
2018-01-19,244.13000499999998
2018-01-22,235.00999500000003
2018-01-23,228.789993
2018-01-24,224.309998
2018-01-25,227.289993
2018-01-26,227.690002
2018-01-29,229.149994
2018-01-30,226.05000299999998
2018-01-31,222.100006
2018-02-01,219.399994
2018-02-02,219.47000099999997
2018-02-05,212.99000499999997
2018-02-06,218.58999599999999
2018-02-07,218.059998
2018-02-08,209.08999599999999
2018-02-09,218.55000299999998
2018-02-12,209.479996
2018-02-13,206.78999299999998
2018-02-14,206.759995
2018-02-15,204.0
2018-02-16,203.149994
2018-02-20,201.130005
2018-02-21,201.190002
2018-02-22,204.050003
2018-02-23,207.110001
2018-02-26,198.929993
2018-02-27,203.059998
2018-02-28,203.350006
2018-03-01,200.71000700000002
2018-03-02,194.0
2018-03-05,197.880005
2018-03-06,200.220001
2018-03-07,201.070007
2018-03-08,206.53999299999998
2018-03-09,205.919998
2018-03-12,207.619995
2018-03-13,208.399994
2018-03-14,201.990005
2018-03-15,206.139999
2018-03-16,221.88000499999998
2018-03-19,215.600006
2018-03-20,215.63000499999998
2018-03-21,213.0
2018-03-22,207.360001
2018-03-23,202.28999299999998
2018-03-26,207.899994
2018-03-27,204.919998
2018-03-28,205.110001
2018-03-29,204.270004
2018-04-02,203.130005
2018-04-03,204.380005
2018-04-04,206.320007
2018-04-05,206.919998
2018-04-06,208.259995
2018-04-09,212.149994
2018-04-10,221.059998
2018-04-11,213.30000299999998
2018-04-12,217.809998
2018-04-13,220.88000499999998
2018-04-16,227.92999300000002
2018-04-17,233.58999599999999
2018-04-18,233.039993
2018-04-19,234.16000400000001
2018-04-20,235.05000299999998
2018-04-23,238.649994
2018-04-24,233.940002
2018-04-25,236.19999700000002
2018-04-26,243.61000099999998
2018-04-27,248.809998
2018-04-30,250.91000400000001
2018-05-01,250.61999500000002
2018-05-02,248.419998
2018-05-03,246.86999500000002
2018-05-04,253.74000499999997
2018-05-07,253.07000699999998
2018-05-08,249.229996
2018-05-09,248.899994
2018-05-10,247.5
2018-05-11,250.0
2018-05-14,247.039993
2018-05-15,250.38999900000002
2018-05-16,252.020004
2018-05-17,257.600006
2018-05-18,255.58999599999999
2018-05-21,254.770004
2018-05-22,252.690002
2018-05-23,252.97000099999997
2018-05-24,251.72000099999997
2018-05-25,251.05000299999998
2018-05-29,253.690002
2018-05-30,253.479996
2018-05-31,246.91000400000001
2018-06-01,245.149994
2018-06-04,256.600006
2018-06-05,253.92999300000002
2018-06-06,255.850006
2018-06-07,256.920013
2018-06-08,253.059998
2018-06-11,251.83999599999999
2018-06-12,248.289993
2018-06-13,247.520004
2018-06-14,246.600006
2018-06-15,247.88000499999998
2018-06-18,247.25999500000003
2018-06-19,246.25999500000003
2018-06-20,251.27999900000003
2018-06-21,250.350006
2018-06-22,249.75999500000003
2018-06-25,241.61000099999998
2018-06-26,238.75
2018-06-27,236.05000299999998
2018-06-28,239.669998
2018-06-29,233.460007
2018-07-02,232.539993
2018-07-03,235.27999900000003
2018-07-05,237.86000099999998
2018-07-06,242.61000099999998
2018-07-09,250.69999700000002
2018-07-10,254.61000099999998
2018-07-11,252.19999700000002
2018-07-12,252.86999500000002
2018-07-13,259.869995
2018-07-16,255.5
2018-07-17,253.080002
2018-07-18,250.63999900000002
2018-07-19,257.410004
2018-07-20,254.520004
2018-07-23,255.05000299999998
2018-07-24,249.24000499999997
2018-07-25,253.38999900000002
2018-07-26,251.88000499999998
2018-07-27,249.99000499999997
2018-07-30,243.539993
2018-07-31,244.38999900000002
2018-08-01,238.0
2018-08-02,234.809998
2018-08-03,235.020004
2018-08-06,236.100006
2018-08-07,239.05000299999998
2018-08-08,236.0
2018-08-09,236.149994
2018-08-10,236.520004
2018-08-13,233.440002
2018-08-14,236.020004
2018-08-15,231.979996
2018-08-16,233.169998
2018-08-17,235.039993
2018-08-20,239.32000699999998
2018-08-21,242.17999300000002
2018-08-22,234.69999700000002
2018-08-23,239.399994
2018-08-24,241.669998
2018-08-27,240.83999599999999
2018-08-28,242.47000099999997
2018-08-29,241.729996
2018-08-30,244.41000400000001
2018-08-31,260.0
2018-09-04,274.369995
2018-09-05,274.929993
2018-09-06,275.660004
2018-09-07,285.799988
2018-09-10,285.959991
2018-09-11,286.730011
2018-09-12,283.630005
2018-09-13,280.519989
2018-09-14,279.100006
2018-09-17,281.450012
2018-09-18,282.869995
2018-09-19,287.160004
2018-09-20,284.76001
2018-09-21,280.769989
2018-09-24,280.98999
2018-09-25,277.459991
2018-09-26,278.329987
2018-09-27,279.27999900000003
2018-09-28,282.119995
2018-10-01,282.959991
2018-10-02,279.97000099999997
2018-10-03,278.869995
2018-10-04,275.0
2018-10-05,269.850006
2018-10-08,273.48999
2018-10-09,275.679993
2018-10-10,268.130005
2018-10-11,267.570007
2018-10-12,275.640015
2018-10-15,281.730011
2018-10-16,285.410004
2018-10-17,281.920013
2018-10-18,273.440002
2018-10-19,270.77999900000003
2018-10-22,274.609985
2018-10-23,272.049988
2018-10-24,267.02999900000003
2018-10-25,272.23999
2018-10-26,274.890015
2018-10-29,278.5
2018-10-30,266.98999
2018-10-31,274.519989
2018-11-01,272.950012
2018-11-02,281.950012
2018-11-05,285.130005
2018-11-06,291.790009
2018-11-07,290.51001
2018-11-08,304.48999
2018-11-09,308.119995
2018-11-12,308.98999
2018-11-13,314.25
2018-11-14,313.130005
2018-11-15,311.809998
2018-11-16,313.559998
2018-11-19,313.27999900000003
2018-11-20,302.140015
2018-11-21,303.76001
2018-11-23,303.320007
2018-11-26,301.109985
2018-11-27,296.829987
2018-11-28,295.140015
2018-11-29,300.369995
2018-11-30,297.790009
2018-12-03,306.48999
2018-12-04,291.130005
2018-12-06,292.920013
2018-12-07,254.47000099999997
2018-12-10,251.100006
2018-12-11,247.86000099999998
2018-12-12,255.149994
2018-12-13,251.520004
2018-12-14,246.850006
2018-12-17,241.94999700000002
2018-12-18,240.91000400000001
2018-12-19,239.229996
2018-12-20,234.00999500000003
2018-12-21,230.49000499999997
2018-12-24,229.059998
2018-12-26,242.19999700000002
2018-12-27,242.270004
2018-12-28,239.44999700000002
2018-12-31,244.83999599999999
2019-01-02,247.97000099999997
2019-01-03,243.36000099999998
2019-01-04,255.02999900000003
2019-01-07,271.0
2019-01-08,276.0
2019-01-09,281.190002
2019-01-10,277.02999900000003
2019-01-11,284.109985
2019-01-14,274.899994
2019-01-15,278.48999
2019-01-16,282.01001
2019-01-17,283.899994
2019-01-18,291.5
2019-01-22,288.850006
2019-01-23,288.200012
2019-01-24,287.98999
2019-01-25,290.72000099999997
2019-01-28,290.27999900000003
2019-01-29,288.820007
2019-01-30,288.600006
2019-01-31,291.920013
2019-02-01,291.359985
2019-02-04,289.040009
2019-02-05,294.040009
2019-02-06,293.450012
2019-02-07,293.640015
2019-02-08,296.059998
2019-02-11,298.100006
2019-02-12,302.5
2019-02-13,303.950012
2019-02-14,305.0
2019-02-15,306.359985
2019-02-19,304.649994
2019-02-20,306.309998
2019-02-21,308.019989
2019-02-22,310.72000099999997
2019-02-25,309.049988
2019-02-26,310.0
2019-02-27,307.109985
2019-02-28,312.48999
2019-03-01,315.299988
2019-03-04,311.5
2019-03-05,312.23999
2019-03-06,312.51001
2019-03-07,305.450012
2019-03-08,306.390015
2019-03-11,309.75
2019-03-12,311.410004
2019-03-13,315.440002
2019-03-14,312.51001
2019-03-15,338.410004
2019-03-18,342.22000099999997
2019-03-19,334.450012
2019-03-20,330.790009
2019-03-21,335.130005
2019-03-22,330.519989
2019-03-25,336.670013
2019-03-26,342.899994
2019-03-27,346.049988
2019-03-28,345.230011
2019-03-29,348.730011
2019-04-01,352.549988
2019-04-02,347.299988
2019-04-03,350.52999900000003
2019-04-04,350.140015
2019-04-05,353.630005
2019-04-08,354.47000099999997
2019-04-09,348.200012
2019-04-10,350.27999900000003
2019-04-11,350.22000099999997
2019-04-12,344.829987
2019-04-15,353.940002
2019-04-16,355.079987
2019-04-17,354.329987
2019-04-18,350.880005
2019-04-22,347.410004
2019-04-23,351.630005
2019-04-24,355.839996
2019-04-25,353.700012
2019-04-26,357.940002
2019-04-29,350.899994
2019-04-30,348.980011
2019-05-01,334.940002
2019-05-02,343.679993
2019-05-03,341.959991
2019-05-06,346.679993
2019-05-07,342.359985
2019-05-08,348.149994
2019-05-09,348.049988
2019-05-10,343.23999
2019-05-13,330.230011
2019-05-14,335.320007
2019-05-15,340.700012
2019-05-16,343.23999
2019-05-17,342.450012
2019-05-20,347.890015
2019-05-21,353.160004
2019-05-22,349.089996
2019-05-23,337.829987
2019-05-24,335.089996
2019-05-28,334.850006
2019-05-29,322.070007
2019-05-30,328.459991
2019-05-31,333.380005
2019-06-03,330.600006
2019-06-04,335.52999900000003
2019-06-05,337.480011
2019-06-06,340.329987
2019-06-07,338.160004
2019-06-10,337.049988
2019-06-11,340.01001
2019-06-12,342.820007
2019-06-13,349.809998
2019-06-14,354.619995
2019-06-17,350.190002
2019-06-18,347.209991
2019-06-19,357.839996
2019-06-20,358.339996
2019-06-21,355.809998
2019-06-24,346.540009
2019-06-25,348.690002
2019-06-26,344.820007
2019-06-27,344.22000099999997
2019-06-28,346.890015
2019-07-01,340.380005
2019-07-02,341.329987
2019-07-03,345.429993
2019-07-05,344.950012
2019-07-08,352.690002
2019-07-09,348.480011
2019-07-10,347.200012
2019-07-11,346.980011
2019-07-12,356.390015
2019-07-15,355.679993
2019-07-16,360.540009
2019-07-17,366.390015
2019-07-18,366.209991
2019-07-19,357.0
2019-07-22,352.950012
2019-07-23,351.98999
2019-07-24,352.940002
2019-07-25,354.619995
2019-07-26,353.880005
2019-07-29,346.130005
2019-07-30,348.630005
2019-07-31,349.25
2019-08-01,345.51001
2019-08-02,337.019989
2019-08-05,330.140015
2019-08-06,340.27999900000003
2019-08-07,343.679993
2019-08-08,353.040009
2019-08-09,346.700012
2019-08-12,336.51001
2019-08-13,341.200012
2019-08-14,321.0
2019-08-15,320.440002
2019-08-16,322.02999900000003
2019-08-19,325.25
2019-08-20,323.079987
2019-08-21,328.119995
2019-08-22,334.859985
2019-08-23,322.100006
2019-08-26,330.22000099999997
2019-08-27,323.769989
2019-08-28,330.380005
2019-08-29,337.450012
2019-08-30,237.729996
2019-09-03,237.41000400000001
2019-09-04,228.75999500000003
2019-09-05,236.710007
2019-09-06,233.100006
2019-09-09,226.16000400000001
2019-09-10,231.419998
2019-09-11,228.149994
2019-09-12,226.16000400000001
2019-09-13,226.86000099999998
2019-09-16,225.44999700000002
2019-09-17,233.850006
2019-09-18,229.33999599999999
2019-09-19,230.07000699999998
2019-09-20,228.75
2019-09-23,237.309998
2019-09-24,239.479996
2019-09-25,235.539993
2019-09-26,236.309998
2019-09-27,244.399994
2019-09-30,250.649994
2019-10-01,265.98999
2019-10-02,262.790009
2019-10-03,257.429993
2019-10-04,250.600006
2019-10-07,242.75
2019-10-08,237.02999900000003
2019-10-09,238.039993
2019-10-10,241.75
2019-10-11,248.460007
2019-10-14,246.57000699999998
2019-10-15,245.399994
2019-10-16,244.979996
2019-10-17,248.100006
2019-10-18,239.919998
2019-10-21,235.30000299999998
2019-10-22,236.91000400000001
2019-10-23,237.86999500000002
2019-10-24,238.92999300000002
2019-10-25,240.899994
2019-10-28,241.74000499999997
2019-10-29,242.11000099999998
2019-10-30,240.25
2019-10-31,233.149994
2019-11-01,233.11000099999998
2019-11-04,237.190002
2019-11-05,245.419998
2019-11-06,243.99000499999997
2019-11-07,243.770004
2019-11-08,239.289993
2019-11-11,241.960007
2019-11-12,243.97000099999997
2019-11-13,244.039993
2019-11-14,242.86999500000002
2019-11-15,246.30000299999998
2019-11-18,244.330002
2019-11-19,239.600006
2019-11-20,234.289993
2019-11-21,228.49000499999997
2019-11-22,228.86000099999998
2019-11-25,231.210007
2019-11-26,235.97000099999997
2019-11-27,233.979996
2019-11-29,233.86000099999998
2019-12-02,236.270004
2019-12-03,237.100006
2019-12-04,239.42999300000002
2019-12-05,236.020004
2019-12-06,262.200012
2019-12-09,252.63999900000002
2019-12-10,250.36999500000002
2019-12-11,251.63999900000002
2019-12-12,258.869995
2019-12-13,253.5
2019-12-16,249.100006
2019-12-17,255.960007
2019-12-18,250.07000699999998
2019-12-19,250.690002
2019-12-20,250.5
2019-12-23,253.020004
2019-12-24,252.49000499999997
2019-12-26,251.330002
2019-12-27,253.169998
2019-12-30,251.350006
2019-12-31,253.13999900000002
2020-01-02,254.55000299999998
2020-01-03,250.169998
2020-01-06,250.94999700000002
2020-01-07,253.08999599999999
2020-01-08,258.0
2020-01-09,263.5
2020-01-10,267.27999900000003
2020-01-13,275.700012
2020-01-14,282.619995
2020-01-15,276.200012
2020-01-16,277.0
2020-01-17,272.890015
2020-01-21,272.01001
2020-01-22,273.97000099999997
2020-01-23,272.200012
2020-01-24,272.980011
2020-01-27,273.700012
2020-01-28,273.869995
2020-01-29,273.980011
2020-01-30,274.48999
2020-01-31,267.910004
2020-02-03,274.959991
2020-02-04,273.519989
2020-02-05,278.179993
2020-02-06,293.049988
2020-02-07,295.959991
2020-02-10,293.25
2020-02-11,293.77999900000003
2020-02-12,299.299988
2020-02-13,297.089996
2020-02-14,294.570007
2020-02-18,298.709991
2020-02-19,296.859985
2020-02-20,301.339996
2020-02-21,299.399994
2020-02-24,285.570007
2020-02-25,277.98999
2020-02-26,272.76001
2020-02-27,265.380005
2020-02-28,257.089996
2020-03-02,260.98999
2020-03-03,256.700012
2020-03-04,268.839996
2020-03-05,257.140015
2020-03-06,256.579987
2020-03-09,235.69999700000002
2020-03-10,239.059998
2020-03-11,221.210007
2020-03-12,198.53999299999998
2020-03-13,207.059998
2020-03-16,161.53999299999998
2020-03-17,154.600006
2020-03-18,128.520004
2020-03-19,146.990005
2020-03-20,148.059998
2020-03-23,143.240005
2020-03-24,177.58999599999999
2020-03-25,191.880005
2020-03-26,188.830002
2020-03-27,174.449997
2020-03-30,179.71000700000002
2020-03-31,175.699997
2020-04-01,161.5
2020-04-02,161.350006
2020-04-03,156.740005
2020-04-06,188.679993
2020-04-07,187.550003
2020-04-08,200.570007
2020-04-09,202.479996
2020-04-13,202.600006
2020-04-14,205.0
2020-04-15,201.520004
2020-04-16,208.919998
2020-04-17,215.50999500000003
2020-04-20,208.070007
2020-04-21,201.570007
2020-04-22,208.71000700000002
2020-04-23,210.67999300000002
2020-04-24,210.520004
2020-04-27,208.08999599999999
2020-04-28,218.67999300000002
2020-04-29,226.16000400000001
2020-04-30,217.919998
2020-05-01,214.27999900000003
2020-05-04,215.479996
2020-05-05,218.210007
2020-05-06,218.270004
2020-05-07,222.16000400000001
2020-05-08,230.07000699999998
