Date,XYL
2011-10-13,24.25
2011-10-14,25.35
2011-10-17,25.16
2011-10-18,25.24
2011-10-19,24.75
2011-10-20,24.75
2011-10-21,25.540001
2011-10-24,25.77
2011-10-25,25.75
2011-10-26,25.02
2011-10-27,25.620001000000002
2011-10-28,25.82
2011-10-31,26.74
2011-11-01,27.309998999999998
2011-11-02,26.620001000000002
2011-11-03,26.389999
2011-11-04,25.190001000000002
2011-11-07,24.6
2011-11-08,24.940001000000002
2011-11-09,23.889999
2011-11-10,23.65
2011-11-11,23.790001
2011-11-14,23.93
2011-11-15,23.99
2011-11-16,24.120001000000002
2011-11-17,23.85
2011-11-18,23.93
2011-11-21,23.620001000000002
2011-11-22,23.629998999999998
2011-11-23,23.68
2011-11-25,23.0
2011-11-28,23.49
2011-11-29,23.27
2011-11-30,23.9
2011-12-01,24.27
2011-12-02,24.25
2011-12-05,25.09
2011-12-06,24.83
2011-12-07,24.57
2011-12-08,23.879998999999998
2011-12-09,24.35
2011-12-12,23.92
2011-12-13,23.85
2011-12-14,23.41
2011-12-15,23.92
2011-12-16,24.67
2011-12-19,24.25
2011-12-20,24.309998999999998
2011-12-21,24.92
2011-12-22,24.83
2011-12-23,24.91
2011-12-27,25.049999
2011-12-28,25.559998999999998
2011-12-29,25.950001
2011-12-30,25.690001000000002
2012-01-03,25.139999
2012-01-04,25.969998999999998
2012-01-05,25.6
2012-01-06,25.17
2012-01-09,25.27
2012-01-10,25.58
2012-01-11,26.059998999999998
2012-01-12,25.700001
2012-01-13,25.629998999999998
2012-01-17,25.629998999999998
2012-01-18,26.99
2012-01-19,26.620001000000002
2012-01-20,26.360001
2012-01-23,25.75
2012-01-24,26.139999
2012-01-25,26.6
2012-01-26,25.940001000000002
2012-01-27,25.809998999999998
2012-01-30,25.92
2012-01-31,25.91
2012-02-01,26.82
2012-02-02,26.65
2012-02-03,27.030001000000002
2012-02-06,26.780001000000002
2012-02-07,27.219998999999998
2012-02-08,27.389999
2012-02-09,27.129998999999998
2012-02-10,27.07
2012-02-13,27.030001000000002
2012-02-14,26.92
2012-02-15,27.0
2012-02-16,27.15
2012-02-17,27.59
2012-02-21,27.82
2012-02-22,27.530001000000002
2012-02-23,27.780001000000002
2012-02-24,27.26
2012-02-27,27.360001
2012-02-28,26.84
2012-02-29,25.98
2012-03-01,26.690001000000002
2012-03-02,26.6
2012-03-05,26.219998999999998
2012-03-06,25.85
2012-03-07,26.209999
2012-03-08,26.620001000000002
2012-03-09,27.25
2012-03-12,27.530001000000002
2012-03-13,28.42
2012-03-14,28.360001
2012-03-15,28.73
2012-03-16,28.190001000000002
2012-03-19,27.940001000000002
2012-03-20,27.309998999999998
2012-03-21,27.33
2012-03-22,27.219998999999998
2012-03-23,27.200001
2012-03-26,27.85
2012-03-27,27.99
2012-03-28,27.959999
2012-03-29,27.66
2012-03-30,27.75
2012-04-02,28.32
2012-04-03,28.25
2012-04-04,27.799999
2012-04-05,27.969998999999998
2012-04-09,27.360001
2012-04-10,26.940001000000002
2012-04-11,27.0
2012-04-12,27.32
2012-04-13,26.83
2012-04-16,26.9
2012-04-17,27.200001
2012-04-18,27.65
2012-04-19,27.1
2012-04-20,27.360001
2012-04-23,26.889999
2012-04-24,27.1
2012-04-25,27.700001
2012-04-26,28.1
2012-04-27,28.379998999999998
2012-04-30,27.879998999999998
2012-05-01,27.66
2012-05-02,27.76
2012-05-03,27.299999
2012-05-04,26.450001
2012-05-07,26.209999
2012-05-08,26.360001
2012-05-09,26.129998999999998
2012-05-10,26.139999
2012-05-11,26.030001000000002
2012-05-14,25.43
2012-05-15,25.209999
2012-05-16,25.370001000000002
2012-05-17,24.42
2012-05-18,24.67
2012-05-21,25.34
2012-05-22,25.59
2012-05-23,25.790001
2012-05-24,26.139999
2012-05-25,25.65
2012-05-29,25.889999
2012-05-30,25.450001
2012-05-31,25.33
2012-06-01,24.48
2012-06-04,24.51
2012-06-05,24.58
2012-06-06,25.49
2012-06-07,25.74
2012-06-08,25.92
2012-06-11,25.51
2012-06-12,25.58
2012-06-13,25.17
2012-06-14,25.0
2012-06-15,25.32
2012-06-18,25.129998999999998
2012-06-19,25.08
2012-06-20,24.719998999999998
2012-06-21,24.280001000000002
2012-06-22,24.02
2012-06-25,23.610001
2012-06-26,23.92
2012-06-27,24.290001
2012-06-28,24.59
2012-06-29,25.17
2012-07-02,25.040001
2012-07-03,25.68
2012-07-05,25.530001000000002
2012-07-06,25.200001
2012-07-09,25.0
2012-07-10,24.360001
2012-07-11,23.93
2012-07-12,23.18
2012-07-13,23.309998999999998
2012-07-16,23.16
2012-07-17,23.65
2012-07-18,23.93
2012-07-19,24.120001000000002
2012-07-20,23.790001
2012-07-23,23.879998999999998
2012-07-24,23.59
2012-07-25,23.91
2012-07-26,23.73
2012-07-27,24.200001
2012-07-30,24.200001
2012-07-31,23.98
2012-08-01,23.9
2012-08-02,23.57
2012-08-03,24.030001000000002
2012-08-06,24.129998999999998
2012-08-07,24.24
2012-08-08,24.15
2012-08-09,24.469998999999998
2012-08-10,24.459999
2012-08-13,24.51
2012-08-14,24.059998999999998
2012-08-15,24.290001
2012-08-16,24.940001000000002
2012-08-17,25.139999
2012-08-20,25.290001
2012-08-21,25.200001
2012-08-22,25.02
2012-08-23,24.629998999999998
2012-08-24,24.5
2012-08-27,24.139999
2012-08-28,24.049999
2012-08-29,24.01
2012-08-30,24.09
2012-08-31,24.290001
2012-09-04,24.0
2012-09-05,24.07
2012-09-06,24.969998999999998
2012-09-07,25.1
2012-09-10,24.58
2012-09-11,25.379998999999998
2012-09-12,25.0
2012-09-13,25.360001
2012-09-14,25.57
2012-09-17,25.34
2012-09-18,25.709999
2012-09-19,25.98
2012-09-20,25.6
2012-09-21,25.440001000000002
2012-09-24,25.5
2012-09-25,25.41
2012-09-26,24.98
2012-09-27,25.299999
2012-09-28,25.15
2012-10-01,25.24
2012-10-02,25.25
2012-10-03,25.02
2012-10-04,25.15
2012-10-05,25.139999
2012-10-08,25.110001
2012-10-09,24.790001
2012-10-10,24.559998999999998
2012-10-11,24.32
2012-10-12,24.610001
2012-10-15,24.73
2012-10-16,25.370001000000002
2012-10-17,25.08
2012-10-18,24.639999
2012-10-19,24.219998999999998
2012-10-22,24.290001
2012-10-23,24.200001
2012-10-24,23.440001000000002
2012-10-25,23.709999
2012-10-26,23.59
2012-10-31,24.26
2012-11-01,25.4
2012-11-02,25.629998999999998
2012-11-05,26.0
2012-11-06,26.049999
2012-11-07,25.309998999999998
2012-11-08,24.92
2012-11-09,24.709999
2012-11-12,24.76
2012-11-13,24.530001000000002
2012-11-14,24.049999
2012-11-15,24.030001000000002
2012-11-16,24.190001000000002
2012-11-19,24.84
2012-11-20,25.120001000000002
2012-11-21,25.34
2012-11-23,25.52
2012-11-26,25.860001
2012-11-27,25.629998999999998
2012-11-28,25.940001000000002
2012-11-29,26.129998999999998
2012-11-30,26.09
2012-12-03,25.77
2012-12-04,25.700001
2012-12-05,26.0
2012-12-06,26.09
2012-12-07,26.379998999999998
2012-12-10,26.48
2012-12-11,26.629998999999998
2012-12-12,26.790001
2012-12-13,26.690001000000002
2012-12-14,26.76
2012-12-17,26.549999
2012-12-18,27.200001
2012-12-19,27.57
2012-12-20,26.84
2012-12-21,26.76
2012-12-24,26.870001000000002
2012-12-26,26.780001000000002
2012-12-27,26.85
2012-12-28,26.43
2012-12-31,27.1
2013-01-02,27.5
2013-01-03,27.41
2013-01-04,27.370001000000002
2013-01-07,27.01
2013-01-08,26.68
2013-01-09,27.1
2013-01-10,27.48
2013-01-11,27.18
2013-01-14,27.209999
2013-01-15,27.129998999999998
2013-01-16,26.950001
2013-01-17,27.42
2013-01-18,27.51
2013-01-22,27.68
2013-01-23,27.9
2013-01-24,27.98
2013-01-25,27.700001
2013-01-28,27.92
2013-01-29,27.969998999999998
2013-01-30,27.940001000000002
2013-01-31,27.93
2013-02-01,28.01
2013-02-04,27.549999
2013-02-05,27.77
2013-02-06,27.85
2013-02-07,26.91
2013-02-08,27.09
2013-02-11,27.459999
2013-02-12,27.950001
2013-02-13,28.26
2013-02-14,28.469998999999998
2013-02-15,28.280001000000002
2013-02-19,28.76
2013-02-20,27.959999
2013-02-21,27.68
2013-02-22,27.790001
2013-02-25,27.02
2013-02-26,27.0
2013-02-27,27.469998999999998
2013-02-28,27.5
2013-03-01,27.49
2013-03-04,27.49
2013-03-05,28.450001
2013-03-06,29.34
2013-03-07,28.4
2013-03-08,28.43
2013-03-11,28.76
2013-03-12,28.530001000000002
2013-03-13,28.469998999999998
2013-03-14,28.709999
2013-03-15,28.959999
2013-03-18,28.780001000000002
2013-03-19,28.440001000000002
2013-03-20,28.51
2013-03-21,28.559998999999998
2013-03-22,28.440001000000002
2013-03-25,27.73
2013-03-26,27.690001000000002
2013-03-27,27.290001
2013-03-28,27.559998999999998
2013-04-01,27.25
2013-04-02,27.219998999999998
2013-04-03,27.120001000000002
2013-04-04,27.719998999999998
2013-04-05,27.6
2013-04-08,27.85
2013-04-09,27.959999
2013-04-10,28.690001000000002
2013-04-11,28.860001
2013-04-12,28.6
2013-04-15,27.42
2013-04-16,27.66
2013-04-17,27.280001000000002
2013-04-18,27.040001
2013-04-19,26.99
2013-04-22,26.84
2013-04-23,27.389999
2013-04-24,27.690001000000002
2013-04-25,27.860001
2013-04-26,27.709999
2013-04-29,28.25
2013-04-30,27.75
2013-05-01,27.5
2013-05-02,27.440001000000002
2013-05-03,27.360001
2013-05-06,27.41
2013-05-07,27.68
2013-05-08,28.110001
2013-05-09,27.879998999999998
2013-05-10,27.799999
2013-05-13,27.540001
2013-05-14,28.309998999999998
2013-05-15,28.6
2013-05-16,28.639999
2013-05-17,28.93
2013-05-20,28.879998999999998
2013-05-21,28.700001
2013-05-22,28.51
2013-05-23,28.049999
2013-05-24,27.85
2013-05-28,28.059998999999998
2013-05-29,28.049999
2013-05-30,28.549999
2013-05-31,28.139999
2013-06-03,28.25
2013-06-04,27.860001
2013-06-05,27.200001
2013-06-06,27.299999
2013-06-07,27.549999
2013-06-10,27.5
2013-06-11,27.209999
2013-06-12,27.01
2013-06-13,27.27
2013-06-14,27.120001000000002
2013-06-17,27.27
2013-06-18,27.66
2013-06-19,27.25
2013-06-20,26.41
2013-06-21,26.1
2013-06-24,25.77
2013-06-25,25.93
2013-06-26,26.08
2013-06-27,26.629998999999998
2013-06-28,26.940001000000002
2013-07-01,27.65
2013-07-02,27.5
2013-07-03,27.629998999999998
2013-07-05,27.98
2013-07-08,28.16
2013-07-09,28.540001
2013-07-10,28.969998999999998
2013-07-11,29.030001000000002
2013-07-12,29.08
2013-07-15,29.059998999999998
2013-07-16,28.58
2013-07-17,28.629998999999998
2013-07-18,28.93
2013-07-19,28.790001
2013-07-22,28.870001000000002
2013-07-23,28.709999
2013-07-24,28.59
2013-07-25,28.83
2013-07-26,28.67
2013-07-29,28.459999
2013-07-30,25.540001
2013-07-31,24.93
2013-08-01,25.190001000000002
2013-08-02,25.27
2013-08-05,25.280001000000002
2013-08-06,25.43
2013-08-07,24.9
2013-08-08,24.98
2013-08-09,24.98
2013-08-12,24.83
2013-08-13,24.969998999999998
2013-08-14,24.99
2013-08-15,24.719998999999998
2013-08-16,24.52
2013-08-19,24.620001000000002
2013-08-20,24.299999
2013-08-21,24.190001000000002
2013-08-22,24.379998999999998
2013-08-23,24.299999
2013-08-26,24.58
2013-08-27,24.27
2013-08-28,24.51
2013-08-29,24.950001
2013-08-30,24.780001000000002
2013-09-03,25.08
2013-09-04,25.5
2013-09-05,25.91
2013-09-06,26.17
2013-09-09,26.780001000000002
2013-09-10,27.07
2013-09-11,27.110001
2013-09-12,26.959999
2013-09-13,26.950001
2013-09-16,27.16
2013-09-17,27.25
2013-09-18,27.49
2013-09-19,27.51
2013-09-20,27.17
2013-09-23,27.0
2013-09-24,27.360001
2013-09-25,27.530001000000002
2013-09-26,28.23
2013-09-27,27.99
2013-09-30,27.93
2013-10-01,28.24
2013-10-02,28.120001000000002
2013-10-03,27.9
2013-10-04,28.18
2013-10-07,28.0
2013-10-08,27.4
2013-10-09,27.209999
2013-10-10,27.93
2013-10-11,28.1
2013-10-14,28.17
2013-10-15,27.92
2013-10-16,27.92
2013-10-17,27.49
2013-10-18,27.83
2013-10-21,28.33
2013-10-22,28.209999
2013-10-23,28.34
2013-10-24,28.690001000000002
2013-10-25,28.99
2013-10-28,28.93
2013-10-29,32.529999
2013-10-30,33.48
2013-10-31,34.5
2013-11-01,33.220001
2013-11-04,33.91
2013-11-05,33.75
2013-11-06,33.509997999999996
2013-11-07,33.110001000000004
2013-11-08,33.98
2013-11-11,33.959998999999996
2013-11-12,33.939999
2013-11-13,34.32
2013-11-14,34.380001
2013-11-15,34.470001
2013-11-18,33.939999
2013-11-19,34.150002
2013-11-20,34.299999
2013-11-21,34.580002
2013-11-22,34.580002
2013-11-25,34.529999
2013-11-26,34.669998
2013-11-27,34.77
2013-11-29,34.560001
2013-12-02,33.91
2013-12-03,33.580002
2013-12-04,33.560001
2013-12-05,33.779999
2013-12-06,33.509997999999996
2013-12-09,33.630001
2013-12-10,33.540001000000004
2013-12-11,32.91
2013-12-12,33.509997999999996
2013-12-13,33.810001
2013-12-16,33.889998999999996
2013-12-17,34.099998
2013-12-18,34.700001
2013-12-19,34.16
2013-12-20,34.080002
2013-12-23,34.189999
2013-12-24,34.330002
2013-12-26,34.689999
2013-12-27,34.549999
2013-12-30,34.580002
2013-12-31,34.599998
2014-01-02,34.16
2014-01-03,34.470001
2014-01-06,34.41
2014-01-07,34.509997999999996
2014-01-08,34.490002000000004
2014-01-09,34.630001
2014-01-10,34.91
2014-01-13,35.02
2014-01-14,35.580002
2014-01-15,36.369999
2014-01-16,36.639998999999996
2014-01-17,36.57
2014-01-21,35.919998
2014-01-22,36.490002000000004
2014-01-23,35.439999
2014-01-24,33.68
2014-01-27,33.389998999999996
2014-01-28,33.91
2014-01-29,33.240002000000004
2014-01-30,33.360001000000004
2014-01-31,33.360001000000004
2014-02-03,32.799999
2014-02-04,36.27
2014-02-05,35.52
2014-02-06,36.459998999999996
2014-02-07,36.959998999999996
2014-02-10,36.880001
2014-02-11,37.099998
2014-02-12,37.400002
2014-02-13,37.84
2014-02-14,38.049999
2014-02-18,38.57
2014-02-19,37.619999
2014-02-20,38.709998999999996
2014-02-21,38.860001000000004
2014-02-24,39.400002
2014-02-25,38.759997999999996
2014-02-26,39.25
2014-02-27,39.369999
2014-02-28,39.349998
2014-03-03,38.599998
2014-03-04,38.790001000000004
2014-03-05,38.5
2014-03-06,38.299999
2014-03-07,38.639998999999996
2014-03-10,38.049999
2014-03-11,37.849998
2014-03-12,37.400002
2014-03-13,36.740002000000004
2014-03-14,36.790001000000004
2014-03-17,36.810001
2014-03-18,36.779999
2014-03-19,36.439999
2014-03-20,36.34
2014-03-21,36.279999
2014-03-24,35.709998999999996
2014-03-25,36.619999
2014-03-26,35.84
2014-03-27,35.779999
2014-03-28,36.0
2014-03-31,36.419998
2014-04-01,37.150002
2014-04-02,37.77
2014-04-03,37.27
2014-04-04,37.299999
2014-04-07,36.380001
2014-04-08,36.040001000000004
2014-04-09,37.009997999999996
2014-04-10,35.91
2014-04-11,35.220001
2014-04-14,35.119999
2014-04-15,34.889998999999996
2014-04-16,35.490002000000004
2014-04-17,35.299999
2014-04-21,35.52
2014-04-22,35.709998999999996
2014-04-23,35.68
2014-04-24,35.799999
2014-04-25,35.41
2014-04-28,35.360001000000004
2014-04-29,36.439999
2014-04-30,37.59
2014-05-01,36.959998999999996
2014-05-02,36.860001000000004
2014-05-05,36.77
2014-05-06,36.93
2014-05-07,37.220001
2014-05-08,37.299999
2014-05-09,37.189999
2014-05-12,38.029999
2014-05-13,37.959998999999996
2014-05-14,37.759997999999996
2014-05-15,37.23
2014-05-16,36.900002
2014-05-19,37.900002
2014-05-20,37.279999
2014-05-21,37.82
2014-05-22,37.950001
2014-05-23,38.419998
2014-05-27,38.540001000000004
2014-05-28,38.16
2014-05-29,36.75
2014-05-30,37.299999
2014-06-02,37.529999
2014-06-03,37.23
2014-06-04,36.880001
2014-06-05,37.369999
2014-06-06,37.75
2014-06-09,38.110001000000004
2014-06-10,38.130001
2014-06-11,37.959998999999996
2014-06-12,37.77
2014-06-13,38.599998
2014-06-16,38.470001
2014-06-17,38.580002
2014-06-18,38.919998
2014-06-19,39.34
2014-06-20,39.669998
2014-06-23,39.779999
2014-06-24,39.23
2014-06-25,39.369999
2014-06-26,39.130001
2014-06-27,39.25
2014-06-30,39.080002
2014-07-01,39.130001
2014-07-02,38.650002
2014-07-03,39.02
2014-07-07,38.0
2014-07-08,37.360001000000004
2014-07-09,37.540001000000004
2014-07-10,37.240002000000004
2014-07-11,37.099998
2014-07-14,37.52
2014-07-15,37.23
2014-07-16,37.59
2014-07-17,36.73
2014-07-18,37.450001
2014-07-21,37.650002
2014-07-22,37.599998
2014-07-23,37.330002
2014-07-24,37.209998999999996
2014-07-25,36.84
2014-07-28,36.459998999999996
2014-07-29,37.200001
2014-07-30,36.43
2014-07-31,35.290001000000004
2014-08-01,34.98
2014-08-04,35.299999
2014-08-05,35.630001
2014-08-06,35.639998999999996
2014-08-07,36.040001000000004
2014-08-08,36.060001
2014-08-11,36.560001
2014-08-12,36.509997999999996
2014-08-13,36.740002000000004
2014-08-14,36.689999
2014-08-15,36.720001
2014-08-18,37.400002
2014-08-19,37.509997999999996
2014-08-20,38.009997999999996
2014-08-21,37.779999
2014-08-22,37.400002
2014-08-25,37.82
2014-08-26,37.650002
2014-08-27,37.43
2014-08-28,37.259997999999996
2014-08-29,37.259997999999996
2014-09-02,38.060001
2014-09-03,37.849998
2014-09-04,37.880001
2014-09-05,37.77
2014-09-08,37.669998
2014-09-09,37.369999
2014-09-10,37.32
2014-09-11,37.41
2014-09-12,37.150002
2014-09-15,37.18
2014-09-16,37.509997999999996
2014-09-17,37.400002
2014-09-18,37.77
2014-09-19,37.77
2014-09-22,37.330002
2014-09-23,37.389998999999996
2014-09-24,37.380001
2014-09-25,36.509997999999996
2014-09-26,36.599998
2014-09-29,36.25
2014-09-30,35.490002000000004
2014-10-01,34.860001000000004
2014-10-02,35.009997999999996
2014-10-03,35.07
2014-10-06,35.580002
2014-10-07,34.150002
2014-10-08,34.630001
2014-10-09,33.380001
2014-10-10,32.5
2014-10-13,31.91
2014-10-14,32.700001
2014-10-15,33.299999
2014-10-16,34.040001000000004
2014-10-17,34.209998999999996
2014-10-20,33.709998999999996
2014-10-21,34.509997999999996
2014-10-22,34.060001
2014-10-23,35.049999
2014-10-24,35.34
2014-10-27,35.02
2014-10-28,36.48
2014-10-29,35.709998999999996
2014-10-30,35.810001
2014-10-31,36.360001000000004
2014-11-03,36.040001000000004
2014-11-04,35.939999
2014-11-05,36.389998999999996
2014-11-06,37.110001000000004
2014-11-07,37.040001000000004
2014-11-10,37.279999
2014-11-11,37.349998
2014-11-12,37.549999
2014-11-13,37.450001
2014-11-14,37.619999
2014-11-17,37.73
2014-11-18,38.209998999999996
2014-11-19,37.34
2014-11-20,37.459998999999996
2014-11-21,38.25
2014-11-24,38.400002
2014-11-25,38.389998999999996
2014-11-26,38.540001000000004
2014-11-28,38.34
2014-12-01,38.439999
2014-12-02,38.02
2014-12-03,38.889998999999996
2014-12-04,38.57
2014-12-05,38.59
2014-12-08,37.82
2014-12-09,38.119999
2014-12-10,36.84
2014-12-11,36.98
2014-12-12,36.200001
2014-12-15,36.240002000000004
2014-12-16,36.27
2014-12-17,36.91
2014-12-18,38.099998
2014-12-19,38.59
2014-12-22,38.740002000000004
2014-12-23,38.720001
2014-12-24,38.759997999999996
2014-12-26,38.950001
2014-12-29,38.860001000000004
2014-12-30,38.43
2014-12-31,38.07
2015-01-02,38.080002
2015-01-05,35.709998999999996
2015-01-06,35.5
2015-01-07,35.779999
2015-01-08,36.049999
2015-01-09,35.369999
2015-01-12,34.599998
2015-01-13,34.68
2015-01-14,34.459998999999996
2015-01-15,34.220001
2015-01-16,34.470001
2015-01-20,34.400002
2015-01-21,35.099998
2015-01-22,35.330002
2015-01-23,35.169998
2015-01-26,35.189999
2015-01-27,34.740002000000004
2015-01-28,34.259997999999996
2015-01-29,34.16
2015-01-30,34.099998
2015-02-02,34.740002000000004
2015-02-03,35.389998999999996
2015-02-04,34.889998999999996
2015-02-05,34.860001000000004
2015-02-06,35.189999
2015-02-09,35.110001000000004
2015-02-10,35.389998999999996
2015-02-11,35.25
2015-02-12,35.610001000000004
2015-02-13,36.060001
2015-02-17,35.880001
2015-02-18,35.830002
2015-02-19,35.66
2015-02-20,36.029999
2015-02-23,35.810001
2015-02-24,35.959998999999996
2015-02-25,36.040001000000004
2015-02-26,35.77
2015-02-27,35.700001
2015-03-02,36.169998
2015-03-03,36.099998
2015-03-04,35.689999
2015-03-05,35.580002
2015-03-06,35.169998
2015-03-09,35.25
2015-03-10,34.700001
2015-03-11,34.580002
2015-03-12,35.169998
2015-03-13,34.610001000000004
2015-03-16,35.029999
2015-03-17,34.669998
2015-03-18,35.869999
2015-03-19,35.540001000000004
2015-03-20,35.990002000000004
2015-03-23,35.099998
2015-03-24,35.07
2015-03-25,34.740002000000004
2015-03-26,34.669998
2015-03-27,34.970001
2015-03-30,35.349998
2015-03-31,35.02
2015-04-01,35.41
2015-04-02,35.790001000000004
2015-04-06,36.07
2015-04-07,36.07
2015-04-08,35.25
2015-04-09,34.959998999999996
2015-04-10,35.200001
2015-04-13,35.16
2015-04-14,35.200001
2015-04-15,35.490002000000004
2015-04-16,35.830002
2015-04-17,35.139998999999996
2015-04-20,35.459998999999996
2015-04-21,35.360001000000004
2015-04-22,35.459998999999996
2015-04-23,35.900002
2015-04-24,35.630001
2015-04-27,36.299999
2015-04-28,36.369999
2015-04-29,36.630001
2015-04-30,37.02
2015-05-01,37.139998999999996
2015-05-04,36.900002
2015-05-05,36.639998999999996
2015-05-06,36.529999
2015-05-07,36.689999
2015-05-08,36.900002
2015-05-11,36.810001
2015-05-12,36.490002000000004
2015-05-13,36.790001000000004
2015-05-14,37.09
2015-05-15,36.830002
2015-05-18,37.009997999999996
2015-05-19,36.779999
2015-05-20,36.810001
2015-05-21,37.139998999999996
2015-05-22,36.990002000000004
2015-05-26,36.34
2015-05-27,36.5
2015-05-28,36.700001
2015-05-29,36.57
2015-06-01,36.599998
2015-06-02,36.689999
2015-06-03,36.959998999999996
2015-06-04,36.419998
2015-06-05,36.380001
2015-06-08,36.139998999999996
2015-06-09,36.099998
2015-06-10,36.52
2015-06-11,36.91
2015-06-12,36.540001000000004
2015-06-15,36.119999
2015-06-16,36.450001
2015-06-17,36.380001
2015-06-18,36.900002
2015-06-19,36.439999
2015-06-22,37.0
2015-06-23,37.299999
2015-06-24,37.25
2015-06-25,36.959998999999996
2015-06-26,36.939999
2015-06-29,36.259997999999996
2015-06-30,37.07
2015-07-01,36.810001
2015-07-02,36.73
2015-07-06,36.25
2015-07-07,36.380001
2015-07-08,35.57
2015-07-09,35.540001000000004
2015-07-10,35.389998999999996
2015-07-13,36.060001
2015-07-14,36.490002000000004
2015-07-15,35.950001
2015-07-16,36.02
2015-07-17,35.810001
2015-07-20,35.77
2015-07-21,35.189999
2015-07-22,34.98
2015-07-23,34.669998
2015-07-24,34.630001
2015-07-27,34.400002
2015-07-28,34.779999
2015-07-29,35.23
2015-07-30,35.220001
2015-07-31,34.529999
2015-08-03,33.849998
2015-08-04,33.740002000000004
2015-08-05,33.889998999999996
2015-08-06,33.68
2015-08-07,33.5
2015-08-10,34.09
2015-08-11,33.580002
2015-08-12,33.66
2015-08-13,33.490002000000004
2015-08-14,33.700001
2015-08-17,33.77
2015-08-18,33.41
2015-08-19,33.150002
2015-08-20,32.66
2015-08-21,32.07
2015-08-24,30.91
2015-08-25,30.459999
2015-08-26,31.379998999999998
2015-08-27,32.369999
2015-08-28,32.700001
2015-08-31,32.450001
2015-09-01,31.129998999999998
2015-09-02,31.379998999999998
2015-09-03,32.349998
2015-09-04,31.68
2015-09-08,32.439999
2015-09-09,32.110001000000004
2015-09-10,32.130001
2015-09-11,32.490002000000004
2015-09-14,32.220001
2015-09-15,33.029999
2015-09-16,33.369999
2015-09-17,33.080002
2015-09-18,32.25
2015-09-21,32.630001
2015-09-22,32.400002
2015-09-23,31.780001000000002
2015-09-24,32.52
2015-09-25,32.470001
2015-09-28,32.07
2015-09-29,31.99
2015-09-30,32.849998
2015-10-01,32.689999
2015-10-02,33.509997999999996
2015-10-05,33.560001
2015-10-06,33.389998999999996
2015-10-07,34.040001000000004
2015-10-08,34.990002000000004
2015-10-09,34.889998999999996
2015-10-12,34.639998999999996
2015-10-13,34.330002
2015-10-14,33.869999
2015-10-15,34.740002000000004
2015-10-16,34.740002000000004
2015-10-19,34.639998999999996
2015-10-20,34.880001
2015-10-21,34.720001
2015-10-22,35.619999
2015-10-23,36.189999
2015-10-26,35.91
2015-10-27,35.849998
2015-10-28,36.380001
2015-10-29,36.34
2015-10-30,36.41
2015-11-02,36.650002
2015-11-03,36.580002
2015-11-04,36.650002
2015-11-05,36.790001000000004
2015-11-06,36.919998
2015-11-09,36.450001
2015-11-10,36.93
2015-11-11,36.970001
2015-11-12,35.799999
2015-11-13,35.889998999999996
2015-11-16,36.599998
2015-11-17,37.0
2015-11-18,37.459998999999996
2015-11-19,37.669998
2015-11-20,37.5
2015-11-23,37.549999
2015-11-24,37.48
2015-11-25,37.66
2015-11-27,37.580002
2015-11-30,37.32
2015-12-01,37.639998999999996
2015-12-02,36.950001
2015-12-03,36.740002000000004
2015-12-04,37.650002
2015-12-07,36.91
2015-12-08,36.279999
2015-12-09,36.259997999999996
2015-12-10,36.700001
2015-12-11,36.220001
2015-12-14,36.639998999999996
2015-12-15,36.700001
2015-12-16,37.459998999999996
2015-12-17,36.459998999999996
2015-12-18,35.84
2015-12-21,36.139998999999996
2015-12-22,36.5
2015-12-23,37.130001
2015-12-24,37.07
2015-12-28,36.939999
2015-12-29,37.099998
2015-12-30,36.869999
2015-12-31,36.5
2016-01-04,36.080002
2016-01-05,36.07
2016-01-06,35.619999
2016-01-07,34.700001
2016-01-08,34.369999
2016-01-11,34.080002
2016-01-12,34.27
2016-01-13,33.380001
2016-01-14,33.57
2016-01-15,32.98
2016-01-19,32.959998999999996
2016-01-20,32.799999
2016-01-21,33.23
2016-01-22,34.029999
2016-01-25,33.740002000000004
2016-01-26,34.549999
2016-01-27,34.889998999999996
2016-01-28,34.950001
2016-01-29,35.950001
2016-02-01,35.619999
2016-02-02,34.860001000000004
2016-02-03,35.669998
2016-02-04,37.080002
2016-02-05,36.66
2016-02-08,36.220001
2016-02-09,36.709998999999996
2016-02-10,36.43
2016-02-11,36.209998999999996
2016-02-12,37.040001000000004
2016-02-16,37.0
2016-02-17,37.66
2016-02-18,37.529999
2016-02-19,37.029999
2016-02-22,37.639998999999996
2016-02-23,37.32
2016-02-24,37.470001
2016-02-25,37.560001
2016-02-26,37.720001
2016-02-29,37.41
2016-03-01,37.939999
2016-03-02,38.029999
2016-03-03,38.169998
2016-03-04,38.220001
2016-03-07,38.549999
2016-03-08,37.91
2016-03-09,38.150002
2016-03-10,37.919998
2016-03-11,38.450001
2016-03-14,38.07
2016-03-15,38.139998999999996
2016-03-16,38.630001
2016-03-17,39.009997999999996
2016-03-18,39.470001
2016-03-21,39.419998
2016-03-22,39.400002
2016-03-23,39.369999
2016-03-24,39.82
2016-03-28,39.900002
2016-03-29,40.639998999999996
2016-03-30,41.040001000000004
2016-03-31,40.900002
2016-04-01,41.25
2016-04-04,40.779999
2016-04-05,41.009997999999996
2016-04-06,41.189999
2016-04-07,40.889998999999996
2016-04-08,41.220001
2016-04-11,41.23
2016-04-12,41.650002
2016-04-13,41.84
2016-04-14,41.990002000000004
2016-04-15,42.279999
2016-04-18,42.610001000000004
2016-04-19,42.709998999999996
2016-04-20,42.169998
2016-04-21,41.84
2016-04-22,42.459998999999996
2016-04-25,42.209998999999996
2016-04-26,42.860001000000004
2016-04-27,42.900002
2016-04-28,42.169998
2016-04-29,41.779999
2016-05-02,42.25
2016-05-03,41.880001
2016-05-04,41.25
2016-05-05,41.529999
2016-05-06,41.889998999999996
2016-05-09,41.599998
2016-05-10,42.529999
2016-05-11,42.880001
2016-05-12,43.240002000000004
2016-05-13,43.150002
2016-05-16,43.43
2016-05-17,43.48
2016-05-18,43.259997999999996
2016-05-19,43.07
2016-05-20,43.509997999999996
2016-05-23,43.5
2016-05-24,44.459998999999996
2016-05-25,44.720001
2016-05-26,44.740002000000004
2016-05-27,44.57
2016-05-31,44.66
2016-06-01,44.82
2016-06-02,45.209998999999996
2016-06-03,45.48
2016-06-06,45.689999
2016-06-07,45.98
2016-06-08,46.459998999999996
2016-06-09,46.299999
2016-06-10,45.919998
2016-06-13,45.669998
2016-06-14,45.650002
2016-06-15,45.59
2016-06-16,45.369999
2016-06-17,45.529999
2016-06-20,46.099998
2016-06-21,45.990002000000004
2016-06-22,45.91
2016-06-23,46.349998
2016-06-24,44.139998999999996
2016-06-27,42.720001
2016-06-28,43.060001
2016-06-29,43.650002
2016-06-30,44.650002
2016-07-01,44.869999
2016-07-05,44.84
2016-07-06,45.580002
2016-07-07,45.630001
2016-07-08,46.41
2016-07-11,46.990002000000004
2016-07-12,47.119999
2016-07-13,47.02
2016-07-14,46.830002
2016-07-15,47.049999
2016-07-18,46.990002000000004
2016-07-19,47.18
2016-07-20,47.200001
2016-07-21,46.740002000000004
2016-07-22,46.959998999999996
2016-07-25,46.849998
2016-07-26,47.779999
2016-07-27,47.779999
2016-07-28,47.889998999999996
2016-07-29,47.810001
2016-08-01,47.810001
2016-08-02,46.41
2016-08-03,46.23
2016-08-04,46.919998
2016-08-05,47.349998
2016-08-08,47.490002000000004
2016-08-09,47.93
2016-08-10,47.889998999999996
2016-08-11,48.540001000000004
2016-08-12,48.450001
2016-08-15,50.32
2016-08-16,50.200001
2016-08-17,50.34
2016-08-18,50.439999
2016-08-19,50.799999
2016-08-22,51.049999
2016-08-23,50.900002
2016-08-24,50.66
2016-08-25,50.580002
2016-08-26,50.669998
2016-08-29,50.98
2016-08-30,50.970001
2016-08-31,50.860001000000004
2016-09-01,50.41
2016-09-02,50.919998
2016-09-06,50.970001
2016-09-07,50.939999
2016-09-08,51.049999
2016-09-09,48.650002
2016-09-12,49.810001
2016-09-13,49.48
2016-09-14,49.490002000000004
2016-09-15,50.259997999999996
2016-09-16,49.959998999999996
2016-09-19,50.529999
2016-09-20,50.740002000000004
2016-09-21,51.810001
2016-09-22,52.619999
2016-09-23,51.549999
2016-09-26,51.490002000000004
2016-09-27,52.099998
2016-09-28,52.209998999999996
2016-09-29,51.82
2016-09-30,52.450001
2016-10-03,52.470001
2016-10-04,52.259997999999996
2016-10-05,51.950001
2016-10-06,51.830002
2016-10-07,50.759997999999996
2016-10-10,50.380001
2016-10-11,49.700001
2016-10-12,50.110001000000004
2016-10-13,49.66
2016-10-14,49.470001
2016-10-17,49.200001
2016-10-18,49.150002
2016-10-19,49.470001
2016-10-20,48.919998
2016-10-21,48.84
2016-10-24,48.639998999999996
2016-10-25,48.029999
2016-10-26,48.389998999999996
2016-10-27,48.029999
2016-10-28,48.610001000000004
2016-10-31,48.330002
2016-11-01,47.189999
2016-11-02,46.959998999999996
2016-11-03,47.240002000000004
2016-11-04,47.400002
2016-11-07,48.560001
2016-11-08,49.299999
2016-11-09,50.66
2016-11-10,52.740002000000004
2016-11-11,52.75
2016-11-14,53.240002000000004
2016-11-15,54.75
2016-11-16,54.349998
2016-11-17,54.009997999999996
2016-11-18,53.290001000000004
2016-11-21,53.459998999999996
2016-11-22,52.919998
2016-11-23,52.860001000000004
2016-11-25,52.919998
2016-11-28,51.639998999999996
2016-11-29,51.34
2016-11-30,51.580002
2016-12-01,51.810001
2016-12-02,51.799999
2016-12-05,51.720001
2016-12-06,52.169998
2016-12-07,52.060001
2016-12-08,51.889998999999996
2016-12-09,51.48
2016-12-12,50.990002000000004
2016-12-13,50.990002000000004
2016-12-14,50.57
2016-12-15,50.139998999999996
2016-12-16,50.099998
2016-12-19,50.759997999999996
2016-12-20,50.919998
2016-12-21,50.830002
2016-12-22,51.130001
2016-12-23,51.009997999999996
2016-12-27,50.860001000000004
2016-12-28,49.939999
2016-12-29,49.77
2016-12-30,49.52
2017-01-03,49.650002
2017-01-04,50.389998999999996
2017-01-05,49.93
2017-01-06,49.580002
2017-01-09,49.369999
2017-01-10,49.139998999999996
2017-01-11,49.400002
2017-01-12,48.299999
2017-01-13,48.759997999999996
2017-01-17,48.200001
2017-01-18,48.43
2017-01-19,49.049999
2017-01-20,49.060001
2017-01-23,48.5
2017-01-24,49.07
2017-01-25,50.150002
2017-01-26,50.09
2017-01-27,50.049999
2017-01-30,49.5
2017-01-31,49.310001
2017-02-01,49.150002
2017-02-02,48.799999
2017-02-03,49.25
2017-02-06,47.18
2017-02-07,47.220001
2017-02-08,47.0
2017-02-09,47.619999
2017-02-10,47.880001
2017-02-13,48.279999
2017-02-14,47.650002
2017-02-15,47.669998
2017-02-16,47.75
2017-02-17,47.799999
2017-02-21,48.330002
2017-02-22,48.25
2017-02-23,47.52
2017-02-24,47.900002
2017-02-27,48.950001
2017-02-28,48.119999
2017-03-01,49.549999
2017-03-02,48.889998999999996
2017-03-03,48.73
2017-03-06,48.529999
2017-03-07,48.779999
2017-03-08,47.549999
2017-03-09,47.669998
2017-03-10,48.259997999999996
2017-03-13,48.52
2017-03-14,48.049999
2017-03-15,48.560001
2017-03-16,48.75
2017-03-17,49.16
2017-03-20,48.830002
2017-03-21,48.060001
2017-03-22,49.279999
2017-03-23,48.889998999999996
2017-03-24,49.220001
2017-03-27,49.099998
2017-03-28,49.669998
2017-03-29,49.389998999999996
2017-03-30,49.900002
2017-03-31,50.220001
2017-04-03,49.450001
2017-04-04,50.369999
2017-04-05,50.43
2017-04-06,50.919998
2017-04-07,50.830002
2017-04-10,50.740002000000004
2017-04-11,50.669998
2017-04-12,49.380001
2017-04-13,48.880001
2017-04-17,49.459998999999996
2017-04-18,49.130001
2017-04-19,49.330002
2017-04-20,50.220001
2017-04-21,50.650002
2017-04-24,51.470001
2017-04-25,51.810001
2017-04-26,51.450001
2017-04-27,51.619999
2017-04-28,51.41
2017-05-01,51.32
2017-05-02,50.41
2017-05-03,49.959998999999996
2017-05-04,51.52
2017-05-05,52.299999
2017-05-08,52.200001
2017-05-09,51.849998
2017-05-10,51.040001000000004
2017-05-11,50.880001
2017-05-12,50.98
2017-05-15,52.290001000000004
2017-05-16,51.77
2017-05-17,51.549999
2017-05-18,51.48
2017-05-19,52.009997999999996
2017-05-22,52.27
2017-05-23,52.799999
2017-05-24,52.610001000000004
2017-05-25,52.130001
2017-05-26,51.41
2017-05-30,51.790001000000004
2017-05-31,52.139998999999996
2017-06-01,52.439999
2017-06-02,53.0
2017-06-05,53.200001
2017-06-06,52.689999
2017-06-07,53.459998999999996
2017-06-08,53.580002
2017-06-09,53.970001
2017-06-12,54.02
2017-06-13,53.790001000000004
2017-06-14,53.66
2017-06-15,53.959998999999996
2017-06-16,54.049999
2017-06-19,54.169998
2017-06-20,53.880001
2017-06-21,53.540001000000004
2017-06-22,53.849998
2017-06-23,54.330002
2017-06-26,54.68
2017-06-27,54.5
2017-06-28,54.970001
2017-06-29,54.900002
2017-06-30,55.43
2017-07-03,55.450001
2017-07-05,54.939999
2017-07-06,54.380001
2017-07-07,54.950001
2017-07-10,54.610001000000004
2017-07-11,54.34
2017-07-12,55.32
2017-07-13,55.84
2017-07-14,56.099998
2017-07-17,56.720001
2017-07-18,56.419998
2017-07-19,57.07
2017-07-20,56.93
2017-07-21,57.619999
2017-07-24,57.720001
2017-07-25,57.209998999999996
2017-07-26,56.889998999999996
2017-07-27,56.869999
2017-07-28,56.93
2017-07-31,56.73
2017-08-01,59.299999
2017-08-02,59.919998
2017-08-03,59.560001
2017-08-04,60.02
2017-08-07,60.040001000000004
2017-08-08,59.84
2017-08-09,59.709998999999996
2017-08-10,58.98
2017-08-11,59.119999
2017-08-14,59.880001
2017-08-15,59.860001000000004
2017-08-16,59.93
2017-08-17,58.950001
2017-08-18,59.029999
2017-08-21,59.310001
2017-08-22,59.959998999999996
2017-08-23,59.990002000000004
2017-08-24,60.099998
2017-08-25,60.48
2017-08-28,61.16
2017-08-29,61.110001000000004
2017-08-30,61.549999
2017-08-31,62.07
2017-09-01,61.970001
2017-09-05,61.900002
2017-09-06,62.02
2017-09-07,62.48
2017-09-08,62.779999
2017-09-11,62.970001
2017-09-12,62.93
2017-09-13,63.009997999999996
2017-09-14,63.009997999999996
2017-09-15,63.299999
2017-09-18,63.66
2017-09-19,63.830002
2017-09-20,64.040001
2017-09-21,63.93
2017-09-22,64.75
2017-09-25,64.459999
2017-09-26,63.34
2017-09-27,63.0
2017-09-28,62.450001
2017-09-29,62.630001
2017-10-02,63.32
2017-10-03,63.93
2017-10-04,64.519997
2017-10-05,64.470001
2017-10-06,64.559998
2017-10-09,64.650002
2017-10-10,64.629997
2017-10-11,64.309998
2017-10-12,64.879997
2017-10-13,64.709999
2017-10-16,65.959999
2017-10-17,63.23
2017-10-18,63.68
2017-10-19,63.889998999999996
2017-10-20,64.230003
2017-10-23,63.68
2017-10-24,64.83000200000001
2017-10-25,64.529999
2017-10-26,64.809998
2017-10-27,64.860001
2017-10-30,64.639999
2017-10-31,66.529999
2017-11-01,66.150002
2017-11-02,67.059998
2017-11-03,66.57
2017-11-06,66.540001
2017-11-07,66.610001
2017-11-08,66.550003
2017-11-09,66.279999
2017-11-10,66.25
2017-11-13,66.029999
2017-11-14,66.339996
2017-11-15,65.900002
2017-11-16,66.480003
2017-11-17,66.41999799999999
2017-11-20,66.989998
2017-11-21,67.410004
2017-11-22,67.349998
2017-11-24,67.690002
2017-11-27,67.639999
2017-11-28,68.519997
2017-11-29,68.199997
2017-11-30,69.339996
2017-12-01,69.010002
2017-12-04,68.769997
2017-12-05,67.839996
2017-12-06,67.980003
2017-12-07,68.379997
2017-12-08,68.190002
2017-12-11,67.279999
2017-12-12,67.540001
2017-12-13,67.489998
2017-12-14,66.699997
2017-12-15,67.57
2017-12-18,67.900002
2017-12-19,67.860001
2017-12-20,67.82
2017-12-21,67.75
2017-12-22,67.58000200000001
2017-12-26,67.5
2017-12-27,68.230003
2017-12-28,68.25
2017-12-29,68.199997
2018-01-02,68.07
2018-01-03,68.900002
2018-01-04,69.360001
2018-01-05,69.230003
2018-01-08,69.480003
2018-01-09,69.5
2018-01-10,69.0
2018-01-11,69.970001
2018-01-12,70.459999
2018-01-16,70.540001
2018-01-17,71.019997
2018-01-18,71.110001
2018-01-19,71.910004
2018-01-22,72.650002
2018-01-23,72.610001
2018-01-24,72.57
2018-01-25,73.239998
2018-01-26,74.410004
2018-01-29,73.410004
2018-01-30,73.07
2018-01-31,72.260002
2018-02-01,74.839996
2018-02-02,75.660004
2018-02-05,72.660004
2018-02-06,71.33000200000001
2018-02-07,71.790001
2018-02-08,70.239998
2018-02-09,70.82
2018-02-12,71.93
2018-02-13,72.769997
2018-02-14,73.309998
2018-02-15,74.730003
2018-02-16,75.230003
2018-02-20,74.730003
2018-02-21,75.18
2018-02-22,75.050003
2018-02-23,75.93
2018-02-26,76.260002
2018-02-27,75.75
2018-02-28,74.58000200000001
2018-03-01,73.269997
2018-03-02,73.510002
2018-03-05,73.860001
2018-03-06,75.279999
2018-03-07,76.379997
2018-03-08,77.190002
2018-03-09,79.480003
2018-03-12,78.089996
2018-03-13,77.980003
2018-03-14,77.110001
2018-03-15,77.639999
2018-03-16,78.449997
2018-03-19,78.16999799999999
2018-03-20,79.019997
2018-03-21,79.339996
2018-03-22,77.379997
2018-03-23,75.690002
2018-03-26,77.879997
2018-03-27,76.32
2018-03-28,75.809998
2018-03-29,76.91999799999999
2018-04-02,75.099998
2018-04-03,76.699997
2018-04-04,76.760002
2018-04-05,77.599998
2018-04-06,75.400002
2018-04-09,75.709999
2018-04-10,76.779999
2018-04-11,76.190002
2018-04-12,77.120003
2018-04-13,76.83000200000001
2018-04-16,77.790001
2018-04-17,78.879997
2018-04-18,79.220001
2018-04-19,78.75
2018-04-20,79.269997
2018-04-23,78.510002
2018-04-24,75.489998
2018-04-25,75.529999
2018-04-26,74.730003
2018-04-27,73.709999
2018-04-30,72.900002
2018-05-01,70.370003
2018-05-02,68.879997
2018-05-03,69.629997
2018-05-04,70.08000200000001
2018-05-07,70.019997
2018-05-08,70.849998
2018-05-09,71.91999799999999
2018-05-10,72.610001
2018-05-11,73.529999
2018-05-14,73.470001
2018-05-15,72.07
2018-05-16,71.449997
2018-05-17,71.470001
2018-05-18,71.639999
2018-05-21,73.029999
2018-05-22,72.099998
2018-05-23,71.550003
2018-05-24,72.010002
2018-05-25,71.400002
2018-05-29,70.550003
2018-05-30,71.489998
2018-05-31,70.400002
2018-06-01,71.839996
2018-06-04,71.459999
2018-06-05,71.660004
2018-06-06,72.620003
2018-06-07,73.110001
2018-06-08,73.269997
2018-06-11,71.82
2018-06-12,71.389999
2018-06-13,71.660004
2018-06-14,71.730003
2018-06-15,71.349998
2018-06-18,71.589996
2018-06-19,68.809998
2018-06-20,69.349998
2018-06-21,66.510002
2018-06-22,66.449997
2018-06-25,66.269997
2018-06-26,66.58000200000001
2018-06-27,66.400002
2018-06-28,66.33000200000001
2018-06-29,67.379997
2018-07-02,67.58000200000001
2018-07-03,67.059998
2018-07-05,67.120003
2018-07-06,66.809998
2018-07-09,68.040001
2018-07-10,68.190002
2018-07-11,66.699997
2018-07-12,68.07
2018-07-13,68.519997
2018-07-16,67.400002
2018-07-17,67.800003
2018-07-18,68.190002
2018-07-19,68.58000200000001
2018-07-20,69.57
2018-07-23,67.790001
2018-07-24,68.300003
2018-07-25,69.08000200000001
2018-07-26,70.32
2018-07-27,70.190002
2018-07-30,70.029999
2018-07-31,76.559998
2018-08-01,74.91999799999999
2018-08-02,75.029999
2018-08-03,76.0
2018-08-06,76.07
2018-08-07,76.720001
2018-08-08,76.860001
2018-08-09,76.690002
2018-08-10,75.800003
2018-08-13,74.91999799999999
2018-08-14,74.75
2018-08-15,74.309998
2018-08-16,74.760002
2018-08-17,75.43
2018-08-20,75.809998
2018-08-21,76.160004
2018-08-22,75.32
2018-08-23,74.900002
2018-08-24,75.519997
2018-08-27,76.639999
2018-08-28,76.41999799999999
2018-08-29,76.860001
2018-08-30,75.910004
2018-08-31,75.910004
2018-09-04,75.660004
2018-09-05,77.709999
2018-09-06,78.410004
2018-09-07,78.66999799999999
2018-09-10,79.900002
2018-09-11,79.800003
2018-09-12,80.019997
2018-09-13,80.779999
2018-09-14,80.93
2018-09-17,81.540001
2018-09-18,81.870003
2018-09-19,81.339996
2018-09-20,81.389999
2018-09-21,81.220001
2018-09-24,80.059998
2018-09-25,80.139999
2018-09-26,80.139999
2018-09-27,80.290001
2018-09-28,79.870003
2018-10-01,80.639999
2018-10-02,80.410004
2018-10-03,80.610001
2018-10-04,80.290001
2018-10-05,79.309998
2018-10-08,77.739998
2018-10-09,74.41999799999999
2018-10-10,72.139999
2018-10-11,69.040001
2018-10-12,69.769997
2018-10-15,69.720001
2018-10-16,71.75
2018-10-17,71.339996
2018-10-18,69.889999
2018-10-19,69.269997
2018-10-22,69.349998
2018-10-23,68.360001
2018-10-24,65.93
2018-10-25,66.849998
2018-10-26,66.519997
2018-10-29,65.699997
2018-10-30,65.129997
2018-10-31,65.58000200000001
2018-11-01,68.75
2018-11-02,68.019997
2018-11-05,68.510002
2018-11-06,69.849998
2018-11-07,71.5
2018-11-08,71.559998
2018-11-09,70.879997
2018-11-12,68.989998
2018-11-13,68.779999
2018-11-14,68.139999
2018-11-15,70.449997
2018-11-16,70.870003
2018-11-19,69.449997
2018-11-20,67.220001
2018-11-21,68.269997
2018-11-23,68.019997
2018-11-26,69.57
2018-11-27,69.510002
2018-11-28,71.129997
2018-11-29,71.300003
2018-11-30,72.980003
2018-12-03,72.300003
2018-12-04,68.040001
2018-12-06,66.83000200000001
2018-12-07,65.690002
2018-12-10,65.900002
2018-12-11,65.41999799999999
2018-12-12,65.629997
2018-12-13,65.589996
2018-12-14,65.440002
2018-12-17,64.300003
2018-12-18,64.389999
2018-12-19,65.129997
2018-12-20,63.860001000000004
2018-12-21,63.439999
2018-12-24,61.380001
2018-12-26,64.269997
2018-12-27,65.349998
2018-12-28,65.300003
2018-12-31,66.720001
2019-01-02,66.510002
2019-01-03,64.230003
2019-01-04,66.940002
2019-01-07,65.949997
2019-01-08,66.57
2019-01-09,67.650002
2019-01-10,68.910004
2019-01-11,69.32
2019-01-14,69.160004
2019-01-15,68.849998
2019-01-16,68.970001
2019-01-17,70.150002
2019-01-18,71.209999
2019-01-22,69.269997
2019-01-23,68.389999
2019-01-24,68.629997
2019-01-25,69.860001
2019-01-28,69.349998
2019-01-29,70.489998
2019-01-30,71.989998
2019-01-31,71.260002
2019-02-01,70.150002
2019-02-04,70.32
2019-02-05,70.739998
2019-02-06,71.559998
2019-02-07,70.370003
2019-02-08,70.589996
2019-02-11,71.410004
2019-02-12,72.900002
2019-02-13,72.68
2019-02-14,72.480003
2019-02-15,73.93
2019-02-19,73.260002
2019-02-20,74.07
2019-02-21,74.32
2019-02-22,74.800003
2019-02-25,75.260002
2019-02-26,75.370003
2019-02-27,76.300003
2019-02-28,75.550003
2019-03-01,76.370003
2019-03-04,76.25
2019-03-05,76.190002
2019-03-06,75.849998
2019-03-07,75.32
2019-03-08,75.08000200000001
2019-03-11,76.889999
2019-03-12,76.690002
2019-03-13,77.309998
2019-03-14,76.5
2019-03-15,76.739998
2019-03-18,78.33000200000001
2019-03-19,78.43
2019-03-20,78.18
2019-03-21,79.25
2019-03-22,77.059998
2019-03-25,76.860001
2019-03-26,78.099998
2019-03-27,77.980003
2019-03-28,79.07
2019-03-29,79.040001
2019-04-01,80.559998
2019-04-02,80.040001
2019-04-03,79.690002
2019-04-04,80.0
2019-04-05,80.339996
2019-04-08,81.33000200000001
2019-04-09,79.57
2019-04-10,79.370003
2019-04-11,80.900002
2019-04-12,82.370003
2019-04-15,81.870003
2019-04-16,82.440002
2019-04-17,82.769997
2019-04-18,82.93
2019-04-22,83.489998
2019-04-23,83.07
2019-04-24,83.07
2019-04-25,82.18
2019-04-26,83.110001
2019-04-29,83.82
2019-04-30,83.400002
2019-05-01,83.290001
2019-05-02,79.540001
2019-05-03,82.290001
2019-05-06,80.08000200000001
2019-05-07,79.16999799999999
2019-05-08,79.129997
2019-05-09,79.08000200000001
2019-05-10,78.18
2019-05-13,76.800003
2019-05-14,75.510002
2019-05-15,76.449997
2019-05-16,76.260002
2019-05-17,75.220001
2019-05-20,74.5
2019-05-21,75.769997
2019-05-22,75.43
2019-05-23,74.07
2019-05-24,73.93
2019-05-28,74.239998
2019-05-29,73.970001
2019-05-30,74.129997
2019-05-31,74.220001
2019-06-03,75.720001
2019-06-04,77.400002
2019-06-05,78.879997
2019-06-06,79.150002
2019-06-07,79.559998
2019-06-10,80.379997
2019-06-11,80.0
2019-06-12,80.209999
2019-06-13,81.089996
2019-06-14,81.08000200000001
2019-06-17,80.540001
2019-06-18,81.190002
2019-06-19,81.529999
2019-06-20,83.300003
2019-06-21,81.760002
2019-06-24,82.099998
2019-06-25,81.559998
2019-06-26,81.32
2019-06-27,81.860001
2019-06-28,83.639999
2019-07-01,84.410004
2019-07-02,83.16999799999999
2019-07-03,83.33000200000001
2019-07-05,82.839996
2019-07-08,81.699997
2019-07-09,80.980003
2019-07-10,80.389999
2019-07-11,81.150002
2019-07-12,82.5
2019-07-15,81.910004
2019-07-16,82.620003
2019-07-17,81.300003
2019-07-18,80.459999
2019-07-19,80.870003
2019-07-22,80.33000200000001
2019-07-23,81.779999
2019-07-24,82.339996
2019-07-25,81.66999799999999
2019-07-26,81.480003
2019-07-29,80.889999
2019-07-30,81.120003
2019-07-31,80.290001
2019-08-01,78.809998
2019-08-02,77.529999
2019-08-05,74.599998
2019-08-06,75.82
2019-08-07,76.019997
2019-08-08,77.209999
2019-08-09,76.82
2019-08-12,75.760002
2019-08-13,77.040001
2019-08-14,74.879997
2019-08-15,75.150002
2019-08-16,76.57
2019-08-19,76.900002
2019-08-20,76.040001
2019-08-21,75.970001
2019-08-22,75.57
2019-08-23,73.739998
2019-08-26,74.059998
2019-08-27,74.279999
2019-08-28,74.989998
2019-08-29,76.389999
2019-08-30,76.610001
2019-09-03,74.639999
2019-09-04,75.309998
2019-09-05,77.75
2019-09-06,78.389999
2019-09-09,77.5
2019-09-10,78.349998
2019-09-11,79.290001
2019-09-12,78.07
2019-09-13,78.66999799999999
2019-09-16,78.059998
2019-09-17,78.33000200000001
2019-09-18,78.389999
2019-09-19,77.949997
2019-09-20,77.480003
2019-09-23,77.540001
2019-09-24,76.860001
2019-09-25,78.559998
2019-09-26,79.33000200000001
2019-09-27,80.129997
2019-09-30,79.620003
2019-10-01,76.83000200000001
2019-10-02,74.610001
2019-10-03,75.120003
2019-10-04,75.970001
2019-10-07,75.57
2019-10-08,73.43
2019-10-09,74.57
2019-10-10,75.43
2019-10-11,77.629997
2019-10-14,77.010002
2019-10-15,78.019997
2019-10-16,78.18
2019-10-17,78.809998
2019-10-18,79.779999
2019-10-21,81.010002
2019-10-22,81.269997
2019-10-23,81.599998
2019-10-24,81.980003
2019-10-25,83.300003
2019-10-28,84.029999
2019-10-29,84.769997
2019-10-30,84.059998
2019-10-31,76.690002
2019-11-01,79.120003
2019-11-04,78.650002
2019-11-05,79.66999799999999
2019-11-06,78.199997
2019-11-07,77.32
2019-11-08,77.33000200000001
2019-11-11,75.809998
2019-11-12,76.639999
2019-11-13,75.769997
2019-11-14,76.510002
2019-11-15,77.550003
2019-11-18,77.309998
2019-11-19,78.0
2019-11-20,77.470001
2019-11-21,77.43
2019-11-22,76.889999
2019-11-25,76.589996
2019-11-26,77.150002
2019-11-27,77.610001
2019-11-29,77.510002
2019-12-02,76.550003
2019-12-03,75.540001
2019-12-04,75.379997
2019-12-05,74.910004
2019-12-06,75.32
2019-12-09,75.400002
2019-12-10,75.809998
2019-12-11,76.83000200000001
2019-12-12,77.660004
2019-12-13,77.720001
2019-12-16,77.279999
2019-12-17,77.980003
2019-12-18,77.910004
2019-12-19,77.589996
2019-12-20,78.610001
2019-12-23,78.949997
2019-12-24,78.639999
2019-12-26,78.599998
2019-12-27,78.839996
2019-12-30,78.739998
2019-12-31,78.790001
2020-01-02,79.849998
2020-01-03,80.32
2020-01-06,79.800003
2020-01-07,79.5
2020-01-08,79.769997
2020-01-09,80.129997
2020-01-10,79.940002
2020-01-13,81.279999
2020-01-14,81.370003
2020-01-15,82.449997
2020-01-16,83.160004
2020-01-17,83.459999
2020-01-21,82.400002
2020-01-22,82.209999
2020-01-23,82.360001
2020-01-24,81.480003
2020-01-27,80.220001
2020-01-28,81.269997
2020-01-29,83.16999799999999
2020-01-30,83.660004
2020-01-31,81.660004
2020-02-03,83.339996
2020-02-04,86.510002
2020-02-05,87.610001
2020-02-06,83.120003
2020-02-07,84.199997
2020-02-10,85.720001
2020-02-11,87.239998
2020-02-12,89.129997
2020-02-13,87.050003
2020-02-14,88.139999
2020-02-18,88.050003
2020-02-19,87.959999
2020-02-20,88.660004
2020-02-21,88.519997
2020-02-24,86.43
2020-02-25,84.33000200000001
2020-02-26,83.93
2020-02-27,80.660004
2020-02-28,77.339996
2020-03-02,82.290001
2020-03-03,79.879997
2020-03-04,85.32
2020-03-05,82.459999
2020-03-06,81.220001
2020-03-09,75.940002
2020-03-10,76.790001
2020-03-11,73.239998
2020-03-12,64.82
2020-03-13,72.120003
2020-03-16,65.050003
2020-03-17,71.82
2020-03-18,65.489998
2020-03-19,64.459999
2020-03-20,59.889998999999996
2020-03-23,56.639998999999996
2020-03-24,62.0
2020-03-25,63.860001000000004
2020-03-26,68.010002
2020-03-27,65.5
2020-03-30,66.239998
2020-03-31,65.129997
2020-04-01,59.77
2020-04-02,63.400002
2020-04-03,60.5
2020-04-06,65.190002
2020-04-07,66.190002
2020-04-08,69.089996
2020-04-09,69.339996
2020-04-13,68.190002
2020-04-14,70.400002
2020-04-15,67.120003
2020-04-16,66.58000200000001
2020-04-17,69.589996
2020-04-20,69.260002
2020-04-21,68.08000200000001
2020-04-22,69.18
2020-04-23,68.0
2020-04-24,68.519997
2020-04-27,70.769997
2020-04-28,73.459999
2020-04-29,73.790001
2020-04-30,71.900002
2020-05-01,69.290001
2020-05-04,68.550003
2020-05-05,65.050003
2020-05-06,63.060001
2020-05-07,63.549999
2020-05-08,63.0
2020-05-11,62.529999
2020-05-12,59.07
2020-05-13,58.209998999999996
2020-05-14,58.950001
2020-05-15,58.189999
2020-05-18,62.02
2020-05-19,60.57
2020-05-20,62.080002
2020-05-21,61.970001
2020-05-22,62.220001
2020-05-26,65.25
2020-05-27,68.860001
