"Date","AABA","AAL","AAPL","ADBE","AGN","AIG","ALL","ALLY","AMAT","AMZN","APA","AVGO","AY","BA","BABA","BAC","BC","BKNG","BSX","BZH","C","CBI","CBS","CCI","CF","CFG","CHK","CLMT","CNC","CNO","COF","COOP","COP","CRM","CSCO","CVI","CVX","CWEN","CYH","CZR","DAL","DAN","DDAIF","DDS","DG","DIS","DLPH","DVN","EMC","EMN","ET","ETFC","ETP","EXP","F","FB","FITB","FLR","FOXA","GM","GOOG","GOOGL","GPT","GT","HAIN","HAL","HCA","HDS","HFC","HIG","HOT","HPQ","HUM","HUN","I","IP","JBLU","JNJ","JPM","KEY","KLAC","KMI","KMT","LNG","LRCX","LUV","M","MAS","MDT","MEE","MET","MGM","MHK","MOS","MRK","MRO","MS","MSFT","MU","MWA","MYL","NAV","NFLX","NRG","NXPI","NXY","OC","OMX","ORCL","OXY","PCG","PCX","PCZ","PENN","PFE","PHH","PNC","PPG","PRU","QCOM","RAD","RBS","RF","RIG","RTH","S","SBAC","SLM","SMH","STI","STT","SYF","TERP","TEVA","TEX","TGI","TLM","TMO","TMUS","TPX","TSLA","TWTR","UAL","UBS","UNH","URI","VCI","VLO","VST","WB","WDC","WFC","WHR","WLTW","WMB","WPZ","XL","XLE","XPO"
2008-01-01,0,0,0,0,0,1.32,0,0,5.65,0,0,0,0,0,0,0,0,0,0,0,0,0,0,0.99,0,0,0,0,0,0,0,0,0,0,27.8,0,0,0,0,0,0,0.41,8.37,0,0,0,0,0,0,0,0,0.5,0,0,0,0,0,0,0,0,0,3.8,0,2.98,0,0,0,0,0,0,0.55,0,0,0,0,0,0,0,0,0,0,0,0,0,0,0,0,0,0,0,0,0,0,0.47,0,0,0,18.86,0,0,0,0,0,0,0,0,0,0,14.07,0,0,0,0,0.72,0,2.22,0,0,0,0,0,0,0,0,0,0,0.36,5.79,0,0,0,0,0,0,0,0,0,0,0,0,0,0,0,0,0,0,0,0,0,0,0,0,0,0,0,0,0,0.31,0
2008-02-01,0,0,0,0,0,1.32,0,0,5.65,0,0,0,0,0,0,0,0,0,0,0,0,0,0,0.99,0,0,0,0,0,0,0,0,0,0,27.8,0,0,0,0,0,0,0.41,8.37,0,0,0,0,0,0,0,0,0.5,0,0,0,0,0,0,0,0,0,3.8,0,2.98,0,0,0,0,0,0,0.55,0,0,0,0,0,0,0,0,0,0,0,0,0,0,0,0,0,0,0,0,0,0,0.47,0,0,0,18.86,0,0,0,0,0,0,0,0,0,0,14.07,0,0,0,0,0.72,0,2.22,0,0,0,0,0,0,0,0,0,0,0.36,5.79,0,0,0,0,0,0,0,0,0,0,0,0,0,0,0,0,0,0,0,0,0,0,0,0,0,0,0,0,0,0.31,0
2008-03-01,0,0,0,0,0,1.32,0,0,5.65,0,0,0,0,0,0,0,0,0,0,0,0,0,0,0.99,0,0,0,0,0,0,0,0,0,0,27.8,0,0,0,0,0,0,0.41,8.37,0,0,0,0,0,0,0,0,0.5,0,0,0,0,0,0,0,0,0,3.8,0,2.98,0,0,0,0,0,0,0.55,0,0,0,0,0,0,0,0,0,0,0,0,0,0,0,0,0,0,0,0,0,0,0.47,0,0,0,18.86,0,0,0,0,0,0,0,0,0,0,14.07,0,0,0,0,0.72,0,2.22,0,0,0,0,0,0,0,0,0,0,0.36,5.79,0,0,0,0,0,0,0,0,0,0,0,0,0,0,0,0,0,0,0,0,0,0,0,0,0,0,0,0,0,0.31,0
2008-04-01,0,0,0,0,0,0,0,0,0,0,3.53,0,0,0,0,0,0,0,0,0,0,0,0,0,2.28,0,4.1,0,0,0,0,0,11.59,0,1.52,0,11.2,0,0,0,0,0,0,0,0,0,0,5.12,0,0,0,0,0,0,0,0,0,0,0,0,0,0,0,0,0,0,0,0,0,0,0,0,0,0,0,0,0,0,0,0,0,0,0,0,0,0,0,0,0,0,0,0,0,1.54,0,3.82,0,4.51,0,0,0,0,0,0,0,2.09,0,0,3.61,6.92,0,0,5.5,1.95,0,0,0,0,0,0,0,0,0,0,0,0,0,0,0,0,0,0,0,0,0,0,4.39,0,0,0,0,0,0,0,0,0,0,0,0,0,0,0,0,0,2.51,0,0,10.87,0
2008-05-01,0,0,0,0,0,0,0,0,0,0,3.53,0,0,0,0,0,0,0,0,0,0,0,0,0,2.28,0,4.1,0,0,0,0,0,11.59,0,1.52,0,11.2,0,0,0,0,0,0,0,0,0,0,5.12,0,0,0,0,0,0,0,0,0,0,0,0,0,0,0,0,0,0,0,0,0,0,0,0,0,0,0,0,0,0,0,0,0,0,0,0,0,0,0,0,0,0,0,0,0,1.54,0,3.82,0,4.51,0,0,0,0,0,0,0,2.09,0,0,3.61,6.92,0,0,5.5,1.95,0,0,0,0,0,0,0,0,0,0,0,0,0,0,0,0,0,0,0,0,0,0,4.39,0,0,0,0,0,0,0,0,0,0,0,0,0,0,0,0,0,2.51,0,0,10.87,0
2008-06-01,0,0,0,0,0,0,0,0,0,0,3.53,0,0,0,0,0,0,0,0,0,0,0,0,0,2.28,0,4.1,0,0,0,0,0,11.59,0,1.52,0,11.2,0,0,0,0,0,0,0,0,0,0,5.12,0,0,0,0,0,0,0,0,0,0,0,0,0,0,0,0,0,0,0,0,0,0,0,0,0,0,0,0,0,0,0,0,0,0,0,0,0,0,0,0,0,0,0,0,0,1.54,0,3.82,0,4.51,0,0,0,0,0,0,0,2.09,0,0,3.61,6.92,0,0,5.5,1.95,0,0,0,0,0,0,0,0,0,0,0,0,0,0,0,0,0,0,0,0,0,0,4.39,0,0,0,0,0,0,0,0,0,0,0,0,0,0,0,0,0,2.51,0,0,10.87,0
2008-07-01,0,0,0,0,0,0,0,0,0,0,2.64,0,0,0,0,0,0,0,0,0,0,0,0,0,2.52,0,0,0,0,0,2.39,0,8.75,0,2.43,0,8.84,0,0,0,0,0,0,0,0,0,0,3.93,0,0,0,0,0,0,0,0,0,0,0,0,0,0,0,0,0,0,0,0,0,0,0,0,0,0,0,0,0,0,0,0,0,0,0,0,0,0,0,0,0,0,0,0,0,0,0,3.25,0,7.2,0,0,0,0,0,0,0,0,0,0,5.74,5.87,0,1.61,3.82,2.44,0,1.35,0,0,0,0,0,0,0,0,2.36,0,0,0,0,0,0,0,0,0,0,0,3.01,0,0,0,0,0,0,0,0,0,0,0,0,17.13,0,0,0,0,1.67,0,0,0,0
2008-08-01,0,0,0,0,0,0,0,0,0,0,2.64,0,0,0,0,0,0,0,0,0,0,0,0,0,2.52,0,0,0,0,0,2.39,0,8.75,0,2.43,0,8.84,0,0,0,0,0,0,0,0,0,0,3.93,0,0,0,0,0,0,0,0,0,0,0,0,0,0,0,0,0,0,0,0,0,0,0,0,0,0,0,0,0,0,0,0,0,0,0,0,0,0,0,0,0,0,0,0,0,0,0,3.25,0,7.2,0,0,0,0,0,0,0,0,0,0,5.74,5.87,0,1.61,3.82,2.44,0,1.35,0,0,0,0,0,0,0,0,2.36,0,0,0,0,0,0,0,0,0,0,0,3.01,0,0,0,0,0,0,0,0,0,0,0,0,17.13,0,0,0,0,1.67,0,0,0,0
2008-09-01,0,0,0,0,0,0,0,0,0,0,2.64,0,0,0,0,0,0,0,0,0,0,0,0,0,2.52,0,0,0,0,0,2.39,0,8.75,0,2.43,0,8.84,0,0,0,0,0,0,0,0,0,0,3.93,0,0,0,0,0,0,0,0,0,0,0,0,0,0,0,0,0,0,0,0,0,0,0,0,0,0,0,0,0,0,0,0,0,0,0,0,0,0,0,0,0,0,0,0,0,0,0,3.25,0,7.2,0,0,0,0,0,0,0,0,0,0,5.74,5.87,0,1.61,3.82,2.44,0,1.35,0,0,0,0,0,0,0,0,2.36,0,0,0,0,0,0,0,0,0,0,0,3.01,0,0,0,0,0,0,0,0,0,0,0,0,17.13,0,0,0,0,1.67,0,0,0,0
2008-10-01,0,0,0,0,0,0,0,0,1.35,0,0,0,0,0,0,0,1.13,0,0,0,0,0,0,0,0,0,0,0,0,2.43,0,0,1.94,0,1.1,0,2,0,0,0,0,0,0,0,0,0,0,0,0,0,0,0,0,0,0,0,0,0,0,0,0,0,0,5.15,0,0,0,0,0,0,0,0,0,0,0,0,0,0,0,0,0,0,0,0,0,0,0,0,0,1.04,0,0,0,0,0,0,31.88,0,0,0,0,0,0,0,0,0,0,1.31,3.11,1.43,0,0,1.15,1.92,0,1.96,0,0,0,0,0,0,0,0,0,2.51,0,0,0,0,0,0,0,0,0,0,1.05,0,0,0,0,0,0,0,0,0,0,0,0,18.48,0,0,0,0,0,0,3.76,0,0
2008-11-01,0,0,0,0,0,0,0,0,1.35,0,0,0,0,0,0,0,1.13,0,0,0,0,0,0,0,0,0,0,0,0,2.43,0,0,1.94,0,1.1,0,2,0,0,0,0,0,0,0,0,0,0,0,0,0,0,0,0,0,0,0,0,0,0,0,0,0,0,5.15,0,0,0,0,0,0,0,0,0,0,0,0,0,0,0,0,0,0,0,0,0,0,0,0,0,1.04,0,0,0,0,0,0,31.88,0,0,0,0,0,0,0,0,0,0,1.31,3.11,1.43,0,0,1.15,1.92,0,1.96,0,0,0,0,0,0,0,0,0,2.51,0,0,0,0,0,0,0,0,0,0,1.05,0,0,0,0,0,0,0,0,0,0,0,0,18.48,0,0,0,0,0,0,3.76,0,0
2008-12-01,0,0,0,0,0,0,0,0,1.35,0,0,0,0,0,0,0,1.13,0,0,0,0,0,0,0,0,0,0,0,0,2.43,0,0,1.94,0,1.1,0,2,0,0,0,0,0,0,0,0,0,0,0,0,0,0,0,0,0,0,0,0,0,0,0,0,0,0,5.15,0,0,0,0,0,0,0,0,0,0,0,0,0,0,0,0,0,0,0,0,0,0,0,0,0,1.04,0,0,0,0,0,0,31.88,0,0,0,0,0,0,0,0,0,0,1.31,3.11,1.43,0,0,1.15,1.92,0,1.96,0,0,0,0,0,0,0,0,0,2.51,0,0,0,0,0,0,0,0,0,0,1.05,0,0,0,0,0,0,0,0,0,0,0,0,18.48,0,0,0,0,0,0,3.76,0,0
2009-01-01,0,0,0,0,0,0,0,0,0,0,0,0,0,0,0,62.87,1.19,0,0,0,0,0,0,0,0,0,0,0,0,0.28,2.37,0,0,0,0,0,0,0,0,0,0,0.02,0,0.53,0,0,0,0,0,0,0,1.44,0,0,0,0,12.37,0,0,0,0,0,0,2.79,0,0,0,0,0,0,0,0,0,0,0,0,0,0,0,0,0,0,0,0,0,0,0,0,0,0,0,0,0,0,0,0,0,0,0,0,0,0,0,0.01,0,0,0,0.27,0,0,0,0,0,0,0,1.14,0,0,0,0,0.76,0.14,0,0,0,0,0,0,0,11.49,0,0,0,0,0,0,0,0,0,0,0,0,0,0,0,0,0.56,0,0,0,0,0,0,0,0,0,1.45,0,0
2009-02-01,0,0,0,0,0,0,0,0,0,0,0,0,0,0,0,62.87,1.19,0,0,0,0,0,0,0,0,0,0,0,0,0.28,2.37,0,0,0,0,0,0,0,0,0,0,0.02,0,0.53,0,0,0,0,0,0,0,1.44,0,0,0,0,12.37,0,0,0,0,0,0,2.79,0,0,0,0,0,0,0,0,0,0,0,0,0,0,0,0,0,0,0,0,0,0,0,0,0,0,0,0,0,0,0,0,0,0,0,0,0,0,0,0.01,0,0,0,0.27,0,0,0,0,0,0,0,1.14,0,0,0,0,0.76,0.14,0,0,0,0,0,0,0,11.49,0,0,0,0,0,0,0,0,0,0,0,0,0,0,0,0,0.56,0,0,0,0,0,0,0,0,0,1.45,0,0
2009-03-01,0,0,0,0,0,0,0,0,0,0,0,0,0,0,0,62.87,1.19,0,0,0,0,0,0,0,0,0,0,0,0,0.28,2.37,0,0,0,0,0,0,0,0,0,0,0.02,0,0.53,0,0,0,0,0,0,0,1.44,0,0,0,0,12.37,0,0,0,0,0,0,2.79,0,0,0,0,0,0,0,0,0,0,0,0,0,0,0,0,0,0,0,0,0,0,0,0,0,0,0,0,0,0,0,0,0,0,0,0,0,0,0,0.01,0,0,0,0.27,0,0,0,0,0,0,0,1.14,0,0,0,0,0.76,0.14,0,0,0,0,0,0,0,11.49,0,0,0,0,0,0,0,0,0,0,0,0,0,0,0,0,0.56,0,0,0,0,0,0,0,0,0,1.45,0,0
2009-04-01,0,0,0,0,0,0,0,0,0,0,0,0,0,0,0,53.58,0.84,0,0,0,0,0,0,0,0,0,0,0,0,0.32,5.69,0,0,0,0,0,0,0,0,0,0,0.02,0,0,0,0,0,0,0,0,0,2.61,0,0,0,0,17.49,0,0,0,0,0,0,2.24,0,0,0,0,0,0,0,0,0,0,0,0,0,0,0,0,0,0,0,0,0,0,0,0,0,0,0,0,0,0,0,0,0,0,0,0,0,0,0,0,0,0,0,0.24,0,0,0,0,0,0,0,0.66,0,0,0,0,1.39,0.13,0.18,0,0,0,0,0,0,12.17,0,0,0,0,0,0,0,0,0,0,0,0,0,0,0,0,0.98,0,0,0,0,0,0,0,0,0,0.96,0,0
2009-05-01,0,0,0,0,0,0,0,0,0,0,0,0,0,0,0,53.58,0.84,0,0,0,0,0,0,0,0,0,0,0,0,0.32,5.69,0,0,0,0,0,0,0,0,0,0,0.02,0,0,0,0,0,0,0,0,0,2.61,0,0,0,0,17.49,0,0,0,0,0,0,2.24,0,0,0,0,0,0,0,0,0,0,0,0,0,0,0,0,0,0,0,0,0,0,0,0,0,0,0,0,0,0,0,0,0,0,0,0,0,0,0,0,0,0,0,0.24,0,0,0,0,0,0,0,0.66,0,0,0,0,1.39,0.13,0.18,0,0,0,0,0,0,12.17,0,0,0,0,0,0,0,0,0,0,0,0,0,0,0,0,0.98,0,0,0,0,0,0,0,0,0,0.96,0,0
2009-06-01,0,0,0,0,0,0,0,0,0,0,0,0,0,0,0,53.58,0.84,0,0,0,0,0,0,0,0,0,0,0,0,0.32,5.69,0,0,0,0,0,0,0,0,0,0,0.02,0,0,0,0,0,0,0,0,0,2.61,0,0,0,0,17.49,0,0,0,0,0,0,2.24,0,0,0,0,0,0,0,0,0,0,0,0,0,0,0,0,0,0,0,0,0,0,0,0,0,0,0,0,0,0,0,0,0,0,0,0,0,0,0,0,0,0,0,0.24,0,0,0,0,0,0,0,0.66,0,0,0,0,1.39,0.13,0.18,0,0,0,0,0,0,12.17,0,0,0,0,0,0,0,0,0,0,0,0,0,0,0,0,0.98,0,0,0,0,0,0,0,0,0,0.96,0,0
2009-07-01,0,0,0,0,0,0,0,0,0,0,0,0,0,0,0,29.47,1.65,0,0,0,19.85,0,0,0,0,0,0,0,0,0.42,5.51,0,0,0,0,0,0,0,0,0,0,0,0,0,0,0,0,0,0,0,0,0.71,0,0,0,0,12.69,0,0,0,0,0,0.27,1.39,0,0,0,0,0,6.61,0,0,0,0,0,0,0,0,0,0,0,0,0,0,0,0,0,0,0,0,0,0,0,0,0,0,0,3.97,0,0,0,0,0,0,0,0,0,0.29,0,0,0,0,0,0,0,0,0,0,0,0,0.84,0,0,0,0,0,0,0,0,9.9,0,0,0,0,0,0,0,0,0,0,0,0,0,0,0,0,1.7,0,0,0,0,0,0,0,0,0,0.87,0,0
2009-08-01,0,0,0,0,0,0,0,0,0,0,0,0,0,0,0,29.47,1.65,0,0,0,19.85,0,0,0,0,0,0,0,0,0.42,5.51,0,0,0,0,0,0,0,0,0,0,0,0,0,0,0,0,0,0,0,0,0.71,0,0,0,0,12.69,0,0,0,0,0,0.27,1.39,0,0,0,0,0,6.61,0,0,0,0,0,0,0,0,0,0,0,0,0,0,0,0,0,0,0,0,0,0,0,0,0,0,0,3.97,0,0,0,0,0,0,0,0,0,0.29,0,0,0,0,0,0,0,0,0,0,0,0,0.84,0,0,0,0,0,0,0,0,9.9,0,0,0,0,0,0,0,0,0,0,0,0,0,0,0,0,1.7,0,0,0,0,0,0,0,0,0,0.87,0,0
2009-09-01,0,0,0,0,0,0,0,0,0,0,0,0,0,0,0,29.47,1.65,0,0,0,19.85,0,0,0,0,0,0,0,0,0.42,5.51,0,0,0,0,0,0,0,0,0,0,0,0,0,0,0,0,0,0,0,0,0.71,0,0,0,0,12.69,0,0,0,0,0,0.27,1.39,0,0,0,0,0,6.61,0,0,0,0,0,0,0,0,0,0,0,0,0,0,0,0,0,0,0,0,0,0,0,0,0,0,0,3.97,0,0,0,0,0,0,0,0,0,0.29,0,0,0,0,0,0,0,0,0,0,0,0,0.84,0,0,0,0,0,0,0,0,9.9,0,0,0,0,0,0,0,0,0,0,0,0,0,0,0,0,1.7,0,0,0,0,0,0,0,0,0,0.87,0,0
2009-10-01,0,0,0,0,0,0,0,0,0,0,0,0,0,0,0,20.38,1.14,0,0,0,19.18,0,0,0,0,0,0,0,0,0,4.83,0,0,0,0,0,0,0,0,0,1.45,0,0,0,0,0,0,0,0,0,0,0.58,0,0,0,0,9.97,0,0,0,0,0,0,1.18,0,0,0,0,0,6.1,0,0,0,0,0,0,0,0,0,0,0,0,0,0,0,0,0,0,0,0,0,0,0,0,0,0,0,3.84,0,0,0,0,0,0,0,0,0,0,0,0,0,0,0,0,0,0,0,0,0,0,0.52,0,0,0,0,0,0,0,0,7.27,0,0,0,0,0,0,0,0,0,0,0,0,0,0,0,0,1.09,0,0,0,0,12.46,0,1.32,0,0,0.75,0,0
2009-11-01,0,0,0,0,0,0,0,0,0,0,0,0,0,0,0,20.38,1.14,0,0,0,19.18,0,0,0,0,0,0,0,0,0,4.83,0,0,0,0,0,0,0,0,0,1.45,0,0,0,0,0,0,0,0,0,0,0.58,0,0,0,0,9.97,0,0,0,0,0,0,1.18,0,0,0,0,0,6.1,0,0,0,0,0,0,0,0,0,0,0,0,0,0,0,0,0,0,0,0,0,0,0,0,0,0,0,3.84,0,0,0,0,0,0,0,0,0,0,0,0,0,0,0,0,0,0,0,0,0,0,0.52,0,0,0,0,0,0,0,0,7.27,0,0,0,0,0,0,0,0,0,0,0,0,0,0,0,0,1.09,0,0,0,0,12.46,0,1.32,0,0,0.75,0,0
2009-12-01,0,0,0,0,0,0,0,0,0,0,0,0,0,0,0,20.38,1.14,0,0,0,19.18,0,0,0,0,0,0,0,0,0,4.83,0,0,0,0,0,0,0,0,0,1.45,0,0,0,0,0,0,0,0,0,0,0.58,0,0,0,0,9.97,0,0,0,0,0,0,1.18,0,0,0,0,0,6.1,0,0,0,0,0,0,0,0,0,0,0,0,0,0,0,0,0,0,0,0,0,0,0,0,0,0,0,3.84,0,0,0,0,0,0,0,0,0,0,0,0,0,0,0,0,0,0,0,0,0,0,0.52,0,0,0,0,0,0,0,0,7.27,0,0,0,0,0,0,0,0,0,0,0,0,0,0,0,0,1.09,0,0,0,0,12.46,0,1.32,0,0,0.75,0,0
2010-01-01,0,0,0,0,0,0,0,0,0,0,0,0,0,0,0,20.47,1.02,0,0,0,9.55,0,0,0,0,0,0,0,0,0,3.5,0,0,0,0,0,0,0,0,0,1.05,0,0,0,0,0,0,0,0,0,0,0,0,0,0,0,8.74,0,0,0,0,0,0,1.26,0,0,0,0,0,7.07,0,0,0,0,0,0,0,3.13,0,0,0,0,0,0,0,0,0,0,0,0,0,0,0,0,2.43,0,0,2.7,0,0,0,1.29,0,0,0,0,0,0,0,0,0,0,0,0,4.18,0,0,0,0,0,0,0,0,0,0,0,0,0,0,5.56,0,0,0,0,0,0,0,0,0,0,0,0,0,0,0,0,0,2.14,0,0,0,10.54,0,1.64,0,0,0,0,0
2010-02-01,0,0,0,0,0,0,0,0,0,0,0,0,0,0,0,20.47,1.02,0,0,0,9.55,0,0,0,0,0,0,0,0,0,3.5,0,0,0,0,0,0,0,0,0,1.05,0,0,0,0,0,0,0,0,0,0,0,0,0,0,0,8.74,0,0,0,0,0,0,1.26,0,0,0,0,0,7.07,0,0,0,0,0,0,0,3.13,0,0,0,0,0,0,0,0,0,0,0,0,0,0,0,0,2.43,0,0,2.7,0,0,0,1.29,0,0,0,0,0,0,0,0,0,0,0,0,4.18,0,0,0,0,0,0,0,0,0,0,0,0,0,0,5.56,0,0,0,0,0,0,0,0,0,0,0,0,0,0,0,0,0,2.14,0,0,0,10.54,0,1.64,0,0,0,0,0
2010-03-01,0,0,0,0,0,0,0,0,0,0,0,0,0,0,0,20.47,1.02,0,0,0,9.55,0,0,0,0,0,0,0,0,0,3.5,0,0,0,0,0,0,0,0,0,1.05,0,0,0,0,0,0,0,0,0,0,0,0,0,0,0,8.74,0,0,0,0,0,0,1.26,0,0,0,0,0,7.07,0,0,0,0,0,0,0,3.13,0,0,0,0,0,0,0,0,0,0,0,0,0,0,0,0,2.43,0,0,2.7,0,0,0,1.29,0,0,0,0,0,0,0,0,0,0,0,0,4.18,0,0,0,0,0,0,0,0,0,0,0,0,0,0,5.56,0,0,0,0,0,0,0,0,0,0,0,0,0,0,0,0,0,2.14,0,0,0,10.54,0,1.64,0,0,0,0,0
2010-04-01,0,0,0,0,0,0,0,0,0,0,0,0,0,0,0,16.81,0.87,0,0,0,9.29,0,0,0,3.3,0,0,0,0,0,3.05,0,0,0,0,0,0,0,0,0,0,0,0,0,0,0,0,0,0,0,0,0,0,0,0,0,6.67,0,0,0,0,0,0,1.16,0,0,0,0,0,5.85,0,0,0,0,0,0,0,3.35,0,0,0,0,0,0,0,0,3.7,0,0,0,0,0,0,0,5.75,0,0,2.35,0,0,0,1.58,0,0,0,0,0,0,0,0,0,0,0,0,6.92,0,0,0,0,0,0,0,0,0,0,0,0,0,0,4.72,0,0,0,0,0,0,0,0,0,0,0,0,0,0,0,0,0,2.01,0,0,0,8.65,0,1.72,0,0,0,0,0
2010-05-01,0,0,0,0,0,0,0,0,0,0,0,0,0,0,0,16.81,0.87,0,0,0,9.29,0,0,0,3.3,0,0,0,0,0,3.05,0,0,0,0,0,0,0,0,0,0,0,0,0,0,0,0,0,0,0,0,0,0,0,0,0,6.67,0,0,0,0,0,0,1.16,0,0,0,0,0,5.85,0,0,0,0,0,0,0,3.35,0,0,0,0,0,0,0,0,3.7,0,0,0,0,0,0,0,5.75,0,0,2.35,0,0,0,1.58,0,0,0,0,0,0,0,0,0,0,0,0,6.92,0,0,0,0,0,0,0,0,0,0,0,0,0,0,4.72,0,0,0,0,0,0,0,0,0,0,0,0,0,0,0,0,0,2.01,0,0,0,8.65,0,1.72,0,0,0,0,0
2010-06-01,0,0,0,0,0,0,0,0,0,0,0,0,0,0,0,16.81,0.87,0,0,0,9.29,0,0,0,3.3,0,0,0,0,0,3.05,0,0,0,0,0,0,0,0,0,0,0,0,0,0,0,0,0,0,0,0,0,0,0,0,0,6.67,0,0,0,0,0,0,1.16,0,0,0,0,0,5.85,0,0,0,0,0,0,0,3.35,0,0,0,0,0,0,0,0,3.7,0,0,0,0,0,0,0,5.75,0,0,2.35,0,0,0,1.58,0,0,0,0,0,0,0,0,0,0,0,0,6.92,0,0,0,0,0,0,0,0,0,0,0,0,0,0,4.72,0,0,0,0,0,0,0,0,0,0,0,0,0,0,0,0,0,2.01,0,0,0,8.65,0,1.72,0,0,0,0,0
2010-07-01,0,0,0,0,0,0,0,0,1.6,0,0,0,0,0,0,10.75,0,0,0,0,7.29,0,0,0,2.26,0,0,0,0,0,2.06,0,0,0,4.8,0,0,0,0,0,0,0,0,0,0,0,0,0,0,0,0,0,0,0,0,0,4.53,0,0,0,0,0,0,0,0,0,0,0,0,0,0,5.71,0,0,0,1.54,0,2.99,0,0,0,0,0,0,0,0,3.73,0,1.73,0,0,0,0,0,4.95,0,0,2.5,0,0,0,0,0,0,0,0,0,0,0,0,0,0,0,0,10.37,0,0,0,0,0,0,0,0,0,0,0,0,0,1.73,3.63,0,0,0,0,0,0,0,0,0,0,0,0,0,0,1.48,0,0,0,0,0,0,5.88,0,0,0,0,0,0,0
2010-08-01,0,0,0,0,0,0,0,0,1.6,0,0,0,0,0,0,10.75,0,0,0,0,7.29,0,0,0,2.26,0,0,0,0,0,2.06,0,0,0,4.8,0,0,0,0,0,0,0,0,0,0,0,0,0,0,0,0,0,0,0,0,0,4.53,0,0,0,0,0,0,0,0,0,0,0,0,0,0,5.71,0,0,0,1.54,0,2.99,0,0,0,0,0,0,0,0,3.73,0,1.73,0,0,0,0,0,4.95,0,0,2.5,0,0,0,0,0,0,0,0,0,0,0,0,0,0,0,0,10.37,0,0,0,0,0,0,0,0,0,0,0,0,0,1.73,3.63,0,0,0,0,0,0,0,0,0,0,0,0,0,0,1.48,0,0,0,0,0,0,5.88,0,0,0,0,0,0,0
2010-09-01,0,0,0,0,0,0,0,0,1.6,0,0,0,0,0,0,10.75,0,0,0,0,7.29,0,0,0,2.26,0,0,0,0,0,2.06,0,0,0,4.8,0,0,0,0,0,0,0,0,0,0,0,0,0,0,0,0,0,0,0,0,0,4.53,0,0,0,0,0,0,0,0,0,0,0,0,0,0,5.71,0,0,0,1.54,0,2.99,0,0,0,0,0,0,0,0,3.73,0,1.73,0,0,0,0,0,4.95,0,0,2.5,0,0,0,0,0,0,0,0,0,0,0,0,0,0,0,0,10.37,0,0,0,0,0,0,0,0,0,0,0,0,0,1.73,3.63,0,0,0,0,0,0,0,0,0,0,0,0,0,0,1.48,0,0,0,0,0,0,5.88,0,0,0,0,0,0,0
2010-10-01,0,0,0,0,0,0,0,0,2.99,0,0,0,0,0,0,7.82,0,0,0,0,13,0,0,0,2.05,0,0,0,0,0,0,0,0,0,2.86,0,0,0,0,0,0,0,0,0,0,0,0,0,0,0,0,0,0,0,0,0,3.25,0,0,0,0,0,0,2.79,0,0,0,0,0,0,0,5.76,0,0,0,3.44,0,1.91,0,0,0,0,0,0,1.85,0,3.09,0,0,0,0,0,0,0,3.11,0,0,3.95,3.33,0,0,0,0,0,0,0,0,0,0,0,0,0,0,0,6.79,0,0,0,0,0,0,0,0,0,0,0,0,0,0,2.9,0,0,0,0,0,0,0,0,0,0,0,0,2.15,0,0,0,0,0,0,0,0,5.41,0,0,0,0,0,0,0
2010-11-01,0,0,0,0,0,0,0,0,2.99,0,0,0,0,0,0,7.82,0,0,0,0,13,0,0,0,2.05,0,0,0,0,0,0,0,0,0,2.86,0,0,0,0,0,0,0,0,0,0,0,0,0,0,0,0,0,0,0,0,0,3.25,0,0,0,0,0,0,2.79,0,0,0,0,0,0,0,5.76,0,0,0,3.44,0,1.91,0,0,0,0,0,0,1.85,0,3.09,0,0,0,0,0,0,0,3.11,0,0,3.95,3.33,0,0,0,0,0,0,0,0,0,0,0,0,0,0,0,6.79,0,0,0,0,0,0,0,0,0,0,0,0,0,0,2.9,0,0,0,0,0,0,0,0,0,0,0,0,2.15,0,0,0,0,0,0,0,0,5.41,0,0,0,0,0,0,0
2010-12-01,0,0,0,0,0,0,0,0,2.99,0,0,0,0,0,0,7.82,0,0,0,0,13,0,0,0,2.05,0,0,0,0,0,0,0,0,0,2.86,0,0,0,0,0,0,0,0,0,0,0,0,0,0,0,0,0,0,0,0,0,3.25,0,0,0,0,0,0,2.79,0,0,0,0,0,0,0,5.76,0,0,0,3.44,0,1.91,0,0,0,0,0,0,1.85,0,3.09,0,0,0,0,0,0,0,3.11,0,0,3.95,3.33,0,0,0,0,0,0,0,0,0,0,0,0,0,0,0,6.79,0,0,0,0,0,0,0,0,0,0,0,0,0,0,2.9,0,0,0,0,0,0,0,0,0,0,0,0,2.15,0,0,0,0,0,0,0,0,5.41,0,0,0,0,0,0,0
2011-01-01,0,0,1.76,0,0,0,0,0,3.13,0,0,0,0,0,0,5.8,0,0,0,0,8.55,0,0,0,3.21,0,0,0,0,0,0,0,0,0,0,0,0,0,0,0,0,0,0,0,0,0,0,0,0,0,0,0,0,0,0,0,0,0,0,0,0,0,0,5.77,0,0,0,0,0,0,0,6.55,0,0,0,4.37,0,0,0,0,1.91,0,0,0,1.97,0,4.11,0,0,0,0,0,0,0,1.87,0,0,3.06,3.53,0,0,0,0,0,0,0,0,0,0,0,0,0,0,0,7.91,0,0,0,0,0,0,0,0,0,0,0,0,0,0,0,0,0,0,0,0,0,0,0,0,0,0,0,3.33,0,0,0,0,1.93,0,0,0,2.47,0,0,0,0,0,0,0
2011-02-01,0,0,1.76,0,0,0,0,0,3.13,0,0,0,0,0,0,5.8,0,0,0,0,8.55,0,0,0,3.21,0,0,0,0,0,0,0,0,0,0,0,0,0,0,0,0,0,0,0,0,0,0,0,0,0,0,0,0,0,0,0,0,0,0,0,0,0,0,5.77,0,0,0,0,0,0,0,6.55,0,0,0,4.37,0,0,0,0,1.91,0,0,0,1.97,0,4.11,0,0,0,0,0,0,0,1.87,0,0,3.06,3.53,0,0,0,0,0,0,0,0,0,0,0,0,0,0,0,7.91,0,0,0,0,0,0,0,0,0,0,0,0,0,0,0,0,0,0,0,0,0,0,0,0,0,0,0,3.33,0,0,0,0,1.93,0,0,0,2.47,0,0,0,0,0,0,0
2011-03-01,0,0,1.76,0,0,0,0,0,3.13,0,0,0,0,0,0,5.8,0,0,0,0,8.55,0,0,0,3.21,0,0,0,0,0,0,0,0,0,0,0,0,0,0,0,0,0,0,0,0,0,0,0,0,0,0,0,0,0,0,0,0,0,0,0,0,0,0,5.77,0,0,0,0,0,0,0,6.55,0,0,0,4.37,0,0,0,0,1.91,0,0,0,1.97,0,4.11,0,0,0,0,0,0,0,1.87,0,0,3.06,3.53,0,0,0,0,0,0,0,0,0,0,0,0,0,0,0,7.91,0,0,0,0,0,0,0,0,0,0,0,0,0,0,0,0,0,0,0,0,0,0,0,0,0,0,0,3.33,0,0,0,0,1.93,0,0,0,2.47,0,0,0,0,0,0,0
2011-04-01,0,0,0,0,0,0,0,0,2.13,0,0,0,0,0,0,2.74,0,0,0,0,7.51,0,0,0,3.08,0,0,0,0,0,0,0,0,0,0,4.52,0,0,0,0,0,0,0,0,0,0,0,0,0,0,0,0,0,0,0,0,0,0,0,0,0,0,0,5.88,0,0,0,0,0,0,0,2.61,0,0,0,3.8,0,0,0,0,0,0,0,0,0,0,4.62,0,0,0,0,0,0,4.05,1.87,0,0,2.57,2.72,0,0,0,0,0,0,0,0,0,0,0,0,0,0,0,7.47,0,0,0,0,0,0,0,0,0,0,0,0,0,0,0,0,0,0,0,0,0,0,0,0,0,0,0,3.15,0,1.71,0,0,4.97,0,0,0,2.04,0,0,0,0,0,0,0
2011-05-01,0,0,0,0,0,0,0,0,2.13,0,0,0,0,0,0,2.74,0,0,0,0,7.51,0,0,0,3.08,0,0,0,0,0,0,0,0,0,0,4.52,0,0,0,0,0,0,0,0,0,0,0,0,0,0,0,0,0,0,0,0,0,0,0,0,0,0,0,5.88,0,0,0,0,0,0,0,2.61,0,0,0,3.8,0,0,0,0,0,0,0,0,0,0,4.62,0,0,0,0,0,0,4.05,1.87,0,0,2.57,2.72,0,0,0,0,0,0,0,0,0,0,0,0,0,0,0,7.47,0,0,0,0,0,0,0,0,0,0,0,0,0,0,0,0,0,0,0,0,0,0,0,0,0,0,0,3.15,0,1.71,0,0,4.97,0,0,0,2.04,0,0,0,0,0,0,0
2011-06-01,0,0,0,0,0,0,0,0,2.13,0,0,0,0,0,0,2.74,0,0,0,0,7.51,0,0,0,3.08,0,0,0,0,0,0,0,0,0,0,4.52,0,0,0,0,0,0,0,0,0,0,0,0,0,0,0,0,0,0,0,0,0,0,0,0,0,0,0,5.88,0,0,0,0,0,0,0,2.61,0,0,0,3.8,0,0,0,0,0,0,0,0,0,0,4.62,0,0,0,0,0,0,4.05,1.87,0,0,2.57,2.72,0,0,0,0,0,0,0,0,0,0,0,0,0,0,0,7.47,0,0,0,0,0,0,0,0,0,0,0,0,0,0,0,0,0,0,0,0,0,0,0,0,0,0,0,3.15,0,1.71,0,0,4.97,0,0,0,2.04,0,0,0,0,0,0,0
2011-07-01,0,0,0,0,0,0,0,0,3.08,0,0,0,0,0,0,0,0,0,0,0,4.64,0,0,0,4.79,0,0,0,0,0,0,0,0,0,0,9.59,0,0,0,0,0,0,0,0,0,0,0,0,0,0,0,0,0,0,0,0,0,0,0,0,0,1.9,0,7.81,0,0,0,0,3.02,0,0,0,0,0,0,5.54,0,0,0,0,2.85,0,0,0,2.47,0,6.22,0,0,0,0,0,0,2.6,0,0,0,3.06,3.18,1.88,0,0,0,0,0,0,0,0,0,0,0,0,0,0,0,0,0,0,0,0,0,0,0,0,0,0,0,0,0,0,0,0,0,0,0,0,0,0,0,0,0,0,5.59,0,0,0,0,7.11,0,0,0,0,0,0,0,0,0,0,0
2011-08-01,0,0,0,0,0,0,0,0,3.08,0,0,0,0,0,0,0,0,0,0,0,4.64,0,0,0,4.79,0,0,0,0,0,0,0,0,0,0,9.59,0,0,0,0,0,0,0,0,0,0,0,0,0,0,0,0,0,0,0,0,0,0,0,0,0,1.9,0,7.81,0,0,0,0,3.02,0,0,0,0,0,0,5.54,0,0,0,0,2.85,0,0,0,2.47,0,6.22,0,0,0,0,0,0,2.6,0,0,0,3.06,3.18,1.88,0,0,0,0,0,0,0,0,0,0,0,0,0,0,0,0,0,0,0,0,0,0,0,0,0,0,0,0,0,0,0,0,0,0,0,0,0,0,0,0,0,0,5.59,0,0,0,0,7.11,0,0,0,0,0,0,0,0,0,0,0
2011-09-01,0,0,0,0,0,0,0,0,3.08,0,0,0,0,0,0,0,0,0,0,0,4.64,0,0,0,4.79,0,0,0,0,0,0,0,0,0,0,9.59,0,0,0,0,0,0,0,0,0,0,0,0,0,0,0,0,0,0,0,0,0,0,0,0,0,1.9,0,7.81,0,0,0,0,3.02,0,0,0,0,0,0,5.54,0,0,0,0,2.85,0,0,0,2.47,0,6.22,0,0,0,0,0,0,2.6,0,0,0,3.06,3.18,1.88,0,0,0,0,0,0,0,0,0,0,0,0,0,0,0,0,0,0,0,0,0,0,0,0,0,0,0,0,0,0,0,0,0,0,0,0,0,0,0,0,0,0,5.59,0,0,0,0,7.11,0,0,0,0,0,0,0,0,0,0,0
2011-10-01,0,0,12.49,0,0,0,0,0,0,0,0,0,0,0,0,0,0,0,7.06,0.12,0,0,0,0,1.21,0,0,4.41,0,0,0,0,0,0,0,15.9,0,0,0,0,0,0,0,0,0,0,0.84,0,0,0,0,0,0,0,0,0,0,0,0,0,0,0,0,14.56,0,0,0,0,0,0,0,0,0,0,0,3.66,0,0,0,0,0,0,0,0,0,0,4.06,0.26,0,0,0,0,0,0,0,0,0,3.19,0,3.91,0,0,0,0,0,0,0,0,5.3,0,0,0,0,0,0,0,0,0,0,0,0,0,0,0,0,0,0,0,0,0,0,0,0,0,0,0,0,0,0,0,0,0,3.8,0,0,0,0,3.24,0,0,0,0,0,0,0,0,0,0,0
2011-11-01,0,0,12.49,0,0,0,0,0,0,0,0,0,0,0,0,0,0,0,7.06,0.12,0,0,0,0,1.21,0,0,4.41,0,0,0,0,0,0,0,15.9,0,0,0,0,0,0,0,0,0,0,0.84,0,0,0,0,0,0,0,0,0,0,0,0,0,0,0,0,14.56,0,0,0,0,0,0,0,0,0,0,0,3.66,0,0,0,0,0,0,0,0,0,0,4.06,0.26,0,0,0,0,0,0,0,0,0,3.19,0,3.91,0,0,0,0,0,0,0,0,5.3,0,0,0,0,0,0,0,0,0,0,0,0,0,0,0,0,0,0,0,0,0,0,0,0,0,0,0,0,0,0,0,0,0,3.8,0,0,0,0,3.24,0,0,0,0,0,0,0,0,0,0,0
2011-12-01,0,0,12.49,0,0,0,0,0,0,0,0,0,0,0,0,0,0,0,7.06,0.12,0,0,0,0,1.21,0,0,4.41,0,0,0,0,0,0,0,15.9,0,0,0,0,0,0,0,0,0,0,0.84,0,0,0,0,0,0,0,0,0,0,0,0,0,0,0,0,14.56,0,0,0,0,0,0,0,0,0,0,0,3.66,0,0,0,0,0,0,0,0,0,0,4.06,0.26,0,0,0,0,0,0,0,0,0,3.19,0,3.91,0,0,0,0,0,0,0,0,5.3,0,0,0,0,0,0,0,0,0,0,0,0,0,0,0,0,0,0,0,0,0,0,0,0,0,0,0,0,0,0,0,0,0,3.8,0,0,0,0,3.24,0,0,0,0,0,0,0,0,0,0,0
2012-01-01,0,0,16.49,0,0,0,0,0,0,0,0,0,0,0,0,2.86,0,0,0,0,8.94,0,0,0,0,0,0,0,0,0,0,0,0,0,0,3.45,0,0,0,0,2.68,0,0,0,0,0,0,0,0,0,0,0,0,0,3.28,0,0,0,0,2.27,0,4.17,0,3.9,0,0,0,0,0,2.42,0,0,0,2.89,0,0,0,0,0,0,0,0,0,0,0,0,0,2.23,0,0,0,0,0,0,0,0,0,0,0,0,0,0,0,0,0,0,2.13,0,2.73,0,0,0,0,0,0,0,0,0,0,4.13,0,0,0,0,0,0,0,0,0,0,0,0,0,0,0,0,0,0,0,0,0,0,6.88,0,0,0,0,2.64,0,0,0,0,0,0,0,0,0,0,0
2012-02-01,0,0,16.49,0,0,0,0,0,0,0,0,0,0,0,0,2.86,0,0,0,0,8.94,0,0,0,0,0,0,0,0,0,0,0,0,0,0,3.45,0,0,0,0,2.68,0,0,0,0,0,0,0,0,0,0,0,0,0,3.28,0,0,0,0,2.27,0,4.17,0,3.9,0,0,0,0,0,2.42,0,0,0,2.89,0,0,0,0,0,0,0,0,0,0,0,0,0,2.23,0,0,0,0,0,0,0,0,0,0,0,0,0,0,0,0,0,0,2.13,0,2.73,0,0,0,0,0,0,0,0,0,0,4.13,0,0,0,0,0,0,0,0,0,0,0,0,0,0,0,0,0,0,0,0,0,0,6.88,0,0,0,0,2.64,0,0,0,0,0,0,0,0,0,0,0
2012-03-01,0,0,16.49,0,0,0,0,0,0,0,0,0,0,0,0,2.86,0,0,0,0,8.94,0,0,0,0,0,0,0,0,0,0,0,0,0,0,3.45,0,0,0,0,2.68,0,0,0,0,0,0,0,0,0,0,0,0,0,3.28,0,0,0,0,2.27,0,4.17,0,3.9,0,0,0,0,0,2.42,0,0,0,2.89,0,0,0,0,0,0,0,0,0,0,0,0,0,2.23,0,0,0,0,0,0,0,0,0,0,0,0,0,0,0,0,0,0,2.13,0,2.73,0,0,0,0,0,0,0,0,0,0,4.13,0,0,0,0,0,0,0,0,0,0,0,0,0,0,0,0,0,0,0,0,0,0,6.88,0,0,0,0,2.64,0,0,0,0,0,0,0,0,0,0,0
2012-04-01,0,0,11.58,0,0,0,0,0,0,0,0,0,0,0,0,0,0,0,0,0,9.75,0,0,0,0,0,0,0,0,0,0,0,0,0,0,0,0,0,0,0,4.01,0,0,0,0,0,0,0,2.67,0,0,0,0,0,2.82,0,0,0,0,3.57,0,4.93,0,5.1,0,0,0,0,0,0,0,0,0,3.14,0,0,0,0,0,0,0,0,0,0,0,0,0,2.04,0,0,0,0,0,0,0,0,0,1.33,0,0,0,0,0,0,0,0,2.47,0,3.53,0,0,0,0,0,0,0,0,0,0,4.93,0,0,0,0,0,0,0,0,0,0,0,0,0,0,0,0,0,0,0,0,0,0,8.86,0,0,0,0,2.14,0,0,0,0,1.65,0,0,0,0,0,0
2012-05-01,0,0,11.58,0,0,0,0,0,0,0,0,0,0,0,0,0,0,0,0,0,9.75,0,0,0,0,0,0,0,0,0,0,0,0,0,0,0,0,0,0,0,4.01,0,0,0,0,0,0,0,2.67,0,0,0,0,0,2.82,0,0,0,0,3.57,0,4.93,0,5.1,0,0,0,0,0,0,0,0,0,3.14,0,0,0,0,0,0,0,0,0,0,0,0,0,2.04,0,0,0,0,0,0,0,0,0,1.33,0,0,0,0,0,0,0,0,2.47,0,3.53,0,0,0,0,0,0,0,0,0,0,4.93,0,0,0,0,0,0,0,0,0,0,0,0,0,0,0,0,0,0,0,0,0,0,8.86,0,0,0,0,2.14,0,0,0,0,1.65,0,0,0,0,0,0
2012-06-01,0,0,11.58,0,0,0,0,0,0,0,0,0,0,0,0,0,0,0,0,0,9.75,0,0,0,0,0,0,0,0,0,0,0,0,0,0,0,0,0,0,0,4.01,0,0,0,0,0,0,0,2.67,0,0,0,0,0,2.82,0,0,0,0,3.57,0,4.93,0,5.1,0,0,0,0,0,0,0,0,0,3.14,0,0,0,0,0,0,0,0,0,0,0,0,0,2.04,0,0,0,0,0,0,0,0,0,1.33,0,0,0,0,0,0,0,0,2.47,0,3.53,0,0,0,0,0,0,0,0,0,0,4.93,0,0,0,0,0,0,0,0,0,0,0,0,0,0,0,0,0,0,0,0,0,0,8.86,0,0,0,0,2.14,0,0,0,0,1.65,0,0,0,0,0,0
2012-07-01,0,0,9.81,0,0,7.63,0,0,0,0,0,0,0,0,0,0,0,0,0,0,9.41,0,0,0,0,0,0,0,0,0,0,0,0,0,0,0,0,0,0,0,2.68,0,0,0,0,0,0,0,2.16,0,0,0,0,0,3.23,0,0,0,0,3.82,0,4.15,0,4.92,0,0,0,0,0,1.98,0,0,0,3.34,0,0,0,0,2.74,0,0,0,0,0,0,0,0,2.24,0,0,0,2.09,0,0,0,0,0,0,0,0,0,0,0,0,0,0,2.29,0,2.46,0,0,0,0,0,0,0,0,0,0,4.06,0,0,0,0,0,0,0,0,0,0,0,0,0,0,0,0,0,0,0,0,0,0,5.4,0,0,0,0,0,0,0,0,0,0,0,0,0,0,0,0
2012-08-01,0,0,9.81,0,0,7.63,0,0,0,0,0,0,0,0,0,0,0,0,0,0,9.41,0,0,0,0,0,0,0,0,0,0,0,0,0,0,0,0,0,0,0,2.68,0,0,0,0,0,0,0,2.16,0,0,0,0,0,3.23,0,0,0,0,3.82,0,4.15,0,4.92,0,0,0,0,0,1.98,0,0,0,3.34,0,0,0,0,2.74,0,0,0,0,0,0,0,0,2.24,0,0,0,2.09,0,0,0,0,0,0,0,0,0,0,0,0,0,0,2.29,0,2.46,0,0,0,0,0,0,0,0,0,0,4.06,0,0,0,0,0,0,0,0,0,0,0,0,0,0,0,0,0,0,0,0,0,0,5.4,0,0,0,0,0,0,0,0,0,0,0,0,0,0,0,0
2012-09-01,0,0,9.81,0,0,7.63,0,0,0,0,0,0,0,0,0,0,0,0,0,0,9.41,0,0,0,0,0,0,0,0,0,0,0,0,0,0,0,0,0,0,0,2.68,0,0,0,0,0,0,0,2.16,0,0,0,0,0,3.23,0,0,0,0,3.82,0,4.15,0,4.92,0,0,0,0,0,1.98,0,0,0,3.34,0,0,0,0,2.74,0,0,0,0,0,0,0,0,2.24,0,0,0,2.09,0,0,0,0,0,0,0,0,0,0,0,0,0,0,2.29,0,2.46,0,0,0,0,0,0,0,0,0,0,4.06,0,0,0,0,0,0,0,0,0,0,0,0,0,0,0,0,0,0,0,0,0,0,5.4,0,0,0,0,0,0,0,0,0,0,0,0,0,0,0,0
2012-10-01,0,0,11.2,0,0,4.92,0,0,0,0,0,0,0,0,0,0,0,0,0,0,8.37,0,0,0,0,0,0,0,0,0,0,0,0,0,0,0,0,0,0,0,2.82,0,0,0,0,0,0,0,2.41,0,0,0,0,0,3.33,0,0,0,0,3.56,0,3.02,0,4.56,0,0,3,0,0,2.57,0,0,0,2.71,0,0,0,0,2.33,0,0,0,0,0,0,0,0,0,0,0,2.57,0,0,0,0,0,0,1.94,0,0,0,0,0,0,0,0,2.02,0,0,0,0,0,0,0,0,0,0,0,0,3.95,0,0,0,0,0,0,0,0,0,0,0,0,0,0,0,0,0,0,0,0,0,0,4.91,0,0,0,0,0,0,0,0,0,0,0,0,0,0,0,0
2012-11-01,0,0,11.2,0,0,4.92,0,0,0,0,0,0,0,0,0,0,0,0,0,0,8.37,0,0,0,0,0,0,0,0,0,0,0,0,0,0,0,0,0,0,0,2.82,0,0,0,0,0,0,0,2.41,0,0,0,0,0,3.33,0,0,0,0,3.56,0,3.02,0,4.56,0,0,3,0,0,2.57,0,0,0,2.71,0,0,0,0,2.33,0,0,0,0,0,0,0,0,0,0,0,2.57,0,0,0,0,0,0,1.94,0,0,0,0,0,0,0,0,2.02,0,0,0,0,0,0,0,0,0,0,0,0,3.95,0,0,0,0,0,0,0,0,0,0,0,0,0,0,0,0,0,0,0,0,0,0,4.91,0,0,0,0,0,0,0,0,0,0,0,0,0,0,0,0
2012-12-01,0,0,11.2,0,0,4.92,0,0,0,0,0,0,0,0,0,0,0,0,0,0,8.37,0,0,0,0,0,0,0,0,0,0,0,0,0,0,0,0,0,0,0,2.82,0,0,0,0,0,0,0,2.41,0,0,0,0,0,3.33,0,0,0,0,3.56,0,3.02,0,4.56,0,0,3,0,0,2.57,0,0,0,2.71,0,0,0,0,2.33,0,0,0,0,0,0,0,0,0,0,0,2.57,0,0,0,0,0,0,1.94,0,0,0,0,0,0,0,0,2.02,0,0,0,0,0,0,0,0,0,0,0,0,3.95,0,0,0,0,0,0,0,0,0,0,0,0,0,0,0,0,0,0,0,0,0,0,4.91,0,0,0,0,0,0,0,0,0,0,0,0,0,0,0,0
2013-01-01,0,0,5.26,0,0,3.7,0,0,0,0,0,0,0,0,0,0,0,0,0,0,8.3,0,0,0,0,0,0,0,0,0,0,0,0,0,0,0,0,0,0,0,3.57,0,0,0,0,0,0,0,2.12,0,0,0,0,0,3.39,0,0,0,0,3.48,0,3.24,0,4.23,0,0,3.87,0,0,3.01,0,0,0,3.03,0,0,0,0,0,0,0,0,0,0,0,0,0,0,0,0,3.85,0,0,0,0,0,0,2.2,0,0,0,0,0,0,0,0,2.35,0,0,0,0,0,0,0,0,0,0,0,0,4.39,0,0,0,2.93,0,0,0,0,0,0,0,0,0,0,0,0,0,0,0,0,0,0,6,0,0,0,0,0,0,0,0,0,0,0,0,0,0,0,0
2013-02-01,0,0,5.26,0,0,3.7,0,0,0,0,0,0,0,0,0,0,0,0,0,0,8.3,0,0,0,0,0,0,0,0,0,0,0,0,0,0,0,0,0,0,0,3.57,0,0,0,0,0,0,0,2.12,0,0,0,0,0,3.39,0,0,0,0,3.48,0,3.24,0,4.23,0,0,3.87,0,0,3.01,0,0,0,3.03,0,0,0,0,0,0,0,0,0,0,0,0,0,0,0,0,3.85,0,0,0,0,0,0,2.2,0,0,0,0,0,0,0,0,2.35,0,0,0,0,0,0,0,0,0,0,0,0,4.39,0,0,0,2.93,0,0,0,0,0,0,0,0,0,0,0,0,0,0,0,0,0,0,6,0,0,0,0,0,0,0,0,0,0,0,0,0,0,0,0
2013-03-01,0,0,5.26,0,0,3.7,0,0,0,0,0,0,0,0,0,0,0,0,0,0,8.3,0,0,0,0,0,0,0,0,0,0,0,0,0,0,0,0,0,0,0,3.57,0,0,0,0,0,0,0,2.12,0,0,0,0,0,3.39,0,0,0,0,3.48,0,3.24,0,4.23,0,0,3.87,0,0,3.01,0,0,0,3.03,0,0,0,0,0,0,0,0,0,0,0,0,0,0,0,0,3.85,0,0,0,0,0,0,2.2,0,0,0,0,0,0,0,0,2.35,0,0,0,0,0,0,0,0,0,0,0,0,4.39,0,0,0,2.93,0,0,0,0,0,0,0,0,0,0,0,0,0,0,0,0,0,0,6,0,0,0,0,0,0,0,0,0,0,0,0,0,0,0,0
2013-04-01,0,0,3.03,0,0,2.53,0,0,0,0,0,0,0,0,0,0,0,0,0,0,9.19,0,0,0,0,0,0,0,0,0,0,0,0,0,0,0,0,0,0,0,3.84,0,0,0,0,0,0,0,0,0,0,0,0,0,3.23,0,0,0,0,3.37,0,2.9,0,6.71,0,0,2.82,0,0,2.55,0,0,0,2.3,0,0,0,0,0,0,0,0,0,0,0,0,0,0,0,0,3.75,1.98,0,0,0,0,0,0,0,0,0,0,0,0,0,0,1.96,0,0,0,0,0,0,0,0,0,0,0,2.52,3.65,0,0,0,2.45,0,0,0,0,0,0,0,0,0,0,0,0,0,0,0,0,0,0,4.82,0,0,0,0,0,0,0,0,0,0,0,0,0,0,0,0
2013-05-01,0,0,3.03,0,0,2.53,0,0,0,0,0,0,0,0,0,0,0,0,0,0,9.19,0,0,0,0,0,0,0,0,0,0,0,0,0,0,0,0,0,0,0,3.84,0,0,0,0,0,0,0,0,0,0,0,0,0,3.23,0,0,0,0,3.37,0,2.9,0,6.71,0,0,2.82,0,0,2.55,0,0,0,2.3,0,0,0,0,0,0,0,0,0,0,0,0,0,0,0,0,3.75,1.98,0,0,0,0,0,0,0,0,0,0,0,0,0,0,1.96,0,0,0,0,0,0,0,0,0,0,0,2.52,3.65,0,0,0,2.45,0,0,0,0,0,0,0,0,0,0,0,0,0,0,0,0,0,0,4.82,0,0,0,0,0,0,0,0,0,0,0,0,0,0,0,0
2013-06-01,0,0,3.03,0,0,2.53,0,0,0,0,0,0,0,0,0,0,0,0,0,0,9.19,0,0,0,0,0,0,0,0,0,0,0,0,0,0,0,0,0,0,0,3.84,0,0,0,0,0,0,0,0,0,0,0,0,0,3.23,0,0,0,0,3.37,0,2.9,0,6.71,0,0,2.82,0,0,2.55,0,0,0,2.3,0,0,0,0,0,0,0,0,0,0,0,0,0,0,0,0,3.75,1.98,0,0,0,0,0,0,0,0,0,0,0,0,0,0,1.96,0,0,0,0,0,0,0,0,0,0,0,2.52,3.65,0,0,0,2.45,0,0,0,0,0,0,0,0,0,0,0,0,0,0,0,0,0,0,4.82,0,0,0,0,0,0,0,0,0,0,0,0,0,0,0,0
2013-07-01,0,0,2.35,0,0,2.73,0,0,0,0,0,0,0,0,0,0,0,0,0,0,9.54,2.01,0,0,0,0,0,0,0,0,0,0,0,0,0,0,0,0,0,0,4,0,0,0,0,0,0,0,0,0,0,0,0,0,2.62,0,0,2.09,0,3.62,0,2.57,0,8.55,0,0,3.95,0,0,2.55,0,0,0,3.26,0,0,0,0,0,0,0,0,0,0,0,0,0,0,0,0,3.83,2.72,0,0,0,0,0,0,0,0,0,0,0,0,0,0,0,0,0,0,0,0,0,0,0,0,0,0,2.67,3.43,0,0,0,2.03,0,0,0,0,0,0,0,0,0,0,0,0,0,0,0,0,0,0,5.29,0,0,0,0,0,0,0,0,0,0,0,0,0,0,0,0
2013-08-01,0,0,2.35,0,0,2.73,0,0,0,0,0,0,0,0,0,0,0,0,0,0,9.54,2.01,0,0,0,0,0,0,0,0,0,0,0,0,0,0,0,0,0,0,4,0,0,0,0,0,0,0,0,0,0,0,0,0,2.62,0,0,2.09,0,3.62,0,2.57,0,8.55,0,0,3.95,0,0,2.55,0,0,0,3.26,0,0,0,0,0,0,0,0,0,0,0,0,0,0,0,0,3.83,2.72,0,0,0,0,0,0,0,0,0,0,0,0,0,0,0,0,0,0,0,0,0,0,0,0,0,0,2.67,3.43,0,0,0,2.03,0,0,0,0,0,0,0,0,0,0,0,0,0,0,0,0,0,0,5.29,0,0,0,0,0,0,0,0,0,0,0,0,0,0,0,0
2013-09-01,0,0,2.35,0,0,2.73,0,0,0,0,0,0,0,0,0,0,0,0,0,0,9.54,2.01,0,0,0,0,0,0,0,0,0,0,0,0,0,0,0,0,0,0,4,0,0,0,0,0,0,0,0,0,0,0,0,0,2.62,0,0,2.09,0,3.62,0,2.57,0,8.55,0,0,3.95,0,0,2.55,0,0,0,3.26,0,0,0,0,0,0,0,0,0,0,0,0,0,0,0,0,3.83,2.72,0,0,0,0,0,0,0,0,0,0,0,0,0,0,0,0,0,0,0,0,0,0,0,0,0,0,2.67,3.43,0,0,0,2.03,0,0,0,0,0,0,0,0,0,0,0,0,0,0,0,0,0,0,5.29,0,0,0,0,0,0,0,0,0,0,0,0,0,0,0,0
2013-10-01,0,3.51,2.39,0,0,2.55,0,0,0,0,0,0,0,0,0,0,0,0,0,0,9.98,2.04,0,0,0,0,0,0,0,0,0,0,0,0,0,0,0,0,0,0,3.06,0,0,0,0,0,0,0,0,0,0,0,0,0,2.23,0,0,1.93,0,4.02,0,5.25,0,5.74,0,0,4.82,0,0,1.85,0,0,0,3.72,0,0,0,0,0,0,0,0,0,0,0,0,0,0,0,0,2.58,2.99,0,0,0,0,0,0,0,0,0,0,0,0,0,0,2.43,0,0,0,0,0,0,0,0,0,0,0,2.57,0,0,0,0,0,0,0,0,0,0,0,0,0,0,0,1.7,0,0,0,0,0,0,0,4.53,0,0,0,0,0,0,0,0,0,0,0,0,0,0,0,0
2013-11-01,0,3.51,2.39,0,0,2.55,0,0,0,0,0,0,0,0,0,0,0,0,0,0,9.98,2.04,0,0,0,0,0,0,0,0,0,0,0,0,0,0,0,0,0,0,3.06,0,0,0,0,0,0,0,0,0,0,0,0,0,2.23,0,0,1.93,0,4.02,0,5.25,0,5.74,0,0,4.82,0,0,1.85,0,0,0,3.72,0,0,0,0,0,0,0,0,0,0,0,0,0,0,0,0,2.58,2.99,0,0,0,0,0,0,0,0,0,0,0,0,0,0,2.43,0,0,0,0,0,0,0,0,0,0,0,2.57,0,0,0,0,0,0,0,0,0,0,0,0,0,0,0,1.7,0,0,0,0,0,0,0,4.53,0,0,0,0,0,0,0,0,0,0,0,0,0,0,0,0
2013-12-01,0,3.51,2.39,0,0,2.55,0,0,0,0,0,0,0,0,0,0,0,0,0,0,9.98,2.04,0,0,0,0,0,0,0,0,0,0,0,0,0,0,0,0,0,0,3.06,0,0,0,0,0,0,0,0,0,0,0,0,0,2.23,0,0,1.93,0,4.02,0,5.25,0,5.74,0,0,4.82,0,0,1.85,0,0,0,3.72,0,0,0,0,0,0,0,0,0,0,0,0,0,0,0,0,2.58,2.99,0,0,0,0,0,0,0,0,0,0,0,0,0,0,2.43,0,0,0,0,0,0,0,0,0,0,0,2.57,0,0,0,0,0,0,0,0,0,0,0,0,0,0,0,1.7,0,0,0,0,0,0,0,4.53,0,0,0,0,0,0,0,0,0,0,0,0,0,0,0,0
2014-01-01,0,5.49,2.34,0,0,0,0,0,0,0,0,0,0,0,0,0,0,3.8,0,0,8.36,1.86,1.36,0,0,0,0,0,0,0,0,0,0,0,0,0,0,0,0,0,3.6,0,0,0,0,1.92,0,0,0,1.73,0,0,0,0,1.98,0,0,0,0,4.73,0,8.59,0,5.14,0,5.16,4.87,0,0,0,0,0,0,3.11,0,0,0,0,0,0,0,0,0,0,0,0,0,0,0,0,0,1.62,0,0,0,0,0,0,0,0,0,0,0,0,0,0,2.29,0,0,0,0,0,0,0,0,0,0,0,0,0,0,0,0,0,0,0,0,0,0,0,0,0,0,0,0,0,0,0,0,0,0,0,3.61,0,0,0,0,0,0,0,0,0,2.65,0,0,0,0,0,0
2014-02-01,0,5.49,2.34,0,0,0,0,0,0,0,0,0,0,0,0,0,0,3.8,0,0,8.36,1.86,1.36,0,0,0,0,0,0,0,0,0,0,0,0,0,0,0,0,0,3.6,0,0,0,0,1.92,0,0,0,1.73,0,0,0,0,1.98,0,0,0,0,4.73,0,8.59,0,5.14,0,5.16,4.87,0,0,0,0,0,0,3.11,0,0,0,0,0,0,0,0,0,0,0,0,0,0,0,0,0,1.62,0,0,0,0,0,0,0,0,0,0,0,0,0,0,2.29,0,0,0,0,0,0,0,0,0,0,0,0,0,0,0,0,0,0,0,0,0,0,0,0,0,0,0,0,0,0,0,0,0,0,0,3.61,0,0,0,0,0,0,0,0,0,2.65,0,0,0,0,0,0
2014-03-01,0,5.49,2.34,0,0,0,0,0,0,0,0,0,0,0,0,0,0,3.8,0,0,8.36,1.86,1.36,0,0,0,0,0,0,0,0,0,0,0,0,0,0,0,0,0,3.6,0,0,0,0,1.92,0,0,0,1.73,0,0,0,0,1.98,0,0,0,0,4.73,0,8.59,0,5.14,0,5.16,4.87,0,0,0,0,0,0,3.11,0,0,0,0,0,0,0,0,0,0,0,0,0,0,0,0,0,1.62,0,0,0,0,0,0,0,0,0,0,0,0,0,0,2.29,0,0,0,0,0,0,0,0,0,0,0,0,0,0,0,0,0,0,0,0,0,0,0,0,0,0,0,0,0,0,0,0,0,0,0,3.61,0,0,0,0,0,0,0,0,0,2.65,0,0,0,0,0,0
2014-04-01,0,7.64,2.39,0,0,0,0,0,0,0,0,0,0,0,0,0,0,5.78,0,0,6.2,0,2.05,0,0,0,0,0,0,0,0,0,0,0,0,0,0,0,0,0,3.79,0,0,0,0,1.8,0,0,0,0,0,0,0,0,1.92,3.68,0,0,0,7.19,5.59,3.95,0,4.78,0,5.45,4.58,0,0,0,0,0,0,3.14,0,0,0,0,0,0,0,0,0,0,0,0,0,2.09,0,0,0,0,0,0,0,0,0,0,0,0,0,0,0,0,0,0,1.94,0,0,0,0,0,0,0,0,0,0,0,0,0,0,0,0,0,0,0,0,0,0,0,0,0,0,0,0,0,0,0,0,0,0,0,3.24,0,0,0,0,0,0,0,0,0,2.15,0,0,0,0,0,0
2014-05-01,0,7.64,2.39,0,0,0,0,0,0,0,0,0,0,0,0,0,0,5.78,0,0,6.2,0,2.05,0,0,0,0,0,0,0,0,0,0,0,0,0,0,0,0,0,3.79,0,0,0,0,1.8,0,0,0,0,0,0,0,0,1.92,3.68,0,0,0,7.19,5.59,3.95,0,4.78,0,5.45,4.58,0,0,0,0,0,0,3.14,0,0,0,0,0,0,0,0,0,0,0,0,0,2.09,0,0,0,0,0,0,0,0,0,0,0,0,0,0,0,0,0,0,1.94,0,0,0,0,0,0,0,0,0,0,0,0,0,0,0,0,0,0,0,0,0,0,0,0,0,0,0,0,0,0,0,0,0,0,0,3.24,0,0,0,0,0,0,0,0,0,2.15,0,0,0,0,0,0
2014-06-01,0,7.64,2.39,0,0,0,0,0,0,0,0,0,0,0,0,0,0,5.78,0,0,6.2,0,2.05,0,0,0,0,0,0,0,0,0,0,0,0,0,0,0,0,0,3.79,0,0,0,0,1.8,0,0,0,0,0,0,0,0,1.92,3.68,0,0,0,7.19,5.59,3.95,0,4.78,0,5.45,4.58,0,0,0,0,0,0,3.14,0,0,0,0,0,0,0,0,0,0,0,0,0,2.09,0,0,0,0,0,0,0,0,0,0,0,0,0,0,0,0,0,0,1.94,0,0,0,0,0,0,0,0,0,0,0,0,0,0,0,0,0,0,0,0,0,0,0,0,0,0,0,0,0,0,0,0,0,0,0,3.24,0,0,0,0,0,0,0,0,0,2.15,0,0,0,0,0,0
2014-07-01,0,4.18,1.89,0,0,0,0,0,0,0,0,0,0,0,0,0,0,6.87,0,0,6.97,0,2.47,0,0,0,0,0,0,0,0,0,0,0,0,0,0,0,0,0,4.37,0,0,0,0,0,0,0,0,0,0,0,0,0,1.74,4.58,0,0,0,7.68,5.95,4.21,0,4.12,0,5.24,6.08,0,0,0,0,0,0,3.08,0,0,0,0,0,0,0,0,0,0,0,0,0,2.24,0,0,0,0,0,0,0,0,0,0,0,0,0,0,0,0,2.8,0,1.69,0,0,0,0,0,0,0,0,0,0,0,0,0,0,0,0,0,0,0,0,0,0,0,0,0,0,0,0,0,0,0,0,0,0,0,3.75,0,0,0,0,0,0,0,0,0,4.71,0,0,0,0,0,0
2014-08-01,0,4.18,1.89,0,0,0,0,0,0,0,0,0,0,0,0,0,0,6.87,0,0,6.97,0,2.47,0,0,0,0,0,0,0,0,0,0,0,0,0,0,0,0,0,4.37,0,0,0,0,0,0,0,0,0,0,0,0,0,1.74,4.58,0,0,0,7.68,5.95,4.21,0,4.12,0,5.24,6.08,0,0,0,0,0,0,3.08,0,0,0,0,0,0,0,0,0,0,0,0,0,2.24,0,0,0,0,0,0,0,0,0,0,0,0,0,0,0,0,2.8,0,1.69,0,0,0,0,0,0,0,0,0,0,0,0,0,0,0,0,0,0,0,0,0,0,0,0,0,0,0,0,0,0,0,0,0,0,0,3.75,0,0,0,0,0,0,0,0,0,4.71,0,0,0,0,0,0
2014-09-01,0,4.18,1.89,0,0,0,0,0,0,0,0,0,0,0,0,0,0,6.87,0,0,6.97,0,2.47,0,0,0,0,0,0,0,0,0,0,0,0,0,0,0,0,0,4.37,0,0,0,0,0,0,0,0,0,0,0,0,0,1.74,4.58,0,0,0,7.68,5.95,4.21,0,4.12,0,5.24,6.08,0,0,0,0,0,0,3.08,0,0,0,0,0,0,0,0,0,0,0,0,0,2.24,0,0,0,0,0,0,0,0,0,0,0,0,0,0,0,0,2.8,0,1.69,0,0,0,0,0,0,0,0,0,0,0,0,0,0,0,0,0,0,0,0,0,0,0,0,0,0,0,0,0,0,0,0,0,0,0,3.75,0,0,0,0,0,0,0,0,0,4.71,0,0,0,0,0,0
2014-10-01,0,5.81,0,0,0,0,0,0,0,0,0,0,0,0,0,0,0,8.99,0,0,0,1.41,0,0,0,0,0,0,0,0,0,0,0,0,0,0,0,0,0,0,3.94,0,0,0,0,0,0,0,0,0,0,0,0,0,0,0,0,0,0,12.75,6.55,4.88,0,7.28,0,0,9.15,0.96,0,0,0,0,0,3.47,0,0,0,0,0,0,0,0,0,0,0,0,0,2.88,0,0,0,0,0,0,0,0,0,0,0,0,0,0,0,0,4.47,0,2.53,0,0,0,0,0,0,0,0,0,0,0,0,0,0,0,0,0,0,0,0,0,0,0,0,0,0,0,1.15,1.27,0,0,0,0,0,0,8.19,0,0,0,0,0,0,0,0,0,8.19,0,0,0,0,0,0
2014-11-01,0,5.81,0,0,0,0,0,0,0,0,0,0,0,0,0,0,0,8.99,0,0,0,1.41,0,0,0,0,0,0,0,0,0,0,0,0,0,0,0,0,0,0,3.94,0,0,0,0,0,0,0,0,0,0,0,0,0,0,0,0,0,0,12.75,6.55,4.88,0,7.28,0,0,9.15,0.96,0,0,0,0,0,3.47,0,0,0,0,0,0,0,0,0,0,0,0,0,2.88,0,0,0,0,0,0,0,0,0,0,0,0,0,0,0,0,4.47,0,2.53,0,0,0,0,0,0,0,0,0,0,0,0,0,0,0,0,0,0,0,0,0,0,0,0,0,0,0,1.15,1.27,0,0,0,0,0,0,8.19,0,0,0,0,0,0,0,0,0,8.19,0,0,0,0,0,0
2014-12-01,0,5.81,0,0,0,0,0,0,0,0,0,0,0,0,0,0,0,8.99,0,0,0,1.41,0,0,0,0,0,0,0,0,0,0,0,0,0,0,0,0,0,0,3.94,0,0,0,0,0,0,0,0,0,0,0,0,0,0,0,0,0,0,12.75,6.55,4.88,0,7.28,0,0,9.15,0.96,0,0,0,0,0,3.47,0,0,0,0,0,0,0,0,0,0,0,0,0,2.88,0,0,0,0,0,0,0,0,0,0,0,0,0,0,0,0,4.47,0,2.53,0,0,0,0,0,0,0,0,0,0,0,0,0,0,0,0,0,0,0,0,0,0,0,0,0,0,0,1.15,1.27,0,0,0,0,0,0,8.19,0,0,0,0,0,0,0,0,0,8.19,0,0,0,0,0,0
2015-01-01,0,0,0,0,0,0,0,0,0,0,0,0,0,0,0,0,0,8.53,0,0,0,1.4,0,0,0,0,0,0,0,0,0,0,0,0,0,0,0,0,0,0,5,0,0,0,0,0,0,0,0,1.5,0,0,0,0,0,0,0,0,0,13.64,5.32,4.52,0,6.43,0,0,8.78,2.11,0,0,0,0,0,4.26,0,0,2.17,0,0,0,0,0,0,0,0,0,0,2.74,0,0,0,0,0,0,0,0,0,0,2.29,0,0,0,0,0,4.36,0,3.03,0,0,0,0,0,0,0,0,0,0,0,0,0,0,0,0,0,0,0,0,0,0,0,0,0,0,0,0,0,0,0,0,0,0,0,6.35,0,0,0,0,0,0,0,0,0,5.44,0,0,0,0,0,0
2015-02-01,0,0,0,0,0,0,0,0,0,0,0,0,0,0,0,0,0,8.53,0,0,0,1.4,0,0,0,0,0,0,0,0,0,0,0,0,0,0,0,0,0,0,5,0,0,0,0,0,0,0,0,1.5,0,0,0,0,0,0,0,0,0,13.64,5.32,4.52,0,6.43,0,0,8.78,2.11,0,0,0,0,0,4.26,0,0,2.17,0,0,0,0,0,0,0,0,0,0,2.74,0,0,0,0,0,0,0,0,0,0,2.29,0,0,0,0,0,4.36,0,3.03,0,0,0,0,0,0,0,0,0,0,0,0,0,0,0,0,0,0,0,0,0,0,0,0,0,0,0,0,0,0,0,0,0,0,0,6.35,0,0,0,0,0,0,0,0,0,5.44,0,0,0,0,0,0
2015-03-01,0,0,0,0,0,0,0,0,0,0,0,0,0,0,0,0,0,8.53,0,0,0,1.4,0,0,0,0,0,0,0,0,0,0,0,0,0,0,0,0,0,0,5,0,0,0,0,0,0,0,0,1.5,0,0,0,0,0,0,0,0,0,13.64,5.32,4.52,0,6.43,0,0,8.78,2.11,0,0,0,0,0,4.26,0,0,2.17,0,0,0,0,0,0,0,0,0,0,2.74,0,0,0,0,0,0,0,0,0,0,2.29,0,0,0,0,0,4.36,0,3.03,0,0,0,0,0,0,0,0,0,0,0,0,0,0,0,0,0,0,0,0,0,0,0,0,0,0,0,0,0,0,0,0,0,0,0,6.35,0,0,0,0,0,0,0,0,0,5.44,0,0,0,0,0,0
2015-04-01,0,0,7.83,0,0,0,0,0,0,0,0,0,0,0,2.77,0,0,6.55,0,0,0,1.49,0,0,0,0,0,0,0,0,0,0,0,0,0,0,0,0,0,0,4.35,0,0,0,0,0,0,0,0,1.75,0,0,0,0,0,0,0,0,0,15.54,4.51,0,0,7.47,0,0,9.41,2.19,0,0,0,0,0,4.42,0,0,2.55,0,0,0,0,0,0,0,0,0,0,1.56,0,0,0,0,0,0,0,0,0,0,0,0,1.67,0,0,0,4.05,0,3.68,0,0,0,0,0,0,0,0,0,0,0,0,0,0,0,0,0,0,0,0,0,0,0,0,0,0,0,0,1.36,0,0,0,0,0,0,1.99,0,0,0,0,0,0,0,0,0,4.76,0,0,0,0,0,0
2015-05-01,0,0,7.83,0,0,0,0,0,0,0,0,0,0,0,2.77,0,0,6.55,0,0,0,1.49,0,0,0,0,0,0,0,0,0,0,0,0,0,0,0,0,0,0,4.35,0,0,0,0,0,0,0,0,1.75,0,0,0,0,0,0,0,0,0,15.54,4.51,0,0,7.47,0,0,9.41,2.19,0,0,0,0,0,4.42,0,0,2.55,0,0,0,0,0,0,0,0,0,0,1.56,0,0,0,0,0,0,0,0,0,0,0,0,1.67,0,0,0,4.05,0,3.68,0,0,0,0,0,0,0,0,0,0,0,0,0,0,0,0,0,0,0,0,0,0,0,0,0,0,0,0,1.36,0,0,0,0,0,0,1.99,0,0,0,0,0,0,0,0,0,4.76,0,0,0,0,0,0
2015-06-01,0,0,7.83,0,0,0,0,0,0,0,0,0,0,0,2.77,0,0,6.55,0,0,0,1.49,0,0,0,0,0,0,0,0,0,0,0,0,0,0,0,0,0,0,4.35,0,0,0,0,0,0,0,0,1.75,0,0,0,0,0,0,0,0,0,15.54,4.51,0,0,7.47,0,0,9.41,2.19,0,0,0,0,0,4.42,0,0,2.55,0,0,0,0,0,0,0,0,0,0,1.56,0,0,0,0,0,0,0,0,0,0,0,0,1.67,0,0,0,4.05,0,3.68,0,0,0,0,0,0,0,0,0,0,0,0,0,0,0,0,0,0,0,0,0,0,0,0,0,0,0,0,1.36,0,0,0,0,0,0,1.99,0,0,0,0,0,0,0,0,0,4.76,0,0,0,0,0,0
2015-07-01,0,0,5.13,0,0,0,1.29,0,0,0,0,0,0,0,0,0,0,4.31,0,0,0,1.77,0,0,0,0,0,0,0,0,0,1.55,0,0,0,0,0,0,0,0,9.69,0,0,0,0,0,0,0,0,1.8,0,0,0,1.88,0,0,0,0,0,13.74,4.03,0,0,6.18,0,0,9.77,2.31,0,0,0,0,0,2.77,0,0,4.11,0,0,0,0,0,0,0,0,2.21,0,0,0,0,0,0,0,0,0,0,0,0,0,0,0,0,0,0,7.1,0,5,0,0,0,0,0,0,0,0,0,0,0,0,0,0,0,0,0,0,0,0,0,0,0,0,0,0,0,0,0,0,0,0,0,0,0,0,0,0,1.78,0,0,0,0,0,0,5.93,0,0,0,0,0,0
2015-08-01,0,0,5.13,0,0,0,1.29,0,0,0,0,0,0,0,0,0,0,4.31,0,0,0,1.77,0,0,0,0,0,0,0,0,0,1.55,0,0,0,0,0,0,0,0,9.69,0,0,0,0,0,0,0,0,1.8,0,0,0,1.88,0,0,0,0,0,13.74,4.03,0,0,6.18,0,0,9.77,2.31,0,0,0,0,0,2.77,0,0,4.11,0,0,0,0,0,0,0,0,2.21,0,0,0,0,0,0,0,0,0,0,0,0,0,0,0,0,0,0,7.1,0,5,0,0,0,0,0,0,0,0,0,0,0,0,0,0,0,0,0,0,0,0,0,0,0,0,0,0,0,0,0,0,0,0,0,0,0,0,0,0,1.78,0,0,0,0,0,0,5.93,0,0,0,0,0,0
2015-09-01,0,0,5.13,0,0,0,1.29,0,0,0,0,0,0,0,0,0,0,4.31,0,0,0,1.77,0,0,0,0,0,0,0,0,0,1.55,0,0,0,0,0,0,0,0,9.69,0,0,0,0,0,0,0,0,1.8,0,0,0,1.88,0,0,0,0,0,13.74,4.03,0,0,6.18,0,0,9.77,2.31,0,0,0,0,0,2.77,0,0,4.11,0,0,0,0,0,0,0,0,2.21,0,0,0,0,0,0,0,0,0,0,0,0,0,0,0,0,0,0,7.1,0,5,0,0,0,0,0,0,0,0,0,0,0,0,0,0,0,0,0,0,0,0,0,0,0,0,0,0,0,0,0,0,0,0,0,0,0,0,0,0,1.78,0,0,0,0,0,0,5.93,0,0,0,0,0,0
2015-10-01,0,0,3.08,0,0,0,4.19,0,0,0,0,0,2.81,0,0,0,0,3.24,0,0,0,0,0,0,0,0,0,0,0,0,0,0,0,0,0,0,0,0,0,0,8.58,0,0,0,0,0,0,0,0,0,0,0,4.01,0,0,0,0,0,0,9.89,9.4,0,0,1.62,0,0,7.09,2.22,0,0,0,0,0,2.11,0,0,0,0,0,0,0,3.26,0,0,0,4.27,0,0,0,0,0,0,0,0,0,0,0,0,0,0,0,0,0,0,1.56,0,3.65,0,0,0,0,0,0,0,1.8,0,0,1.72,0,0,0,0,0,0,0,0,0,0,0,0,0,0,2.21,0,0,0,0,0,0,0,0,0,0,0,0,0,0,0,0,0,0,0,5.48,0,0,0,0,0,0
2015-11-01,0,0,3.08,0,0,0,4.19,0,0,0,0,0,2.81,0,0,0,0,3.24,0,0,0,0,0,0,0,0,0,0,0,0,0,0,0,0,0,0,0,0,0,0,8.58,0,0,0,0,0,0,0,0,0,0,0,4.01,0,0,0,0,0,0,9.89,9.4,0,0,1.62,0,0,7.09,2.22,0,0,0,0,0,2.11,0,0,0,0,0,0,0,3.26,0,0,0,4.27,0,0,0,0,0,0,0,0,0,0,0,0,0,0,0,0,0,0,1.56,0,3.65,0,0,0,0,0,0,0,1.8,0,0,1.72,0,0,0,0,0,0,0,0,0,0,0,0,0,0,2.21,0,0,0,0,0,0,0,0,0,0,0,0,0,0,0,0,0,0,0,5.48,0,0,0,0,0,0
2015-12-01,0,0,3.08,0,0,0,4.19,0,0,0,0,0,2.81,0,0,0,0,3.24,0,0,0,0,0,0,0,0,0,0,0,0,0,0,0,0,0,0,0,0,0,0,8.58,0,0,0,0,0,0,0,0,0,0,0,4.01,0,0,0,0,0,0,9.89,9.4,0,0,1.62,0,0,7.09,2.22,0,0,0,0,0,2.11,0,0,0,0,0,0,0,3.26,0,0,0,4.27,0,0,0,0,0,0,0,0,0,0,0,0,0,0,0,0,0,0,1.56,0,3.65,0,0,0,0,0,0,0,1.8,0,0,1.72,0,0,0,0,0,0,0,0,0,0,0,0,0,0,2.21,0,0,0,0,0,0,0,0,0,0,0,0,0,0,0,0,0,0,0,5.48,0,0,0,0,0,0
2016-01-01,0,0,0,0,0,0,4.45,0,0,0,0,0,2.34,0,0,1.95,0,0,0,0,0,0,0,0,0,0,0,0,0,0,0,0,0,0,0,0,0,0,2.74,0,8.65,0,0,0,0,0,0,0,0,0,0,0,10.81,0,0,3.84,0,0,1.71,0,9.25,0,0,0,0,0,5.12,2.27,0,0,0,0,0,2.21,0,0,0,0,0,0,0,1.66,0,0,0,4.04,0,0,0,0,0,0,2.19,0,0,0,0,0,0,0,0,0,0,0,2.42,0,3.27,0,0,0,0,0,0,0,0,0,0,0,0,0,0,0,0,0,0,0,0,0,0,0,0,2.97,0,0,0,0,0,0,0,0,0,0,0,0,0,0,0,0,0,0,0,0,5.26,0,0,5.6,0,0,0
2016-02-01,0,0,0,0,0,0,4.45,0,0,0,0,0,2.34,0,0,1.95,0,0,0,0,0,0,0,0,0,0,0,0,0,0,0,0,0,0,0,0,0,0,2.74,0,8.65,0,0,0,0,0,0,0,0,0,0,0,10.81,0,0,3.84,0,0,1.71,0,9.25,0,0,0,0,0,5.12,2.27,0,0,0,0,0,2.21,0,0,0,0,0,0,0,1.66,0,0,0,4.04,0,0,0,0,0,0,2.19,0,0,0,0,0,0,0,0,0,0,0,2.42,0,3.27,0,0,0,0,0,0,0,0,0,0,0,0,0,0,0,0,0,0,0,0,0,0,0,0,2.97,0,0,0,0,0,0,0,0,0,0,0,0,0,0,0,0,0,0,0,0,5.26,0,0,5.6,0,0,0
2016-03-01,0,0,0,0,0,0,4.45,0,0,0,0,0,2.34,0,0,1.95,0,0,0,0,0,0,0,0,0,0,0,0,0,0,0,0,0,0,0,0,0,0,2.74,0,8.65,0,0,0,0,0,0,0,0,0,0,0,10.81,0,0,3.84,0,0,1.71,0,9.25,0,0,0,0,0,5.12,2.27,0,0,0,0,0,2.21,0,0,0,0,0,0,0,1.66,0,0,0,4.04,0,0,0,0,0,0,2.19,0,0,0,0,0,0,0,0,0,0,0,2.42,0,3.27,0,0,0,0,0,0,0,0,0,0,0,0,0,0,0,0,0,0,0,0,0,0,0,0,2.97,0,0,0,0,0,0,0,0,0,0,0,0,0,0,0,0,0,0,0,0,5.26,0,0,5.6,0,0,0
2016-04-01,0,0,0,0,7.79,0,6.24,0,0,0,0,0,3.13,0,0,0,0,0,0,0,0,0,0,0,0,0,0,0,0,0,0,0,0,0,0,0,0,0,2.02,0,0,0,0,0,0,0,0,0,0,0,0,0,11.63,0,0,0,0,0,2.37,0,11.67,0,0,0,1.71,0,2.51,2.57,0,0,0,0,0,2.42,0,0,0,0,0,0,0,0,0,0,0,3.65,0,0,0,0,0,0,3.86,0,0,0,0,0,0,0,0,0,0,0,2.93,0,4.6,0,0,0,0,0,0,0,0,0,0,0,0,0,0,0,0,0,0,0,0,0,0,0,0,4.1,2.54,0,0,0,0,0,0,0,0,0,0,0,0,0,0,0,0,0,1.83,0,5.82,0,0,8.59,0,0,0
2016-05-01,0,0,0,0,7.79,0,6.24,0,0,0,0,0,3.13,0,0,0,0,0,0,0,0,0,0,0,0,0,0,0,0,0,0,0,0,0,0,0,0,0,2.02,0,0,0,0,0,0,0,0,0,0,0,0,0,11.63,0,0,0,0,0,2.37,0,11.67,0,0,0,1.71,0,2.51,2.57,0,0,0,0,0,2.42,0,0,0,0,0,0,0,0,0,0,0,3.65,0,0,0,0,0,0,3.86,0,0,0,0,0,0,0,0,0,0,0,2.93,0,4.6,0,0,0,0,0,0,0,0,0,0,0,0,0,0,0,0,0,0,0,0,0,0,0,0,4.1,2.54,0,0,0,0,0,0,0,0,0,0,0,0,0,0,0,0,0,1.83,0,5.82,0,0,8.59,0,0,0
2016-06-01,0,0,0,0,7.79,0,6.24,0,0,0,0,0,3.13,0,0,0,0,0,0,0,0,0,0,0,0,0,0,0,0,0,0,0,0,0,0,0,0,0,2.02,0,0,0,0,0,0,0,0,0,0,0,0,0,11.63,0,0,0,0,0,2.37,0,11.67,0,0,0,1.71,0,2.51,2.57,0,0,0,0,0,2.42,0,0,0,0,0,0,0,0,0,0,0,3.65,0,0,0,0,0,0,3.86,0,0,0,0,0,0,0,0,0,0,0,2.93,0,4.6,0,0,0,0,0,0,0,0,0,0,0,0,0,0,0,0,0,0,0,0,0,0,0,0,4.1,2.54,0,0,0,0,0,0,0,0,0,0,0,0,0,0,0,0,0,1.83,0,5.82,0,0,8.59,0,0,0
2016-07-01,0,0,2.38,0,7.39,0,5.68,0,0,0,0,0,3.01,0,0,0,0,0,0,0,0,0,0,0,0,0,0,0,0,0,0,0,0,0,0,0,0,0,0,0,0,0,0,0,0,0,0,0,0,0,0,0,11.32,0,0,5.01,0,0,0,0,9.66,0,0,0,0,0,2.46,2.38,0,0,0,0,0,2.72,0,0,0,0,0,0,0,2.22,0,0,0,0,0,0,0,0,0,0,3.05,0,0,0,0,0,0,0,0,0,0,0,0,0,4.15,0,0,0,0,0,0,0,0,0,0,0,0,0,0,0,0,0,0,0,0,0,0,0,0,3.07,3.19,0,0,0,0,0,0,1.77,0,0,0,0,0,0,0,0,0,0,1.77,0,4.95,0,0,9.08,0,0,0
2016-08-01,0,0,2.38,0,7.39,0,5.68,0,0,0,0,0,3.01,0,0,0,0,0,0,0,0,0,0,0,0,0,0,0,0,0,0,0,0,0,0,0,0,0,0,0,0,0,0,0,0,0,0,0,0,0,0,0,11.32,0,0,5.01,0,0,0,0,9.66,0,0,0,0,0,2.46,2.38,0,0,0,0,0,2.72,0,0,0,0,0,0,0,2.22,0,0,0,0,0,0,0,0,0,0,3.05,0,0,0,0,0,0,0,0,0,0,0,0,0,4.15,0,0,0,0,0,0,0,0,0,0,0,0,0,0,0,0,0,0,0,0,0,0,0,0,3.07,3.19,0,0,0,0,0,0,1.77,0,0,0,0,0,0,0,0,0,0,1.77,0,4.95,0,0,9.08,0,0,0
2016-09-01,0,0,2.38,0,7.39,0,5.68,0,0,0,0,0,3.01,0,0,0,0,0,0,0,0,0,0,0,0,0,0,0,0,0,0,0,0,0,0,0,0,0,0,0,0,0,0,0,0,0,0,0,0,0,0,0,11.32,0,0,5.01,0,0,0,0,9.66,0,0,0,0,0,2.46,2.38,0,0,0,0,0,2.72,0,0,0,0,0,0,0,2.22,0,0,0,0,0,0,0,0,0,0,3.05,0,0,0,0,0,0,0,0,0,0,0,0,0,4.15,0,0,0,0,0,0,0,0,0,0,0,0,0,0,0,0,0,0,0,0,0,0,0,0,3.07,3.19,0,0,0,0,0,0,1.77,0,0,0,0,0,0,0,0,0,0,1.77,0,4.95,0,0,9.08,0,0,0
2016-10-01,0,0,0,0,16.72,0,3.59,0,0,0,0,0,2.1,0,0,0,0,0,0,0,0,0,0,0,0,1.88,0,0,0,0,0,0,0,0,0,0,0,0,0,0,0,0,0,0,0,0,0,0,0,0,0,0,8,0,0,4.69,0,0,0,0,6.97,0,0,0,0,0,1.58,0,0,0,0,0,0,2.04,0,0,0,0,0,0,0,0,0,0,0,0,0,0,0,0,0,0,2.36,0,0,0,0,0,0,0,2.33,0,0,0,0,0,2.62,0,0,0,0,0,0,0,2.92,0,4.26,0,0,1.71,0,0,1.97,0,0,0,0,0,0,0,0,0,2.08,3.42,0,0,0,0,0,0,0,0,0,0,0,0,0,0,0,0,0,0,1.93,0,0,6.74,0,0,0
2016-11-01,0,0,0,0,16.72,0,3.59,0,0,0,0,0,2.1,0,0,0,0,0,0,0,0,0,0,0,0,1.88,0,0,0,0,0,0,0,0,0,0,0,0,0,0,0,0,0,0,0,0,0,0,0,0,0,0,8,0,0,4.69,0,0,0,0,6.97,0,0,0,0,0,1.58,0,0,0,0,0,0,2.04,0,0,0,0,0,0,0,0,0,0,0,0,0,0,0,0,0,0,2.36,0,0,0,0,0,0,0,2.33,0,0,0,0,0,2.62,0,0,0,0,0,0,0,2.92,0,4.26,0,0,1.71,0,0,1.97,0,0,0,0,0,0,0,0,0,2.08,3.42,0,0,0,0,0,0,0,0,0,0,0,0,0,0,0,0,0,0,1.93,0,0,6.74,0,0,0
2016-12-01,0,0,0,0,16.72,0,3.59,0,0,0,0,0,2.1,0,0,0,0,0,0,0,0,0,0,0,0,1.88,0,0,0,0,0,0,0,0,0,0,0,0,0,0,0,0,0,0,0,0,0,0,0,0,0,0,8,0,0,4.69,0,0,0,0,6.97,0,0,0,0,0,1.58,0,0,0,0,0,0,2.04,0,0,0,0,0,0,0,0,0,0,0,0,0,0,0,0,0,0,2.36,0,0,0,0,0,0,0,2.33,0,0,0,0,0,2.62,0,0,0,0,0,0,0,2.92,0,4.26,0,0,1.71,0,0,1.97,0,0,0,0,0,0,0,0,0,2.08,3.42,0,0,0,0,0,0,0,0,0,0,0,0,0,0,0,0,0,0,1.93,0,0,6.74,0,0,0
2017-01-01,0,0,0,0,12.3,0,2.65,0,0,0,0,0,1.91,0,0,3.63,0,0,0,0,0,0,0,0,0,0,0,0,0,0,0,0,0,0,0,0,0,0,0,0,0,0,0,0,0,0,0,0,0,0,0,0,7.65,0,0,4.75,0,0,0,3.21,6.9,0,0,0,0,0,0,0,0,0,0,0,0,2.39,0,0,0,0,0,0,0,2.01,0,0,0,2.91,0,0,0,0,0,0,2.27,0,0,0,0,0,3.39,0,0,0,0,0,0,0,2.81,0,0,0,0,0,0,0,1.81,0,4.11,0,0,0,0,0,2.24,0,0,0,0,0,0,0,0,0,1.89,0,0,0,0,0,0,0,0,0,0,0,0,0,0,0,0,0,1.88,0,0,0,0,7.13,0,0,0
2017-02-01,0,0,0,0,12.3,0,2.65,0,0,0,0,0,1.91,0,0,3.63,0,0,0,0,0,0,0,0,0,0,0,0,0,0,0,0,0,0,0,0,0,0,0,0,0,0,0,0,0,0,0,0,0,0,0,0,7.65,0,0,4.75,0,0,0,3.21,6.9,0,0,0,0,0,0,0,0,0,0,0,0,2.39,0,0,0,0,0,0,0,2.01,0,0,0,2.91,0,0,0,0,0,0,2.27,0,0,0,0,0,3.39,0,0,0,0,0,0,0,2.81,0,0,0,0,0,0,0,1.81,0,4.11,0,0,0,0,0,2.24,0,0,0,0,0,0,0,0,0,1.89,0,0,0,0,0,0,0,0,0,0,0,0,0,0,0,0,0,1.88,0,0,0,0,7.13,0,0,0
2017-03-01,0,0,0,0,12.3,0,2.65,0,0,0,0,0,1.91,0,0,3.63,0,0,0,0,0,0,0,0,0,0,0,0,0,0,0,0,0,0,0,0,0,0,0,0,0,0,0,0,0,0,0,0,0,0,0,0,7.65,0,0,4.75,0,0,0,3.21,6.9,0,0,0,0,0,0,0,0,0,0,0,0,2.39,0,0,0,0,0,0,0,2.01,0,0,0,2.91,0,0,0,0,0,0,2.27,0,0,0,0,0,3.39,0,0,0,0,0,0,0,2.81,0,0,0,0,0,0,0,1.81,0,4.11,0,0,0,0,0,2.24,0,0,0,0,0,0,0,0,0,1.89,0,0,0,0,0,0,0,0,0,0,0,0,0,0,0,0,0,1.88,0,0,0,0,7.13,0,0,0
2017-04-01,4.4,0,1.42,0,9.6,0,2.37,0,0,0,0,0,1.58,0,8.19,3.35,0,0,0,0,0,0,0,0,0,0,0,0,0,0,0,0,0,0,0,0,0,0,0,0,0,0,0,0,0,0,0,0,0,0,0,0,4.76,0,0,5.6,0,0,0,0,8.36,0,0,0,0,0,0,0,0,0,0,0,0,2.18,0,0,0,0,0,0,0,0,0,0,0,0,0,0,0,0,0,0,1.76,0,0,0,0,0,6.06,0,0,0,0,0,0,0,2.63,0,0,0,0,0,0,0,0,0,3.5,0,0,0,0,0,0,0,0,0,0,0,0,0,0,0,1.64,0,0,0,0,0,0,0,0,0,0,0,1.36,2.05,0,0,0,0,3.58,0,0,0,0,5.8,0,0,0
2017-05-01,4.4,0,1.42,0,9.6,0,2.37,0,0,0,0,0,1.58,0,8.19,3.35,0,0,0,0,0,0,0,0,0,0,0,0,0,0,0,0,0,0,0,0,0,0,0,0,0,0,0,0,0,0,0,0,0,0,0,0,4.76,0,0,5.6,0,0,0,0,8.36,0,0,0,0,0,0,0,0,0,0,0,0,2.18,0,0,0,0,0,0,0,0,0,0,0,0,0,0,0,0,0,0,1.76,0,0,0,0,0,6.06,0,0,0,0,0,0,0,2.63,0,0,0,0,0,0,0,0,0,3.5,0,0,0,0,0,0,0,0,0,0,0,0,0,0,0,1.64,0,0,0,0,0,0,0,0,0,0,0,1.36,2.05,0,0,0,0,3.58,0,0,0,0,5.8,0,0,0
2017-06-01,4.4,0,1.42,0,9.6,0,2.37,0,0,0,0,0,1.58,0,8.19,3.35,0,0,0,0,0,0,0,0,0,0,0,0,0,0,0,0,0,0,0,0,0,0,0,0,0,0,0,0,0,0,0,0,0,0,0,0,4.76,0,0,5.6,0,0,0,0,8.36,0,0,0,0,0,0,0,0,0,0,0,0,2.18,0,0,0,0,0,0,0,0,0,0,0,0,0,0,0,0,0,0,1.76,0,0,0,0,0,6.06,0,0,0,0,0,0,0,2.63,0,0,0,0,0,0,0,0,0,3.5,0,0,0,0,0,0,0,0,0,0,0,0,0,0,0,1.64,0,0,0,0,0,0,0,0,0,0,0,1.36,2.05,0,0,0,0,3.58,0,0,0,0,5.8,0,0,0
2017-07-01,4.64,0,3.14,0,5.79,0,2.02,2.47,0,0,0,0,0,0,9.21,2.4,0,0,0,0,0,0,0,0,0,0,0,0,0,0,0,0,0,0,0,0,0,0,0,0,0,0,0,0,0,0,0,0,0,0,0,0,3.27,0,0,8.44,0,0,0,0,8.15,0,0,0,0,0,0,0,0,0,0,0,0,2.11,0,0,0,0,0,0,0,0,0,0,0,0,0,0,0,0,0,0,0,0,0,0,0,0,10.04,0,0,0,0,3.23,0,0,2.47,0,0,0,0,0,0,0,0,0,1.86,0,0,0,0,0,0,0,0,0,0,0,0,0,0,0,1.69,0,0,0,0,0,0,0,0,0,0,0,1.96,1.93,0,0,0,0,3.33,0,0,0,0,4.33,0,0,0
2017-08-01,4.64,0,3.14,0,5.79,0,2.02,2.47,0,0,0,0,0,0,9.21,2.4,0,0,0,0,0,0,0,0,0,0,0,0,0,0,0,0,0,0,0,0,0,0,0,0,0,0,0,0,0,0,0,0,0,0,0,0,3.27,0,0,8.44,0,0,0,0,8.15,0,0,0,0,0,0,0,0,0,0,0,0,2.11,0,0,0,0,0,0,0,0,0,0,0,0,0,0,0,0,0,0,0,0,0,0,0,0,10.04,0,0,0,0,3.23,0,0,2.47,0,0,0,0,0,0,0,0,0,1.86,0,0,0,0,0,0,0,0,0,0,0,0,0,0,0,1.69,0,0,0,0,0,0,0,0,0,0,0,1.96,1.93,0,0,0,0,3.33,0,0,0,0,4.33,0,0,0
2017-09-01,4.64,0,3.14,0,5.79,0,2.02,2.47,0,0,0,0,0,0,9.21,2.4,0,0,0,0,0,0,0,0,0,0,0,0,0,0,0,0,0,0,0,0,0,0,0,0,0,0,0,0,0,0,0,0,0,0,0,0,3.27,0,0,8.44,0,0,0,0,8.15,0,0,0,0,0,0,0,0,0,0,0,0,2.11,0,0,0,0,0,0,0,0,0,0,0,0,0,0,0,0,0,0,0,0,0,0,0,0,10.04,0,0,0,0,3.23,0,0,2.47,0,0,0,0,0,0,0,0,0,1.86,0,0,0,0,0,0,0,0,0,0,0,0,0,0,0,1.69,0,0,0,0,0,0,0,0,0,0,0,1.96,1.93,0,0,0,0,3.33,0,0,0,0,4.33,0,0,0
2017-10-01,7.08,0,8.87,0,6.48,0,0,2.68,0,0,0,0,0,0,8.51,5.79,0,0,1.36,0,0,0,0,0,0,0,0,0,0,0,0,0,0,0,0,0,0,0,0,0,0,0,0,0,0,0,0,0,0,0,0,0,2.67,0,0,11.15,0,0,0,0,4.25,0,0,0,0,0,0,0,0,0,0,0,0,1,0,0,0,0,0,0,0,0,0,0,0,0,0,0,0,0,0,0,0,0,0,0,0,0,12.93,0,0,0,0,3.18,0,0,1.04,0,0,0,0,0,0,0,0,0,0,0,0,0,0,0,0,0,0,0,0,0,0,0,0,0,0,0,0,0,0,1.24,2.8,0,0,0,0,0,1.49,1.5,0,0,0,0,0,0,0,0,0,1.65,0,0,2.31
2017-11-01,7.08,0,8.87,0,6.48,0,0,2.68,0,0,0,0,0,0,8.51,5.79,0,0,1.36,0,0,0,0,0,0,0,0,0,0,0,0,0,0,0,0,0,0,0,0,0,0,0,0,0,0,0,0,0,0,0,0,0,2.67,0,0,11.15,0,0,0,0,4.25,0,0,0,0,0,0,0,0,0,0,0,0,1,0,0,0,0,0,0,0,0,0,0,0,0,0,0,0,0,0,0,0,0,0,0,0,0,12.93,0,0,0,0,3.18,0,0,1.04,0,0,0,0,0,0,0,0,0,0,0,0,0,0,0,0,0,0,0,0,0,0,0,0,0,0,0,0,0,0,1.24,2.8,0,0,0,0,0,1.49,1.5,0,0,0,0,0,0,0,0,0,1.65,0,0,2.31
2017-12-01,7.08,0,8.87,0,6.48,0,0,2.68,0,0,0,0,0,0,8.51,5.79,0,0,1.36,0,0,0,0,0,0,0,0,0,0,0,0,0,0,0,0,0,0,0,0,0,0,0,0,0,0,0,0,0,0,0,0,0,2.67,0,0,11.15,0,0,0,0,4.25,0,0,0,0,0,0,0,0,0,0,0,0,1,0,0,0,0,0,0,0,0,0,0,0,0,0,0,0,0,0,0,0,0,0,0,0,0,12.93,0,0,0,0,3.18,0,0,1.04,0,0,0,0,0,0,0,0,0,0,0,0,0,0,0,0,0,0,0,0,0,0,0,0,0,0,0,0,0,0,1.24,2.8,0,0,0,0,0,1.49,1.5,0,0,0,0,0,0,0,0,0,1.65,0,0,2.31
2018-01-01,6.37,0,0,0,6.68,0,0,2.32,0,0,0,0,0,0,7.98,3.53,0,0,0,0,0,0,0,0,0,0,0,0,1.4,0,0,0,0,0,0,0,0,0,0,1.53,0,0,0,0,1.22,0,0,0,0,0,0,0,0,0,0,10.65,0,0,0,0,4.49,0,0,0,0,0,0,0,0,0,0,0,0,0,0,0,0,0,0,0,0,0,0,0,2.82,0,0,0,0,0,0,1.53,0,0,0,0,0,0,19.81,0,0,0,0,2.21,0,0,0,0,0,0,0,0,0,0,0,0,0,0,0,0,0,0,0,0,0,0,0,0,0,0,0,0,0,0,0,0,0,1.32,2.72,0,0,0,0,1.31,1.62,0,0,0,0,0,0,1.65,0,0,0,0,0,0,2.33
2018-02-01,6.37,0,0,0,6.68,0,0,2.32,0,0,0,0,0,0,7.98,3.53,0,0,0,0,0,0,0,0,0,0,0,0,1.4,0,0,0,0,0,0,0,0,0,0,1.53,0,0,0,0,1.22,0,0,0,0,0,0,0,0,0,0,10.65,0,0,0,0,4.49,0,0,0,0,0,0,0,0,0,0,0,0,0,0,0,0,0,0,0,0,0,0,0,2.82,0,0,0,0,0,0,1.53,0,0,0,0,0,0,19.81,0,0,0,0,2.21,0,0,0,0,0,0,0,0,0,0,0,0,0,0,0,0,0,0,0,0,0,0,0,0,0,0,0,0,0,0,0,0,0,1.32,2.72,0,0,0,0,1.31,1.62,0,0,0,0,0,0,1.65,0,0,0,0,0,0,2.33
2018-03-01,6.37,0,0,0,6.68,0,0,2.32,0,0,0,0,0,0,7.98,3.53,0,0,0,0,0,0,0,0,0,0,0,0,1.4,0,0,0,0,0,0,0,0,0,0,1.53,0,0,0,0,1.22,0,0,0,0,0,0,0,0,0,0,10.65,0,0,0,0,4.49,0,0,0,0,0,0,0,0,0,0,0,0,0,0,0,0,0,0,0,0,0,0,0,2.82,0,0,0,0,0,0,1.53,0,0,0,0,0,0,19.81,0,0,0,0,2.21,0,0,0,0,0,0,0,0,0,0,0,0,0,0,0,0,0,0,0,0,0,0,0,0,0,0,0,0,0,0,0,0,0,1.32,2.72,0,0,0,0,1.31,1.62,0,0,0,0,0,0,1.65,0,0,0,0,0,0,2.33
2018-04-01,5.43,0,0,0,6.54,0,0,1.46,0,0,0,0,0,0,5.67,2.36,0,0,0,0,0,0,0,0,0,0,0,0,1.46,0,0,0,0,0,0,0,0,0,0,1.95,0,0,0,0,1.05,0,0,0,0,0,0,0,2.41,0,0,11.4,0,0,0,0,4.27,0,0,0,0,0,0,0,0,0,0,0,0,0,0,0,0,0,0,1.21,0,0,0,0,2.76,0,0,0,0,0,0,0,0,0,0,0,0,0,24.58,0,0,0,0,0,0,0,0,0,0,0,0,0,0,0,0,0,0,0,0,0,0,0,0,0,0,0,0,0,0,0,0,0,0,0,0,0,0,1.4,2.76,0,0,0,0,1.22,1.5,0,0,0,0,0,0,2.09,0,0,0,0,0,0,1.91
2018-05-01,5.43,0,0,0,6.54,0,0,1.46,0,0,0,0,0,0,5.67,2.36,0,0,0,0,0,0,0,0,0,0,0,0,1.46,0,0,0,0,0,0,0,0,0,0,1.95,0,0,0,0,1.05,0,0,0,0,0,0,0,2.41,0,0,11.4,0,0,0,0,4.27,0,0,0,0,0,0,0,0,0,0,0,0,0,0,0,0,0,0,1.21,0,0,0,0,2.76,0,0,0,0,0,0,0,0,0,0,0,0,0,24.58,0,0,0,0,0,0,0,0,0,0,0,0,0,0,0,0,0,0,0,0,0,0,0,0,0,0,0,0,0,0,0,0,0,0,0,0,0,0,1.4,2.76,0,0,0,0,1.22,1.5,0,0,0,0,0,0,2.09,0,0,0,0,0,0,1.91
2018-06-01,5.43,0,0,0,6.54,0,0,1.46,0,0,0,0,0,0,5.67,2.36,0,0,0,0,0,0,0,0,0,0,0,0,1.46,0,0,0,0,0,0,0,0,0,0,1.95,0,0,0,0,1.05,0,0,0,0,0,0,0,2.41,0,0,11.4,0,0,0,0,4.27,0,0,0,0,0,0,0,0,0,0,0,0,0,0,0,0,0,0,1.21,0,0,0,0,2.76,0,0,0,0,0,0,0,0,0,0,0,0,0,24.58,0,0,0,0,0,0,0,0,0,0,0,0,0,0,0,0,0,0,0,0,0,0,0,0,0,0,0,0,0,0,0,0,0,0,0,0,0,0,1.4,2.76,0,0,0,0,1.22,1.5,0,0,0,0,0,0,2.09,0,0,0,0,0,0,1.91
2018-07-01,4.11,0,0,0,6.77,0,0,0,0,0,0,0,1.23,0,4.41,1.78,0,0,0,0,0,0,0,0,0,0,0,0,1.52,0,0,1.56,0,0,0,0,0,0,0,2.65,0,0,0,0,1.45,0,0,0,0,0,0,0,2.88,0,0,9.68,0,0,0,0,4.26,0,0,0,0,0,0,0,0,0,0,0,0,0,0,0,0,0,0,0,0,0,0,0,3.18,0,0,0,0,0,0,0,0,0,0,0,0,0,29.03,0,0,0,0,1.75,0,0,0,0,0,0,3.27,0,0,0,0,0,0,0,0,0,0,0,0,0,0,0,0,0,0,0,1.77,0,0,0,0,0,0,0,3.37,0,0,0,0,0,1.65,0,0,0,0,0,0,0,0,0,0,0,0,0,2.75
2018-08-01,4.11,0,0,0,6.77,0,0,0,0,0,0,0,1.23,0,4.41,1.78,0,0,0,0,0,0,0,0,0,0,0,0,1.52,0,0,1.56,0,0,0,0,0,0,0,2.65,0,0,0,0,1.45,0,0,0,0,0,0,0,2.88,0,0,9.68,0,0,0,0,4.26,0,0,0,0,0,0,0,0,0,0,0,0,0,0,0,0,0,0,0,0,0,0,0,3.18,0,0,0,0,0,0,0,0,0,0,0,0,0,29.03,0,0,0,0,1.75,0,0,0,0,0,0,3.27,0,0,0,0,0,0,0,0,0,0,0,0,0,0,0,0,0,0,0,1.77,0,0,0,0,0,0,0,3.37,0,0,0,0,0,1.65,0,0,0,0,0,0,0,0,0,0,0,0,0,2.75
2018-09-01,4.11,0,0,0,6.77,0,0,0,0,0,0,0,1.23,0,4.41,1.78,0,0,0,0,0,0,0,0,0,0,0,0,1.52,0,0,1.56,0,0,0,0,0,0,0,2.65,0,0,0,0,1.45,0,0,0,0,0,0,0,2.88,0,0,9.68,0,0,0,0,4.26,0,0,0,0,0,0,0,0,0,0,0,0,0,0,0,0,0,0,0,0,0,0,0,3.18,0,0,0,0,0,0,0,0,0,0,0,0,0,29.03,0,0,0,0,1.75,0,0,0,0,0,0,3.27,0,0,0,0,0,0,0,0,0,0,0,0,0,0,0,0,0,0,0,1.77,0,0,0,0,0,0,0,3.37,0,0,0,0,0,1.65,0,0,0,0,0,0,0,0,0,0,0,0,0,2.75
2018-10-01,7.04,0,0,0,7.96,0,2.6,0,0,0,0,0,3.04,0,0,0,0,0,0,0,0,0,0,0,0,0,0,0,0,0,0,2.48,0,0,0,0,0,0,0,4.67,0,0,0,0,0,0,0,0,0,0,5.28,0,0,0,0,9.68,0,0,0,0,7.81,0,0,0,0,0,0,0,0,0,0,0,0,0,0,0,0,0,0,0,0,0,0.34,1.8,0,0,0,0,0,0,0,0,0,0,0,0,0,0,26.3,0,0,0,0,0.95,0,0,0,0,0,0,7.95,0,0,0,0,0,0,0,0,0,0,0,0,0,0,0,0,0,0,0,0,0,1.56,0,0,0,0,0,3.42,0,0,0,0,0,3.23,0,0,0,3,0,0,0.72,0,0,0,0,0,0,0
2018-11-01,7.04,0,0,0,7.96,0,2.6,0,0,0,0,0,3.04,0,0,0,0,0,0,0,0,0,0,0,0,0,0,0,0,0,0,2.48,0,0,0,0,0,0,0,4.67,0,0,0,0,0,0,0,0,0,0,5.28,0,0,0,0,9.68,0,0,0,0,7.81,0,0,0,0,0,0,0,0,0,0,0,0,0,0,0,0,0,0,0,0,0,0.34,1.8,0,0,0,0,0,0,0,0,0,0,0,0,0,0,26.3,0,0,0,0,0.95,0,0,0,0,0,0,7.95,0,0,0,0,0,0,0,0,0,0,0,0,0,0,0,0,0,0,0,0,0,1.56,0,0,0,0,0,3.42,0,0,0,0,0,3.23,0,0,0,3,0,0,0.72,0,0,0,0,0,0,0
2018-12-01,7.04,0,0,0,7.96,0,2.6,0,0,0,0,0,3.04,0,0,0,0,0,0,0,0,0,0,0,0,0,0,0,0,0,0,2.48,0,0,0,0,0,0,0,4.67,0,0,0,0,0,0,0,0,0,0,5.28,0,0,0,0,9.68,0,0,0,0,7.81,0,0,0,0,0,0,0,0,0,0,0,0,0,0,0,0,0,0,0,0,0,0.34,1.8,0,0,0,0,0,0,0,0,0,0,0,0,0,0,26.3,0,0,0,0,0.95,0,0,0,0,0,0,7.95,0,0,0,0,0,0,0,0,0,0,0,0,0,0,0,0,0,0,0,0,0,1.56,0,0,0,0,0,3.42,0,0,0,0,0,3.23,0,0,0,3,0,0,0.72,0,0,0,0,0,0,0
2019-01-01,5.26,0,0,0.81,13.86,0,0,0,0,8.88,0,0,0,0,3.86,0,0,0,0,0,0,0,0,0,0,0,0,0,0,0,0,0.76,0,0.96,0,0,0,0.5,0,3.61,0,0,0,0,0,0,0,0,0,0,0,0,3.11,0,0,10.07,0,0,0,0,5.14,0,0,0,0,0,0,0,0,0,0,0,0,0,0,0,0,0,0,0,0,0,0,1.21,0,0,0,0,0,0,0,0,0,0,0,0,0,0,24.04,0,0,0,0,0,0,0,0,0,0,0,12.42,0,0,0,0,0,0,0,0,0,0,0,0,0,0,0,0,0,0,0,0,0,0,0,0,0,0,0,1.88,0,0,0,0,0,1.87,0,0,0,1.78,0,0,0,0,0,0,0,0,0,0
2019-02-01,5.26,0,0,0.81,13.86,0,0,0,0,8.88,0,0,0,0,3.86,0,0,0,0,0,0,0,0,0,0,0,0,0,0,0,0,0.76,0,0.96,0,0,0,0.5,0,3.61,0,0,0,0,0,0,0,0,0,0,0,0,3.11,0,0,10.07,0,0,0,0,5.14,0,0,0,0,0,0,0,0,0,0,0,0,0,0,0,0,0,0,0,0,0,0,1.21,0,0,0,0,0,0,0,0,0,0,0,0,0,0,24.04,0,0,0,0,0,0,0,0,0,0,0,12.42,0,0,0,0,0,0,0,0,0,0,0,0,0,0,0,0,0,0,0,0,0,0,0,0,0,0,0,1.88,0,0,0,0,0,1.87,0,0,0,1.78,0,0,0,0,0,0,0,0,0,0
2019-03-01,5.26,0,0,0.81,13.86,0,0,0,0,8.88,0,0,0,0,3.86,0,0,0,0,0,0,0,0,0,0,0,0,0,0,0,0,0.76,0,0.96,0,0,0,0.5,0,3.61,0,0,0,0,0,0,0,0,0,0,0,0,3.11,0,0,10.07,0,0,0,0,5.14,0,0,0,0,0,0,0,0,0,0,0,0,0,0,0,0,0,0,0,0,0,0,1.21,0,0,0,0,0,0,0,0,0,0,0,0,0,0,24.04,0,0,0,0,0,0,0,0,0,0,0,12.42,0,0,0,0,0,0,0,0,0,0,0,0,0,0,0,0,0,0,0,0,0,0,0,0,0,0,0,1.88,0,0,0,0,0,1.87,0,0,0,1.78,0,0,0,0,0,0,0,0,0,0
2019-04-01,3.25,0,0,1.47,9.67,0,0,0,0,15.62,0,0,0,0,0,0,0,0,0,0,0,0,0,0,0,0,0,0,0.3,0,0,0.46,0,3.38,0,0,0,0,0,5.9,0,0,0,0,0,0,0,0,0,0,3.67,0,0,0,0,15.92,0,0,0,0,10.36,0,0,0,0,0,0,0,0,0,0,0,1.13,0,0.51,0,0,0,0,0,0,0,0,1.25,0,0,0,0,0,0,0,0,0,0,0,0,0,0,1.55,0,0,0,0,0,0,0,0,0,0,0,17.19,0,0,0,0,0,0,0,0,0,0,0,0,0,0,0,0,0,0,0,0,0,0,0,0,0,0,0,2.31,0,0,0,0,0,3.64,0,0,0,1.74,0,0,0,0,0,0,0,0,0,0
2019-05-01,3.25,0,0,1.47,9.67,0,0,0,0,15.62,0,0,0,0,0,0,0,0,0,0,0,0,0,0,0,0,0,0,0.3,0,0,0.46,0,3.38,0,0,0,0,0,5.9,0,0,0,0,0,0,0,0,0,0,3.67,0,0,0,0,15.92,0,0,0,0,10.36,0,0,0,0,0,0,0,0,0,0,0,1.13,0,0.51,0,0,0,0,0,0,0,0,1.25,0,0,0,0,0,0,0,0,0,0,0,0,0,0,1.55,0,0,0,0,0,0,0,0,0,0,0,17.19,0,0,0,0,0,0,0,0,0,0,0,0,0,0,0,0,0,0,0,0,0,0,0,0,0,0,0,2.31,0,0,0,0,0,3.64,0,0,0,1.74,0,0,0,0,0,0,0,0,0,0
2019-06-01,3.25,0,0,1.47,9.67,0,0,0,0,15.62,0,0,0,0,0,0,0,0,0,0,0,0,0,0,0,0,0,0,0.3,0,0,0.46,0,3.38,0,0,0,0,0,5.9,0,0,0,0,0,0,0,0,0,0,3.67,0,0,0,0,15.92,0,0,0,0,10.36,0,0,0,0,0,0,0,0,0,0,0,1.13,0,0.51,0,0,0,0,0,0,0,0,1.25,0,0,0,0,0,0,0,0,0,0,0,0,0,0,1.55,0,0,0,0,0,0,0,0,0,0,0,17.19,0,0,0,0,0,0,0,0,0,0,0,0,0,0,0,0,0,0,0,0,0,0,0,0,0,0,0,2.31,0,0,0,0,0,3.64,0,0,0,1.74,0,0,0,0,0,0,0,0,0,0
2019-07-01,8.18,0,0,1.72,6.61,0,0,0,0,13.96,0,2.3,0,0.35,6.6,0,0,0,0,0,0,0,0,0,0,0,0,0,0,0,0,0,0,2.25,0,0,0,0,0,3.96,0,0,0,0,0,0,0,0,0,0,2.32,0,0,0,0,15.27,0,0,0,0,16.46,0,0,0,0,0,0,0,0,0,0,0,0.58,0,0,0,0,0,0,0,0,0,0,0.78,0,0,0,0,0,0,0,0,0,0,0,0,0,0,7.8,0,0,0,0,0,0,0,0,0,0,0,5.5,0,0,0,0,0,0,0,0,0,0,0,0,0,0,0,0,0,0,0,0,0,0,0,0,0,0,0,1.67,0,0,0,0,0,1.65,0,0,0,1.39,0,0,0,0,0,0,0,0,0,0
2019-08-01,8.18,0,0,1.72,6.61,0,0,0,0,13.96,0,2.3,0,0.35,6.6,0,0,0,0,0,0,0,0,0,0,0,0,0,0,0,0,0,0,2.25,0,0,0,0,0,3.96,0,0,0,0,0,0,0,0,0,0,2.32,0,0,0,0,15.27,0,0,0,0,16.46,0,0,0,0,0,0,0,0,0,0,0,0.58,0,0,0,0,0,0,0,0,0,0,0.78,0,0,0,0,0,0,0,0,0,0,0,0,0,0,7.8,0,0,0,0,0,0,0,0,0,0,0,5.5,0,0,0,0,0,0,0,0,0,0,0,0,0,0,0,0,0,0,0,0,0,0,0,0,0,0,0,1.67,0,0,0,0,0,1.65,0,0,0,1.39,0,0,0,0,0,0,0,0,0,0
2019-09-01,8.18,0,0,1.72,6.61,0,0,0,0,13.96,0,2.3,0,0.35,6.6,0,0,0,0,0,0,0,0,0,0,0,0,0,0,0,0,0,0,2.25,0,0,0,0,0,3.96,0,0,0,0,0,0,0,0,0,0,2.32,0,0,0,0,15.27,0,0,0,0,16.46,0,0,0,0,0,0,0,0,0,0,0,0.58,0,0,0,0,0,0,0,0,0,0,0.78,0,0,0,0,0,0,0,0,0,0,0,0,0,0,7.8,0,0,0,0,0,0,0,0,0,0,0,5.5,0,0,0,0,0,0,0,0,0,0,0,0,0,0,0,0,0,0,0,0,0,0,0,0,0,0,0,1.67,0,0,0,0,0,1.65,0,0,0,1.39,0,0,0,0,0,0,0,0,0,0
2019-10-01,0,0,0,2.04,6.38,0,0,0,0,13.87,0,2.24,0,0,13.11,0,0,0,0,0,0,0,0,0,0,0,0,0,0,0,0,0,0,2.09,0,0,0,0.3,0,3.52,0,0,0,0,0,0,0,0,0,0,0,0,3.71,0,0,14.93,0,0,0,0,15.15,0,0,0,0,0,0,0,0,0,0,0,0.71,0,0.52,0,0,0,0,0,0,0,0,0.64,0,0,0,0,0,0,0,0,0,0,0,0,0,0,11.22,0,0,0,0,0,0,0,0,0,0,0,4.87,0,0,0,0,0,0,0,0,0,0,0,0,0,0,0,0,0,0,0,0,0,0,0,0,0,0,0,1.41,0,0,0,0,0,2.27,0,0,0,1.02,0,0,0,0,0,0,0,0,0,0
2019-11-01,0,0,0,2.04,6.38,0,0,0,0,13.87,0,2.24,0,0,13.11,0,0,0,0,0,0,0,0,0,0,0,0,0,0,0,0,0,0,2.09,0,0,0,0.3,0,3.52,0,0,0,0,0,0,0,0,0,0,0,0,3.71,0,0,14.93,0,0,0,0,15.15,0,0,0,0,0,0,0,0,0,0,0,0.71,0,0.52,0,0,0,0,0,0,0,0,0.64,0,0,0,0,0,0,0,0,0,0,0,0,0,0,11.22,0,0,0,0,0,0,0,0,0,0,0,4.87,0,0,0,0,0,0,0,0,0,0,0,0,0,0,0,0,0,0,0,0,0,0,0,0,0,0,0,1.41,0,0,0,0,0,2.27,0,0,0,1.02,0,0,0,0,0,0,0,0,0,0
2019-12-01,0,0,0,2.04,6.38,0,0,0,0,13.87,0,2.24,0,0,13.11,0,0,0,0,0,0,0,0,0,0,0,0,0,0,0,0,0,0,2.09,0,0,0,0.3,0,3.52,0,0,0,0,0,0,0,0,0,0,0,0,3.71,0,0,14.93,0,0,0,0,15.15,0,0,0,0,0,0,0,0,0,0,0,0.71,0,0.52,0,0,0,0,0,0,0,0,0.64,0,0,0,0,0,0,0,0,0,0,0,0,0,0,11.22,0,0,0,0,0,0,0,0,0,0,0,4.87,0,0,0,0,0,0,0,0,0,0,0,0,0,0,0,0,0,0,0,0,0,0,0,0,0,0,0,1.41,0,0,0,0,0,2.27,0,0,0,1.02,0,0,0,0,0,0,0,0,0,0
2020-01-01,0,0,0,2.17,3.77,0,0,0,0,14.92,0,1.69,0,0,13.49,0,0,0,0,0,0,0,0,0,0,0,0,0,0,0,0,0,0,2.05,0,0,0,0,0,0,0,0,0,0,0,0,0,0,0,0,0,0,2.29,0,0,12.32,0,0,0,0,12.85,0,0,0,0,0,0.78,0,0,0,0,0,0,0,0,0,0,0,0,0,0,0,0,0,0,0,0,0,0,0,0,0,0,0,0,0,0,0,11.41,0,0,0,2.93,0,0,0,0,0,0,0,3.12,0,0,0,0,0,0,0,0,1.15,0,0,0,0,0,1.68,0,0,0,0,0,0,0,0,0,0,0,0,1.98,0,0.67,4.16,0,0,1.91,0,0,0,0,0,0,0,0,0,0,0,0,0,0
2020-02-01,0,0,0,2.17,3.77,0,0,0,0,14.92,0,1.69,0,0,13.49,0,0,0,0,0,0,0,0,0,0,0,0,0,0,0,0,0,0,2.05,0,0,0,0,0,0,0,0,0,0,0,0,0,0,0,0,0,0,2.29,0,0,12.32,0,0,0,0,12.85,0,0,0,0,0,0.78,0,0,0,0,0,0,0,0,0,0,0,0,0,0,0,0,0,0,0,0,0,0,0,0,0,0,0,0,0,0,0,11.41,0,0,0,2.93,0,0,0,0,0,0,0,3.12,0,0,0,0,0,0,0,0,1.15,0,0,0,0,0,1.68,0,0,0,0,0,0,0,0,0,0,0,0,1.98,0,0.67,4.16,0,0,1.91,0,0,0,0,0,0,0,0,0,0,0,0,0,0
2020-03-01,0,0,0,2.17,3.77,0,0,0,0,14.92,0,1.69,0,0,13.49,0,0,0,0,0,0,0,0,0,0,0,0,0,0,0,0,0,0,2.05,0,0,0,0,0,0,0,0,0,0,0,0,0,0,0,0,0,0,2.29,0,0,12.32,0,0,0,0,12.85,0,0,0,0,0,0.78,0,0,0,0,0,0,0,0,0,0,0,0,0,0,0,0,0,0,0,0,0,0,0,0,0,0,0,0,0,0,0,11.41,0,0,0,2.93,0,0,0,0,0,0,0,3.12,0,0,0,0,0,0,0,0,1.15,0,0,0,0,0,1.68,0,0,0,0,0,0,0,0,0,0,0,0,1.98,0,0.67,4.16,0,0,1.91,0,0,0,0,0,0,0,0,0,0,0,0,0,0
