"Date","A","AAPL","AB","ABB","ABM","ABT","AIG","AON","AVY","AXP","BAX","BBBY","BDX","BEN","BER","BK","BKC","BLK","BSX","BX","BYD","C","CAKE","CFG","CMCSA","CMI","CNDT","COF","COMM","COV","CRI","CSCO","CTAS","CVS","DAL","DBI","DD","DDS","DE","DELL","DENN","DGX","DIS","DISCK","EBAY","EFX","ESRX","EXPR","FDX","FITB","FL","FOSL","FOX","GBX","GDI","GE","GM","GNRC","GNW","GOOG","GPS","GS","GT","HAL","HAR","HAS","HD","HLX","HOG","HPQ","IBM","IGT","IN","INTC","IR","IVZ","JAS","JLL","JNJ","JPM","KEYS","KLIC","KSS","LIFE","LM","LOW","M","MCD","MDT","MER","MHK","MMC","MMM","MS","MSFT","NAFC","NCR","NOV","NP","NR","NWL","NYX","OI","OMC","ORCL","OSK","PB","PBI","PDCO","PEP","PETM","PLL","PSS","PWR","RBC","ROST","RSH","RT","RTX","SAVE","SCHW","SEAS","SNI","SRCL","ST","STZ","SYK","TAP","TDC","TEL","TER","TFX","TKR","TMO","TPR","TW","UNH","UPS","USB","V","VIAC","VLO","WBA","WCC","WDC","WHR","WMB","WRK","XL","XOM","XRX","ZBH","ZBRA"
2006-10-01,0,2.32,0,0,0,0,2.87,0,0,0,0,0,0,0,0,0,0,0,0,0,2.07,0,0,0,0,0,0,0,0,0,0,2,0,0,0,0,0,0,0,0,0,0,0,0,0,0,0,0,0,0,0,0,0,0,0,0,0,0,0,0,1.79,0,0,0,0,1.82,0,1.79,0,0,0,0,0,0,0,0,1.76,0,0,0,0,0,0,0,0,0,0,2.28,0,0,0,2.86,0,0,0,0,0,0,1.74,1.87,0,0,0,0,0,0,0,0,0,0,0,0,0,2.83,0,0,2.39,0,0,0,0,0,0,0,0,0,0,2.17,0,0,0,0,0,0,0,0,0,0,0,0,0,0,0,0,0,0,3.14,0,2.54,0,1.86,0,0
2006-11-01,0,2.32,0,0,0,0,2.87,0,0,0,0,0,0,0,0,0,0,0,0,0,2.07,0,0,0,0,0,0,0,0,0,0,2,0,0,0,0,0,0,0,0,0,0,0,0,0,0,0,0,0,0,0,0,0,0,0,0,0,0,0,0,1.79,0,0,0,0,1.82,0,1.79,0,0,0,0,0,0,0,0,1.76,0,0,0,0,0,0,0,0,0,0,2.28,0,0,0,2.86,0,0,0,0,0,0,1.74,1.87,0,0,0,0,0,0,0,0,0,0,0,0,0,2.83,0,0,2.39,0,0,0,0,0,0,0,0,0,0,2.17,0,0,0,0,0,0,0,0,0,0,0,0,0,0,0,0,0,0,3.14,0,2.54,0,1.86,0,0
2006-12-01,0,2.32,0,0,0,0,2.87,0,0,0,0,0,0,0,0,0,0,0,0,0,2.07,0,0,0,0,0,0,0,0,0,0,2,0,0,0,0,0,0,0,0,0,0,0,0,0,0,0,0,0,0,0,0,0,0,0,0,0,0,0,0,1.79,0,0,0,0,1.82,0,1.79,0,0,0,0,0,0,0,0,1.76,0,0,0,0,0,0,0,0,0,0,2.28,0,0,0,2.86,0,0,0,0,0,0,1.74,1.87,0,0,0,0,0,0,0,0,0,0,0,0,0,2.83,0,0,2.39,0,0,0,0,0,0,0,0,0,0,2.17,0,0,0,0,0,0,0,0,0,0,0,0,0,0,0,0,0,0,3.14,0,2.54,0,1.86,0,0
2007-01-01,0,2.64,0,0,0,0,2.5,0,0,1.96,0,0,0,0,0,0,1.54,0,0,0,2.02,0,1.53,0,0,0,0,0,0,0,2,1.74,0,0,0,0,0,0,0,0,0,0,0,0,0,0,0,0,0,0,0,0,0,0,0,0,0,0,0,0,1.56,0,0,0,0,0,0,2.12,0,0,0,0,0,0,0,0,0,0,0,0,0,0,0,0,0,0,0,2.16,0,0,0,2.09,0,0,0,1.81,0,0,0,1.75,0,0,0,0,0,0,0,0,0,0,0,0,0,2.33,0,0,2.16,0,0,0,0,0,0,0,0,0,0,0,0,0,0,0,0,0,0,0,0,0,0,0,0,0,0,0,0,0,2.5,0,1.6,0,0,0,0
2007-02-01,0,2.64,0,0,0,0,2.5,0,0,1.96,0,0,0,0,0,0,1.54,0,0,0,2.02,0,1.53,0,0,0,0,0,0,0,2,1.74,0,0,0,0,0,0,0,0,0,0,0,0,0,0,0,0,0,0,0,0,0,0,0,0,0,0,0,0,1.56,0,0,0,0,0,0,2.12,0,0,0,0,0,0,0,0,0,0,0,0,0,0,0,0,0,0,0,2.16,0,0,0,2.09,0,0,0,1.81,0,0,0,1.75,0,0,0,0,0,0,0,0,0,0,0,0,0,2.33,0,0,2.16,0,0,0,0,0,0,0,0,0,0,0,0,0,0,0,0,0,0,0,0,0,0,0,0,0,0,0,0,0,2.5,0,1.6,0,0,0,0
2007-03-01,0,2.64,0,0,0,0,2.5,0,0,1.96,0,0,0,0,0,0,1.54,0,0,0,2.02,0,1.53,0,0,0,0,0,0,0,2,1.74,0,0,0,0,0,0,0,0,0,0,0,0,0,0,0,0,0,0,0,0,0,0,0,0,0,0,0,0,1.56,0,0,0,0,0,0,2.12,0,0,0,0,0,0,0,0,0,0,0,0,0,0,0,0,0,0,0,2.16,0,0,0,2.09,0,0,0,1.81,0,0,0,1.75,0,0,0,0,0,0,0,0,0,0,0,0,0,2.33,0,0,2.16,0,0,0,0,0,0,0,0,0,0,0,0,0,0,0,0,0,0,0,0,0,0,0,0,0,0,0,0,0,2.5,0,1.6,0,0,0,0
2007-04-01,0,2.05,0,0,0,0,2.47,0,0,2.02,0,0,0,0,0,0,1.76,0,0,0,2.13,0,0,0,0,0,0,1.86,0,0,1.94,1.79,0,0,0,0,0,0,0,0,1.84,0,0,0,0,0,0,0,0,0,0,0,0,0,0,0,0,0,1.58,0,1.66,0,0,0,0,0,0,1.83,0,0,0,0,1.53,0,0,0,0,0,0,0,0,0,0,0,0,0,0,1.54,0,0,0,2.09,1.53,0,0,0,0,0,0,0,0,0,0,0,0,0,0,0,0,0,0,0,0,2.19,0,0,0,0,0,0,0,0,0,0,0,0,0,0,0,0,0,0,0,0,0,0,0,0,0,0,0,0,0,0,0,0,2.22,0,0,0,0,0,0
2007-05-01,0,2.05,0,0,0,0,2.47,0,0,2.02,0,0,0,0,0,0,1.76,0,0,0,2.13,0,0,0,0,0,0,1.86,0,0,1.94,1.79,0,0,0,0,0,0,0,0,1.84,0,0,0,0,0,0,0,0,0,0,0,0,0,0,0,0,0,1.58,0,1.66,0,0,0,0,0,0,1.83,0,0,0,0,1.53,0,0,0,0,0,0,0,0,0,0,0,0,0,0,1.54,0,0,0,2.09,1.53,0,0,0,0,0,0,0,0,0,0,0,0,0,0,0,0,0,0,0,0,2.19,0,0,0,0,0,0,0,0,0,0,0,0,0,0,0,0,0,0,0,0,0,0,0,0,0,0,0,0,0,0,0,0,2.22,0,0,0,0,0,0
2007-06-01,0,2.05,0,0,0,0,2.47,0,0,2.02,0,0,0,0,0,0,1.76,0,0,0,2.13,0,0,0,0,0,0,1.86,0,0,1.94,1.79,0,0,0,0,0,0,0,0,1.84,0,0,0,0,0,0,0,0,0,0,0,0,0,0,0,0,0,1.58,0,1.66,0,0,0,0,0,0,1.83,0,0,0,0,1.53,0,0,0,0,0,0,0,0,0,0,0,0,0,0,1.54,0,0,0,2.09,1.53,0,0,0,0,0,0,0,0,0,0,0,0,0,0,0,0,0,0,0,0,2.19,0,0,0,0,0,0,0,0,0,0,0,0,0,0,0,0,0,0,0,0,0,0,0,0,0,0,0,0,0,0,0,0,2.22,0,0,0,0,0,0
2007-07-01,0,0,0,0,0,0,2.71,0,0,2.76,0,0,0,0,1.93,0,1.87,0,2.03,0,2.02,0,0,0,0,0,0,0,0,1.94,1.91,0,0,0,0,0,0,0,0,1.68,1.97,0,0,0,0,0,0,0,0,0,0,0,0,0,0,0,0,0,2.03,0,0,0,0,2.09,0,0,0,2.13,0,0,1.72,0,0,0,0,0,0,0,0,0,0,0,0,0,0,0,2.07,0,0,1.75,0,0,0,1.68,0,0,0,0,0,0,0,0,0,0,0,0,0,0,0,0,0,0,0,1.92,0,0,0,0,0,0,0,0,0,0,0,0,0,0,0,0,0,0,0,0,0,0,0,0,0,0,0,0,0,0,0,0,1.76,0,0,0,0,0,0
2007-08-01,0,0,0,0,0,0,2.71,0,0,2.76,0,0,0,0,1.93,0,1.87,0,2.03,0,2.02,0,0,0,0,0,0,0,0,1.94,1.91,0,0,0,0,0,0,0,0,1.68,1.97,0,0,0,0,0,0,0,0,0,0,0,0,0,0,0,0,0,2.03,0,0,0,0,2.09,0,0,0,2.13,0,0,1.72,0,0,0,0,0,0,0,0,0,0,0,0,0,0,0,2.07,0,0,1.75,0,0,0,1.68,0,0,0,0,0,0,0,0,0,0,0,0,0,0,0,0,0,0,0,1.92,0,0,0,0,0,0,0,0,0,0,0,0,0,0,0,0,0,0,0,0,0,0,0,0,0,0,0,0,0,0,0,0,1.76,0,0,0,0,0,0
2007-09-01,0,0,0,0,0,0,2.71,0,0,2.76,0,0,0,0,1.93,0,1.87,0,2.03,0,2.02,0,0,0,0,0,0,0,0,1.94,1.91,0,0,0,0,0,0,0,0,1.68,1.97,0,0,0,0,0,0,0,0,0,0,0,0,0,0,0,0,0,2.03,0,0,0,0,2.09,0,0,0,2.13,0,0,1.72,0,0,0,0,0,0,0,0,0,0,0,0,0,0,0,2.07,0,0,1.75,0,0,0,1.68,0,0,0,0,0,0,0,0,0,0,0,0,0,0,0,0,0,0,0,1.92,0,0,0,0,0,0,0,0,0,0,0,0,0,0,0,0,0,0,0,0,0,0,0,0,0,0,0,0,0,0,0,0,1.76,0,0,0,0,0,0
2007-10-01,0,0,0,0,0,0,0,0,0,2.31,0,0,0,0,0,0,0,0,1.91,0,0,2.13,1.99,0,0,0,0,2.06,0,2.34,0,0,0,0,0,0,0,0,0,2.26,2.08,1.89,0,0,0,0,0,0,0,0,2.09,0,0,0,0,0,0,0,1.9,0,0,0,0,2.14,0,0,1.88,2.35,0,0,0,0,0,0,0,0,0,0,0,0,0,0,0,0,0,0,2.77,0,0,0,0,0,0,2.31,0,0,0,0,0,0,0,0,0,0,0,0,0,0,0,0,0,0,0,2.08,0,0,0,0,0,0,0,0,0,0,0,0,0,0,0,0,0,2.23,0,0,0,0,2.12,0,0,0,0,1.9,0,0,0,0,0,0,0,0,0,0,0
2007-11-01,0,0,0,0,0,0,0,0,0,2.31,0,0,0,0,0,0,0,0,1.91,0,0,2.13,1.99,0,0,0,0,2.06,0,2.34,0,0,0,0,0,0,0,0,0,2.26,2.08,1.89,0,0,0,0,0,0,0,0,2.09,0,0,0,0,0,0,0,1.9,0,0,0,0,2.14,0,0,1.88,2.35,0,0,0,0,0,0,0,0,0,0,0,0,0,0,0,0,0,0,2.77,0,0,0,0,0,0,2.31,0,0,0,0,0,0,0,0,0,0,0,0,0,0,0,0,0,0,0,2.08,0,0,0,0,0,0,0,0,0,0,0,0,0,0,0,0,0,2.23,0,0,0,0,2.12,0,0,0,0,1.9,0,0,0,0,0,0,0,0,0,0,0
2007-12-01,0,0,0,0,0,0,0,0,0,2.31,0,0,0,0,0,0,0,0,1.91,0,0,2.13,1.99,0,0,0,0,2.06,0,2.34,0,0,0,0,0,0,0,0,0,2.26,2.08,1.89,0,0,0,0,0,0,0,0,2.09,0,0,0,0,0,0,0,1.9,0,0,0,0,2.14,0,0,1.88,2.35,0,0,0,0,0,0,0,0,0,0,0,0,0,0,0,0,0,0,2.77,0,0,0,0,0,0,2.31,0,0,0,0,0,0,0,0,0,0,0,0,0,0,0,0,0,0,0,2.08,0,0,0,0,0,0,0,0,0,0,0,0,0,0,0,0,0,2.23,0,0,0,0,2.12,0,0,0,0,1.9,0,0,0,0,0,0,0,0,0,0,0
2008-01-01,0,0,0,0,0,0,0,0,0,0,0,0,0,0,0,0,0,0,2.32,1.93,1.93,3.44,1.87,0,0,0,0,0,0,2.43,1.97,2.43,0,0,0,0,0,0,0,2.59,2.18,2.14,0,0,0,0,0,0,0,0,0,0,0,0,0,0,0,0,0,0,0,2.07,0,0,0,0,0,0,1.99,0,0,0,0,0,0,0,0,0,0,0,0,0,0,0,0,0,0,0,0,0,0,0,0,2.75,2.3,0,0,0,0,0,0,0,0,0,0,0,0,0,0,0,0,0,2.07,2.52,0,0,0,0,0,0,0,0,0,0,0,0,0,0,0,0,0,2.33,0,0,0,0,0,0,0,0,0,0,0,0,0,0,0,0,0,0,1.97,0,0
2008-02-01,0,0,0,0,0,0,0,0,0,0,0,0,0,0,0,0,0,0,2.32,1.93,1.93,3.44,1.87,0,0,0,0,0,0,2.43,1.97,2.43,0,0,0,0,0,0,0,2.59,2.18,2.14,0,0,0,0,0,0,0,0,0,0,0,0,0,0,0,0,0,0,0,2.07,0,0,0,0,0,0,1.99,0,0,0,0,0,0,0,0,0,0,0,0,0,0,0,0,0,0,0,0,0,0,0,0,2.75,2.3,0,0,0,0,0,0,0,0,0,0,0,0,0,0,0,0,0,2.07,2.52,0,0,0,0,0,0,0,0,0,0,0,0,0,0,0,0,0,2.33,0,0,0,0,0,0,0,0,0,0,0,0,0,0,0,0,0,0,1.97,0,0
2008-03-01,0,0,0,0,0,0,0,0,0,0,0,0,0,0,0,0,0,0,2.32,1.93,1.93,3.44,1.87,0,0,0,0,0,0,2.43,1.97,2.43,0,0,0,0,0,0,0,2.59,2.18,2.14,0,0,0,0,0,0,0,0,0,0,0,0,0,0,0,0,0,0,0,2.07,0,0,0,0,0,0,1.99,0,0,0,0,0,0,0,0,0,0,0,0,0,0,0,0,0,0,0,0,0,0,0,0,2.75,2.3,0,0,0,0,0,0,0,0,0,0,0,0,0,0,0,0,0,2.07,2.52,0,0,0,0,0,0,0,0,0,0,0,0,0,0,0,0,0,2.33,0,0,0,0,0,0,0,0,0,0,0,0,0,0,0,0,0,0,1.97,0,0
2008-04-01,0,0,0,0,0,0,0,0,0,0,0,0,0,0,0,0,0,0,2.07,2.57,0,3.98,0,0,0,0,0,0,0,2.61,0,2.82,0,0,0,0,0,0,0,2.23,2.53,1.95,0,0,0,0,0,0,0,0,0,0,0,0,0,2.63,0,0,0,0,0,2.01,0,0,0,0,0,0,0,0,0,0,0,1.94,0,0,0,0,0,0,0,0,0,0,0,0,0,0,0,0,0,0,0,2.38,2.14,0,0,0,0,0,0,2.18,0,0,0,0,0,0,0,0,0,0,0,0,0,0,2.2,0,0,0,0,0,0,0,0,0,0,0,0,2.35,0,3.24,0,0,0,0,0,0,0,0,0,2.12,0,0,0,0,0,0,0,0,2.15,0,0
2008-05-01,0,0,0,0,0,0,0,0,0,0,0,0,0,0,0,0,0,0,2.07,2.57,0,3.98,0,0,0,0,0,0,0,2.61,0,2.82,0,0,0,0,0,0,0,2.23,2.53,1.95,0,0,0,0,0,0,0,0,0,0,0,0,0,2.63,0,0,0,0,0,2.01,0,0,0,0,0,0,0,0,0,0,0,1.94,0,0,0,0,0,0,0,0,0,0,0,0,0,0,0,0,0,0,0,2.38,2.14,0,0,0,0,0,0,2.18,0,0,0,0,0,0,0,0,0,0,0,0,0,0,2.2,0,0,0,0,0,0,0,0,0,0,0,0,2.35,0,3.24,0,0,0,0,0,0,0,0,0,2.12,0,0,0,0,0,0,0,0,2.15,0,0
2008-06-01,0,0,0,0,0,0,0,0,0,0,0,0,0,0,0,0,0,0,2.07,2.57,0,3.98,0,0,0,0,0,0,0,2.61,0,2.82,0,0,0,0,0,0,0,2.23,2.53,1.95,0,0,0,0,0,0,0,0,0,0,0,0,0,2.63,0,0,0,0,0,2.01,0,0,0,0,0,0,0,0,0,0,0,1.94,0,0,0,0,0,0,0,0,0,0,0,0,0,0,0,0,0,0,0,2.38,2.14,0,0,0,0,0,0,2.18,0,0,0,0,0,0,0,0,0,0,0,0,0,0,2.2,0,0,0,0,0,0,0,0,0,0,0,0,2.35,0,3.24,0,0,0,0,0,0,0,0,0,2.12,0,0,0,0,0,0,0,0,2.15,0,0
2008-07-01,0,0,0,0,0,0,0,0,0,2.39,0,0,0,0,0,0,0,0,2.03,2.27,0,7.35,0,0,0,0,0,0,0,0,0,2.99,0,0,0,0,0,0,0,2.57,2.58,0,0,0,0,0,0,0,0,0,0,0,0,0,0,2.89,0,0,0,0,0,0,0,0,0,0,2.24,0,0,0,0,0,0,2.03,0,0,0,0,2.15,0,0,0,0,0,2.11,2.09,2.78,0,0,0,0,0,0,0,3.06,0,0,0,0,0,0,2.87,0,0,0,0,0,0,0,0,0,0,0,0,0,0,0,0,0,0,0,0,0,0,0,0,0,0,0,2.84,0,2.19,0,0,0,0,0,0,0,0,0,0,0,0,0,0,0,0,0,0,2.01,0,0
2008-08-01,0,0,0,0,0,0,0,0,0,2.39,0,0,0,0,0,0,0,0,2.03,2.27,0,7.35,0,0,0,0,0,0,0,0,0,2.99,0,0,0,0,0,0,0,2.57,2.58,0,0,0,0,0,0,0,0,0,0,0,0,0,0,2.89,0,0,0,0,0,0,0,0,0,0,2.24,0,0,0,0,0,0,2.03,0,0,0,0,2.15,0,0,0,0,0,2.11,2.09,2.78,0,0,0,0,0,0,0,3.06,0,0,0,0,0,0,2.87,0,0,0,0,0,0,0,0,0,0,0,0,0,0,0,0,0,0,0,0,0,0,0,0,0,0,0,2.84,0,2.19,0,0,0,0,0,0,0,0,0,0,0,0,0,0,0,0,0,0,2.01,0,0
2008-09-01,0,0,0,0,0,0,0,0,0,2.39,0,0,0,0,0,0,0,0,2.03,2.27,0,7.35,0,0,0,0,0,0,0,0,0,2.99,0,0,0,0,0,0,0,2.57,2.58,0,0,0,0,0,0,0,0,0,0,0,0,0,0,2.89,0,0,0,0,0,0,0,0,0,0,2.24,0,0,0,0,0,0,2.03,0,0,0,0,2.15,0,0,0,0,0,2.11,2.09,2.78,0,0,0,0,0,0,0,3.06,0,0,0,0,0,0,2.87,0,0,0,0,0,0,0,0,0,0,0,0,0,0,0,0,0,0,0,0,0,0,0,0,0,0,0,2.84,0,2.19,0,0,0,0,0,0,0,0,0,0,0,0,0,0,0,0,0,0,2.01,0,0
2008-10-01,0,0,0,0,0,0,0,0,0,0,0,0,0,0,0,0,0,0,2.63,0,0,2.73,0,0,0,0,0,0,2.54,2.18,0,3.73,0,0,0,0,0,0,0,2.39,3.2,2.19,0,0,0,0,0,0,0,0,0,0,0,0,0,0,0,0,0,0,0,0,0,0,0,0,2.23,0,0,0,0,0,0,3.75,2.22,0,0,0,2.55,0,0,0,0,0,0,0,2.65,0,0,0,0,0,2.67,0,4.43,0,0,0,0,0,0,2.54,0,0,0,0,0,2.76,0,0,0,0,0,0,0,0,2.71,0,0,0,0,0,0,0,0,0,0,0,0,0,0,2.78,0,0,0,0,0,0,0,0,0,0,0,0,0,0,0,0,0,0,2.9,0,0
2008-11-01,0,0,0,0,0,0,0,0,0,0,0,0,0,0,0,0,0,0,2.63,0,0,2.73,0,0,0,0,0,0,2.54,2.18,0,3.73,0,0,0,0,0,0,0,2.39,3.2,2.19,0,0,0,0,0,0,0,0,0,0,0,0,0,0,0,0,0,0,0,0,0,0,0,0,2.23,0,0,0,0,0,0,3.75,2.22,0,0,0,2.55,0,0,0,0,0,0,0,2.65,0,0,0,0,0,2.67,0,4.43,0,0,0,0,0,0,2.54,0,0,0,0,0,2.76,0,0,0,0,0,0,0,0,2.71,0,0,0,0,0,0,0,0,0,0,0,0,0,0,2.78,0,0,0,0,0,0,0,0,0,0,0,0,0,0,0,0,0,0,2.9,0,0
2008-12-01,0,0,0,0,0,0,0,0,0,0,0,0,0,0,0,0,0,0,2.63,0,0,2.73,0,0,0,0,0,0,2.54,2.18,0,3.73,0,0,0,0,0,0,0,2.39,3.2,2.19,0,0,0,0,0,0,0,0,0,0,0,0,0,0,0,0,0,0,0,0,0,0,0,0,2.23,0,0,0,0,0,0,3.75,2.22,0,0,0,2.55,0,0,0,0,0,0,0,2.65,0,0,0,0,0,2.67,0,4.43,0,0,0,0,0,0,2.54,0,0,0,0,0,2.76,0,0,0,0,0,0,0,0,2.71,0,0,0,0,0,0,0,0,0,0,0,0,0,0,2.78,0,0,0,0,0,0,0,0,0,0,0,0,0,0,0,0,0,0,2.9,0,0
2009-01-01,0,0,2.13,0,0,0,0,0,0,0,0,0,0,0,2.14,0,0,0,2.06,0,0,0,0,0,0,0,0,0,1.85,2.03,0,2.83,1.94,0,0,0,0,0,0,1.82,1.96,0,1.93,0,0,0,0,0,0,0,0,0,0,0,0,0,0,0,0,0,0,0,0,0,0,0,2.6,0,0,0,0,0,0,3.91,1.89,0,0,0,2.2,0,0,0,0,0,0,0,2.11,0,0,0,0,0,2.12,0,3.8,0,0,0,0,0,0,0,0,0,0,0,0,0,0,0,0,0,0,0,0,0,0,0,0,0,0,0,0,0,0,0,0,0,0,0,0,1.94,0,0,0,0,0,0,0,0,0,0,0,0,0,0,0,0,0,0,2.16,0,0
2009-02-01,0,0,2.13,0,0,0,0,0,0,0,0,0,0,0,2.14,0,0,0,2.06,0,0,0,0,0,0,0,0,0,1.85,2.03,0,2.83,1.94,0,0,0,0,0,0,1.82,1.96,0,1.93,0,0,0,0,0,0,0,0,0,0,0,0,0,0,0,0,0,0,0,0,0,0,0,2.6,0,0,0,0,0,0,3.91,1.89,0,0,0,2.2,0,0,0,0,0,0,0,2.11,0,0,0,0,0,2.12,0,3.8,0,0,0,0,0,0,0,0,0,0,0,0,0,0,0,0,0,0,0,0,0,0,0,0,0,0,0,0,0,0,0,0,0,0,0,0,1.94,0,0,0,0,0,0,0,0,0,0,0,0,0,0,0,0,0,0,2.16,0,0
2009-03-01,0,0,2.13,0,0,0,0,0,0,0,0,0,0,0,2.14,0,0,0,2.06,0,0,0,0,0,0,0,0,0,1.85,2.03,0,2.83,1.94,0,0,0,0,0,0,1.82,1.96,0,1.93,0,0,0,0,0,0,0,0,0,0,0,0,0,0,0,0,0,0,0,0,0,0,0,2.6,0,0,0,0,0,0,3.91,1.89,0,0,0,2.2,0,0,0,0,0,0,0,2.11,0,0,0,0,0,2.12,0,3.8,0,0,0,0,0,0,0,0,0,0,0,0,0,0,0,0,0,0,0,0,0,0,0,0,0,0,0,0,0,0,0,0,0,0,0,0,1.94,0,0,0,0,0,0,0,0,0,0,0,0,0,0,0,0,0,0,2.16,0,0
2009-04-01,0,0,2.39,0,0,0,0,0,0,0,0,0,0,0,1.87,0,1.82,0,1.82,0,0,0,0,0,0,0,0,0,1.8,2.15,0,0,1.73,0,0,0,0,0,0,1.8,0,0,1.77,0,0,0,0,0,0,0,0,0,0,0,0,0,0,0,0,0,0,0,0,0,0,0,2.43,0,0,2.19,0,0,0,3.59,0,0,0,0,2.07,0,0,0,0,0,0,0,2.3,0,0,0,0,0,1.78,0,2.9,0,0,0,0,0,0,0,0,0,0,0,0,0,0,0,0,0,0,0,0,0,0,0,0,0,0,0,0,0,0,0,0,0,0,0,0,1.8,0,0,0,0,0,0,0,0,0,0,0,0,0,0,0,0,0,0,2.33,0,0
2009-05-01,0,0,2.39,0,0,0,0,0,0,0,0,0,0,0,1.87,0,1.82,0,1.82,0,0,0,0,0,0,0,0,0,1.8,2.15,0,0,1.73,0,0,0,0,0,0,1.8,0,0,1.77,0,0,0,0,0,0,0,0,0,0,0,0,0,0,0,0,0,0,0,0,0,0,0,2.43,0,0,2.19,0,0,0,3.59,0,0,0,0,2.07,0,0,0,0,0,0,0,2.3,0,0,0,0,0,1.78,0,2.9,0,0,0,0,0,0,0,0,0,0,0,0,0,0,0,0,0,0,0,0,0,0,0,0,0,0,0,0,0,0,0,0,0,0,0,0,1.8,0,0,0,0,0,0,0,0,0,0,0,0,0,0,0,0,0,0,2.33,0,0
2009-06-01,0,0,2.39,0,0,0,0,0,0,0,0,0,0,0,1.87,0,1.82,0,1.82,0,0,0,0,0,0,0,0,0,1.8,2.15,0,0,1.73,0,0,0,0,0,0,1.8,0,0,1.77,0,0,0,0,0,0,0,0,0,0,0,0,0,0,0,0,0,0,0,0,0,0,0,2.43,0,0,2.19,0,0,0,3.59,0,0,0,0,2.07,0,0,0,0,0,0,0,2.3,0,0,0,0,0,1.78,0,2.9,0,0,0,0,0,0,0,0,0,0,0,0,0,0,0,0,0,0,0,0,0,0,0,0,0,0,0,0,0,0,0,0,0,0,0,0,1.8,0,0,0,0,0,0,0,0,0,0,0,0,0,0,0,0,0,0,2.33,0,0
2009-07-01,1.7,0,2.6,0,0,0,0,0,0,0,0,0,0,0,1.95,0,1.64,0,1.65,0,0,0,0,0,0,0,0,0,0,1.88,0,0,1.76,0,0,0,0,0,0,1.7,0,0,1.8,0,0,0,0,0,0,0,0,0,0,0,0,0,0,0,0,0,0,0,0,0,0,0,2.14,0,0,2.25,0,0,0,3.21,1.73,0,0,0,1.61,0,0,0,0,0,0,0,2.07,1.65,0,0,0,0,0,0,2.7,0,0,0,0,0,0,0,0,0,0,0,0,0,0,0,0,0,0,0,0,0,0,0,0,0,0,0,0,0,0,0,1.67,0,0,0,0,1.72,0,0,0,0,0,0,0,0,0,0,0,0,0,0,0,0,0,0,1.94,0,0
2009-08-01,1.7,0,2.6,0,0,0,0,0,0,0,0,0,0,0,1.95,0,1.64,0,1.65,0,0,0,0,0,0,0,0,0,0,1.88,0,0,1.76,0,0,0,0,0,0,1.7,0,0,1.8,0,0,0,0,0,0,0,0,0,0,0,0,0,0,0,0,0,0,0,0,0,0,0,2.14,0,0,2.25,0,0,0,3.21,1.73,0,0,0,1.61,0,0,0,0,0,0,0,2.07,1.65,0,0,0,0,0,0,2.7,0,0,0,0,0,0,0,0,0,0,0,0,0,0,0,0,0,0,0,0,0,0,0,0,0,0,0,0,0,0,0,1.67,0,0,0,0,1.72,0,0,0,0,0,0,0,0,0,0,0,0,0,0,0,0,0,0,1.94,0,0
2009-09-01,1.7,0,2.6,0,0,0,0,0,0,0,0,0,0,0,1.95,0,1.64,0,1.65,0,0,0,0,0,0,0,0,0,0,1.88,0,0,1.76,0,0,0,0,0,0,1.7,0,0,1.8,0,0,0,0,0,0,0,0,0,0,0,0,0,0,0,0,0,0,0,0,0,0,0,2.14,0,0,2.25,0,0,0,3.21,1.73,0,0,0,1.61,0,0,0,0,0,0,0,2.07,1.65,0,0,0,0,0,0,2.7,0,0,0,0,0,0,0,0,0,0,0,0,0,0,0,0,0,0,0,0,0,0,0,0,0,0,0,0,0,0,0,1.67,0,0,0,0,1.72,0,0,0,0,0,0,0,0,0,0,0,0,0,0,0,0,0,0,1.94,0,0
2009-10-01,0,0,2.67,0,0,0,0,0,0,0,0,0,0,0,1.75,0,1.75,0,1.78,0,0,0,0,0,0,0,0,0,1.6,0,0,0,0,0,0,0,0,0,0,1.69,0,0,1.65,0,0,0,0,0,0,0,0,0,0,0,0,0,0,0,0,0,0,0,0,0,0,0,1.85,0,0,1.84,0,0,0,3.41,1.83,0,0,0,0,0,0,0,0,0,1.69,0,1.89,0,0,0,0,0,0,0,2.62,0,1.57,0,0,0,0,0,0,0,0,0,0,0,0,0,0,1.8,0,0,0,0,1.96,0,0,0,0,0,0,0,0,0,1.78,0,0,0,0,0,0,0,0,0,0,0,0,0,0,0,0,0,0,0,0,0,0,0,2.42,0,0
2009-11-01,0,0,2.67,0,0,0,0,0,0,0,0,0,0,0,1.75,0,1.75,0,1.78,0,0,0,0,0,0,0,0,0,1.6,0,0,0,0,0,0,0,0,0,0,1.69,0,0,1.65,0,0,0,0,0,0,0,0,0,0,0,0,0,0,0,0,0,0,0,0,0,0,0,1.85,0,0,1.84,0,0,0,3.41,1.83,0,0,0,0,0,0,0,0,0,1.69,0,1.89,0,0,0,0,0,0,0,2.62,0,1.57,0,0,0,0,0,0,0,0,0,0,0,0,0,0,1.8,0,0,0,0,1.96,0,0,0,0,0,0,0,0,0,1.78,0,0,0,0,0,0,0,0,0,0,0,0,0,0,0,0,0,0,0,0,0,0,0,2.42,0,0
2009-12-01,0,0,2.67,0,0,0,0,0,0,0,0,0,0,0,1.75,0,1.75,0,1.78,0,0,0,0,0,0,0,0,0,1.6,0,0,0,0,0,0,0,0,0,0,1.69,0,0,1.65,0,0,0,0,0,0,0,0,0,0,0,0,0,0,0,0,0,0,0,0,0,0,0,1.85,0,0,1.84,0,0,0,3.41,1.83,0,0,0,0,0,0,0,0,0,1.69,0,1.89,0,0,0,0,0,0,0,2.62,0,1.57,0,0,0,0,0,0,0,0,0,0,0,0,0,0,1.8,0,0,0,0,1.96,0,0,0,0,0,0,0,0,0,1.78,0,0,0,0,0,0,0,0,0,0,0,0,0,0,0,0,0,0,0,0,0,0,0,2.42,0,0
2010-01-01,0,0,2.34,0,0,0,0,0,0,0,0,0,0,0,0,0,0,0,0,0,0,0,0,0,0,0,0,0,1.85,0,0,0,1.69,0,0,0,0,0,0,0,0,0,1.56,0,0,0,0,0,0,0,0,0,0,0,0,0,0,0,0,0,0,0,0,0,1.61,0,0,0,0,1.77,0,0,0,3.16,1.64,0,0,0,0,0,0,0,0,0,1.93,1.53,1.94,0,0,0,0,0,0,0,2.3,0,0,0,0,0,0,0,0,0,0,0,0,0,0,0,1.65,0,0,0,0,0,1.92,0,0,0,0,0,0,0,0,0,1.76,0,0,0,0,1.66,0,0,0,0,0,0,0,0,0,0,0,0,0,0,0,0,0,0,1.98,0,0
2010-02-01,0,0,2.34,0,0,0,0,0,0,0,0,0,0,0,0,0,0,0,0,0,0,0,0,0,0,0,0,0,1.85,0,0,0,1.69,0,0,0,0,0,0,0,0,0,1.56,0,0,0,0,0,0,0,0,0,0,0,0,0,0,0,0,0,0,0,0,0,1.61,0,0,0,0,1.77,0,0,0,3.16,1.64,0,0,0,0,0,0,0,0,0,1.93,1.53,1.94,0,0,0,0,0,0,0,2.3,0,0,0,0,0,0,0,0,0,0,0,0,0,0,0,1.65,0,0,0,0,0,1.92,0,0,0,0,0,0,0,0,0,1.76,0,0,0,0,1.66,0,0,0,0,0,0,0,0,0,0,0,0,0,0,0,0,0,0,1.98,0,0
2010-03-01,0,0,2.34,0,0,0,0,0,0,0,0,0,0,0,0,0,0,0,0,0,0,0,0,0,0,0,0,0,1.85,0,0,0,1.69,0,0,0,0,0,0,0,0,0,1.56,0,0,0,0,0,0,0,0,0,0,0,0,0,0,0,0,0,0,0,0,0,1.61,0,0,0,0,1.77,0,0,0,3.16,1.64,0,0,0,0,0,0,0,0,0,1.93,1.53,1.94,0,0,0,0,0,0,0,2.3,0,0,0,0,0,0,0,0,0,0,0,0,0,0,0,1.65,0,0,0,0,0,1.92,0,0,0,0,0,0,0,0,0,1.76,0,0,0,0,1.66,0,0,0,0,0,0,0,0,0,0,0,0,0,0,0,0,0,0,1.98,0,0
2010-04-01,0,0,1.78,0,0,0,0,0,0,0,1.48,0,0,0,0,0,0,0,0,0,0,0,0,0,0,0,0,0,1.5,1.49,0,0,1.56,0,0,0,1.5,0,0,0,0,0,1.54,0,0,1.52,0,0,0,0,0,0,0,0,0,0,0,0,0,0,0,0,0,0,1.77,0,0,0,0,1.67,0,0,0,3.13,0,0,0,0,0,0,0,0,0,0,1.85,0,1.82,0,0,0,0,0,0,0,2.1,0,0,0,0,0,0,0,0,0,0,0,0,0,0,0,0,0,1.8,0,0,0,1.65,0,0,0,0,0,0,0,0,0,1.7,0,0,0,0,1.63,0,0,0,0,0,0,0,0,0,0,0,0,0,0,0,0,0,0,1.7,0,0
2010-05-01,0,0,1.78,0,0,0,0,0,0,0,1.48,0,0,0,0,0,0,0,0,0,0,0,0,0,0,0,0,0,1.5,1.49,0,0,1.56,0,0,0,1.5,0,0,0,0,0,1.54,0,0,1.52,0,0,0,0,0,0,0,0,0,0,0,0,0,0,0,0,0,0,1.77,0,0,0,0,1.67,0,0,0,3.13,0,0,0,0,0,0,0,0,0,0,1.85,0,1.82,0,0,0,0,0,0,0,2.1,0,0,0,0,0,0,0,0,0,0,0,0,0,0,0,0,0,1.8,0,0,0,1.65,0,0,0,0,0,0,0,0,0,1.7,0,0,0,0,1.63,0,0,0,0,0,0,0,0,0,0,0,0,0,0,0,0,0,0,1.7,0,0
2010-06-01,0,0,1.78,0,0,0,0,0,0,0,1.48,0,0,0,0,0,0,0,0,0,0,0,0,0,0,0,0,0,1.5,1.49,0,0,1.56,0,0,0,1.5,0,0,0,0,0,1.54,0,0,1.52,0,0,0,0,0,0,0,0,0,0,0,0,0,0,0,0,0,0,1.77,0,0,0,0,1.67,0,0,0,3.13,0,0,0,0,0,0,0,0,0,0,1.85,0,1.82,0,0,0,0,0,0,0,2.1,0,0,0,0,0,0,0,0,0,0,0,0,0,0,0,0,0,1.8,0,0,0,1.65,0,0,0,0,0,0,0,0,0,1.7,0,0,0,0,1.63,0,0,0,0,0,0,0,0,0,0,0,0,0,0,0,0,0,0,1.7,0,0
2010-07-01,0,0,1.86,0,0,0,0,0,0,0,0,0,0,0,0,0,0,1.55,0,0,0,0,0,0,0,0,0,0,1.94,1.62,0,1.6,0,0,0,0,1.77,0,0,0,0,0,0,0,0,1.6,0,0,0,0,0,0,0,0,0,0,0,0,0,0,0,0,0,0,1.74,0,1.76,0,0,0,0,0,0,3.01,1.6,0,0,0,0,0,0,0,0,0,1.85,0,1.84,0,0,0,0,0,0,0,2.12,0,0,0,0,0,0,0,0,0,0,0,0,0,0,0,0,0,1.83,0,0,0,1.92,0,0,0,0,0,0,0,0,0,1.65,0,0,0,0,0,0,0,0,0,0,0,0,0,0,0,0,0,0,0,0,0,0,0,2.1,1.54,0
2010-08-01,0,0,1.86,0,0,0,0,0,0,0,0,0,0,0,0,0,0,1.55,0,0,0,0,0,0,0,0,0,0,1.94,1.62,0,1.6,0,0,0,0,1.77,0,0,0,0,0,0,0,0,1.6,0,0,0,0,0,0,0,0,0,0,0,0,0,0,0,0,0,0,1.74,0,1.76,0,0,0,0,0,0,3.01,1.6,0,0,0,0,0,0,0,0,0,1.85,0,1.84,0,0,0,0,0,0,0,2.12,0,0,0,0,0,0,0,0,0,0,0,0,0,0,0,0,0,1.83,0,0,0,1.92,0,0,0,0,0,0,0,0,0,1.65,0,0,0,0,0,0,0,0,0,0,0,0,0,0,0,0,0,0,0,0,0,0,0,2.1,1.54,0
2010-09-01,0,0,1.86,0,0,0,0,0,0,0,0,0,0,0,0,0,0,1.55,0,0,0,0,0,0,0,0,0,0,1.94,1.62,0,1.6,0,0,0,0,1.77,0,0,0,0,0,0,0,0,1.6,0,0,0,0,0,0,0,0,0,0,0,0,0,0,0,0,0,0,1.74,0,1.76,0,0,0,0,0,0,3.01,1.6,0,0,0,0,0,0,0,0,0,1.85,0,1.84,0,0,0,0,0,0,0,2.12,0,0,0,0,0,0,0,0,0,0,0,0,0,0,0,0,0,1.83,0,0,0,1.92,0,0,0,0,0,0,0,0,0,1.65,0,0,0,0,0,0,0,0,0,0,0,0,0,0,0,0,0,0,0,0,0,0,0,2.1,1.54,0
2010-10-01,0,0,2.21,0,0,0,0,0,0,1.56,0,0,0,0,0,0,0,1.67,0,0,0,0,0,0,0,0,0,0,0,1.67,0,1.87,0,0,0,0,1.66,0,0,0,0,0,0,0,0,1.65,0,0,0,0,0,0,0,0,0,0,0,0,0,0,0,0,0,0,0,0,1.76,0,0,0,0,0,0,3.13,0,0,0,0,0,0,0,0,0,0,1.66,0,1.7,0,0,0,0,0,0,0,2.17,0,0,0,0,0,0,0,0,0,0,0,0,0,0,0,0,0,0,0,0,0,1.72,0,0,0,1.75,0,0,0,0,0,1.61,0,0,0,0,0,0,0,0,0,0,0,0,0,0,0,0,0,0,0,0,0,0,0,1.98,1.65,0
2010-11-01,0,0,2.21,0,0,0,0,0,0,1.56,0,0,0,0,0,0,0,1.67,0,0,0,0,0,0,0,0,0,0,0,1.67,0,1.87,0,0,0,0,1.66,0,0,0,0,0,0,0,0,1.65,0,0,0,0,0,0,0,0,0,0,0,0,0,0,0,0,0,0,0,0,1.76,0,0,0,0,0,0,3.13,0,0,0,0,0,0,0,0,0,0,1.66,0,1.7,0,0,0,0,0,0,0,2.17,0,0,0,0,0,0,0,0,0,0,0,0,0,0,0,0,0,0,0,0,0,1.72,0,0,0,1.75,0,0,0,0,0,1.61,0,0,0,0,0,0,0,0,0,0,0,0,0,0,0,0,0,0,0,0,0,0,0,1.98,1.65,0
2010-12-01,0,0,2.21,0,0,0,0,0,0,1.56,0,0,0,0,0,0,0,1.67,0,0,0,0,0,0,0,0,0,0,0,1.67,0,1.87,0,0,0,0,1.66,0,0,0,0,0,0,0,0,1.65,0,0,0,0,0,0,0,0,0,0,0,0,0,0,0,0,0,0,0,0,1.76,0,0,0,0,0,0,3.13,0,0,0,0,0,0,0,0,0,0,1.66,0,1.7,0,0,0,0,0,0,0,2.17,0,0,0,0,0,0,0,0,0,0,0,0,0,0,0,0,0,0,0,0,0,1.72,0,0,0,1.75,0,0,0,0,0,1.61,0,0,0,0,0,0,0,0,0,0,0,0,0,0,0,0,0,0,0,0,0,0,0,1.98,1.65,0
2011-01-01,0,1.57,2.09,0,0,0,0,0,1.49,1.64,0,0,1.55,0,0,0,0,0,0,0,0,0,0,0,0,0,0,0,0,0,0,0,0,0,0,0,1.81,0,0,0,0,0,0,0,0,1.53,0,0,0,0,0,0,0,0,0,0,0,0,0,0,0,0,0,0,0,0,0,0,0,0,0,0,0,2.99,0,0,0,0,0,0,0,0,0,0,1.92,0,1.95,0,0,0,0,0,0,0,2.12,0,0,0,0,0,0,0,0,0,0,0,0,0,0,0,1.5,0,0,0,0,0,0,1.49,0,0,0,0,0,0,0,0,1.49,0,0,0,0,1.66,0,0,0,0,0,0,0,0,0,0,0,0,0,1.68,0,0,0,1.49,2.08,1.51,0
2011-02-01,0,1.57,2.09,0,0,0,0,0,1.49,1.64,0,0,1.55,0,0,0,0,0,0,0,0,0,0,0,0,0,0,0,0,0,0,0,0,0,0,0,1.81,0,0,0,0,0,0,0,0,1.53,0,0,0,0,0,0,0,0,0,0,0,0,0,0,0,0,0,0,0,0,0,0,0,0,0,0,0,2.99,0,0,0,0,0,0,0,0,0,0,1.92,0,1.95,0,0,0,0,0,0,0,2.12,0,0,0,0,0,0,0,0,0,0,0,0,0,0,0,1.5,0,0,0,0,0,0,1.49,0,0,0,0,0,0,0,0,1.49,0,0,0,0,1.66,0,0,0,0,0,0,0,0,0,0,0,0,0,1.68,0,0,0,1.49,2.08,1.51,0
2011-03-01,0,1.57,2.09,0,0,0,0,0,1.49,1.64,0,0,1.55,0,0,0,0,0,0,0,0,0,0,0,0,0,0,0,0,0,0,0,0,0,0,0,1.81,0,0,0,0,0,0,0,0,1.53,0,0,0,0,0,0,0,0,0,0,0,0,0,0,0,0,0,0,0,0,0,0,0,0,0,0,0,2.99,0,0,0,0,0,0,0,0,0,0,1.92,0,1.95,0,0,0,0,0,0,0,2.12,0,0,0,0,0,0,0,0,0,0,0,0,0,0,0,1.5,0,0,0,0,0,0,1.49,0,0,0,0,0,0,0,0,1.49,0,0,0,0,1.66,0,0,0,0,0,0,0,0,0,0,0,0,0,1.68,0,0,0,1.49,2.08,1.51,0
2011-04-01,0,1.6,1.91,1.56,0,0,0,0,1.61,0,0,0,1.61,0,0,0,0,0,0,0,0,0,0,0,0,0,0,0,0,0,0,1.59,0,0,0,0,1.92,0,0,0,0,0,0,0,0,0,0,0,0,0,0,0,0,0,0,0,0,0,0,0,0,0,0,0,1.89,0,1.54,0,0,0,0,0,0,2.55,0,0,0,0,0,0,0,0,0,1.55,1.9,0,2.12,0,0,0,0,0,0,0,2.3,0,0,0,0,0,0,0,0,0,0,1.66,0,0,0,0,0,0,0,0,0,0,0,1.62,0,0,0,0,0,0,0,0,0,0,0,0,0,1.57,0,0,0,0,0,0,0,0,0,0,0,0,0,0,0,0,0,1.57,2.27,0,0
2011-05-01,0,1.6,1.91,1.56,0,0,0,0,1.61,0,0,0,1.61,0,0,0,0,0,0,0,0,0,0,0,0,0,0,0,0,0,0,1.59,0,0,0,0,1.92,0,0,0,0,0,0,0,0,0,0,0,0,0,0,0,0,0,0,0,0,0,0,0,0,0,0,0,1.89,0,1.54,0,0,0,0,0,0,2.55,0,0,0,0,0,0,0,0,0,1.55,1.9,0,2.12,0,0,0,0,0,0,0,2.3,0,0,0,0,0,0,0,0,0,0,1.66,0,0,0,0,0,0,0,0,0,0,0,1.62,0,0,0,0,0,0,0,0,0,0,0,0,0,1.57,0,0,0,0,0,0,0,0,0,0,0,0,0,0,0,0,0,1.57,2.27,0,0
2011-06-01,0,1.6,1.91,1.56,0,0,0,0,1.61,0,0,0,1.61,0,0,0,0,0,0,0,0,0,0,0,0,0,0,0,0,0,0,1.59,0,0,0,0,1.92,0,0,0,0,0,0,0,0,0,0,0,0,0,0,0,0,0,0,0,0,0,0,0,0,0,0,0,1.89,0,1.54,0,0,0,0,0,0,2.55,0,0,0,0,0,0,0,0,0,1.55,1.9,0,2.12,0,0,0,0,0,0,0,2.3,0,0,0,0,0,0,0,0,0,0,1.66,0,0,0,0,0,0,0,0,0,0,0,1.62,0,0,0,0,0,0,0,0,0,0,0,0,0,1.57,0,0,0,0,0,0,0,0,0,0,0,0,0,0,0,0,0,1.57,2.27,0,0
2011-07-01,0,1.68,0,1.55,0,0,0,0,0,0,0,0,0,0,0,0,0,0,0,0,0,0,0,0,0,0,0,0,0,0,0,1.71,0,0,0,0,1.72,0,0,0,0,0,1.59,0,0,1.62,0,0,0,0,0,0,0,0,0,0,0,0,0,0,0,0,0,0,1.82,0,1.85,0,0,0,0,0,0,2.47,1.54,0,0,1.55,0,0,0,0,0,0,1.87,1.69,2.12,0,0,0,0,0,0,0,2.42,0,0,0,0,0,0,0,0,0,0,0,0,0,0,0,0,0,0,0,0,0,0,0,0,0,0,0,0,0,0,0,1.57,0,0,0,0,0,0,0,0,0,0,0,0,0,0,0,0,0,0,0,0,0,0,1.73,2,1.59,0
2011-08-01,0,1.68,0,1.55,0,0,0,0,0,0,0,0,0,0,0,0,0,0,0,0,0,0,0,0,0,0,0,0,0,0,0,1.71,0,0,0,0,1.72,0,0,0,0,0,1.59,0,0,1.62,0,0,0,0,0,0,0,0,0,0,0,0,0,0,0,0,0,0,1.82,0,1.85,0,0,0,0,0,0,2.47,1.54,0,0,1.55,0,0,0,0,0,0,1.87,1.69,2.12,0,0,0,0,0,0,0,2.42,0,0,0,0,0,0,0,0,0,0,0,0,0,0,0,0,0,0,0,0,0,0,0,0,0,0,0,0,0,0,0,1.57,0,0,0,0,0,0,0,0,0,0,0,0,0,0,0,0,0,0,0,0,0,0,1.73,2,1.59,0
2011-09-01,0,1.68,0,1.55,0,0,0,0,0,0,0,0,0,0,0,0,0,0,0,0,0,0,0,0,0,0,0,0,0,0,0,1.71,0,0,0,0,1.72,0,0,0,0,0,1.59,0,0,1.62,0,0,0,0,0,0,0,0,0,0,0,0,0,0,0,0,0,0,1.82,0,1.85,0,0,0,0,0,0,2.47,1.54,0,0,1.55,0,0,0,0,0,0,1.87,1.69,2.12,0,0,0,0,0,0,0,2.42,0,0,0,0,0,0,0,0,0,0,0,0,0,0,0,0,0,0,0,0,0,0,0,0,0,0,0,0,0,0,0,1.57,0,0,0,0,0,0,0,0,0,0,0,0,0,0,0,0,0,0,0,0,0,0,1.73,2,1.59,0
2011-10-01,0,1.62,0,1.58,0,0,0,0,1.84,0,0,0,0,0,0,0,0,0,0,0,0,0,0,0,0,0,0,0,0,0,0,1.63,0,0,0,0,1.84,0,0,0,0,0,1.82,0,0,0,0,0,0,0,0,0,0,0,0,0,0,0,0,0,0,0,0,0,2.35,0,0,0,0,0,0,1.58,0,2.26,1.68,0,0,1.81,0,0,0,0,0,0,0,1.72,1.71,0,0,0,0,0,0,0,2.31,0,0,0,0,0,1.71,0,0,0,0,0,0,0,0,0,0,0,0,0,0,0,0,0,0,0,0,0,0,0,0,0,1.63,0,0,0,0,0,0,0,0,0,0,0,0,0,0,0,0,0,0,0,0,0,0,1.66,2.17,1.58,0
2011-11-01,0,1.62,0,1.58,0,0,0,0,1.84,0,0,0,0,0,0,0,0,0,0,0,0,0,0,0,0,0,0,0,0,0,0,1.63,0,0,0,0,1.84,0,0,0,0,0,1.82,0,0,0,0,0,0,0,0,0,0,0,0,0,0,0,0,0,0,0,0,0,2.35,0,0,0,0,0,0,1.58,0,2.26,1.68,0,0,1.81,0,0,0,0,0,0,0,1.72,1.71,0,0,0,0,0,0,0,2.31,0,0,0,0,0,1.71,0,0,0,0,0,0,0,0,0,0,0,0,0,0,0,0,0,0,0,0,0,0,0,0,0,1.63,0,0,0,0,0,0,0,0,0,0,0,0,0,0,0,0,0,0,0,0,0,0,1.66,2.17,1.58,0
2011-12-01,0,1.62,0,1.58,0,0,0,0,1.84,0,0,0,0,0,0,0,0,0,0,0,0,0,0,0,0,0,0,0,0,0,0,1.63,0,0,0,0,1.84,0,0,0,0,0,1.82,0,0,0,0,0,0,0,0,0,0,0,0,0,0,0,0,0,0,0,0,0,2.35,0,0,0,0,0,0,1.58,0,2.26,1.68,0,0,1.81,0,0,0,0,0,0,0,1.72,1.71,0,0,0,0,0,0,0,2.31,0,0,0,0,0,1.71,0,0,0,0,0,0,0,0,0,0,0,0,0,0,0,0,0,0,0,0,0,0,0,0,0,1.63,0,0,0,0,0,0,0,0,0,0,0,0,0,0,0,0,0,0,0,0,0,0,1.66,2.17,1.58,0
2012-01-01,0,0,0,0,0,0,0,0,0,0,0,0,0,0,0,0,0,0,0,0,0,0,0,0,0,0,0,0,0,0,0,1.68,0,0,0,0,1.88,0,0,0,0,0,1.62,0,0,1.51,0,0,0,0,0,0,0,0,0,0,0,0,0,0,0,0,0,0,2.36,0,0,0,0,0,0,1.53,0,2.26,1.59,0,0,0,0,1.62,0,0,0,1.62,0,1.54,1.64,0,0,0,0,0,0,0,2.1,0,0,0,0,0,0,0,0,0,0,0,0,0,0,0,0,0,0,0,0,0,0,1.52,0,0,1.49,0,0,0,0,0,0,0,0,0,0,0,0,1.72,0,0,0,0,0,0,0,0,0,0,0,0,0,0,0,1.5,1.95,1.53,0
2012-02-01,0,0,0,0,0,0,0,0,0,0,0,0,0,0,0,0,0,0,0,0,0,0,0,0,0,0,0,0,0,0,0,1.68,0,0,0,0,1.88,0,0,0,0,0,1.62,0,0,1.51,0,0,0,0,0,0,0,0,0,0,0,0,0,0,0,0,0,0,2.36,0,0,0,0,0,0,1.53,0,2.26,1.59,0,0,0,0,1.62,0,0,0,1.62,0,1.54,1.64,0,0,0,0,0,0,0,2.1,0,0,0,0,0,0,0,0,0,0,0,0,0,0,0,0,0,0,0,0,0,0,1.52,0,0,1.49,0,0,0,0,0,0,0,0,0,0,0,0,1.72,0,0,0,0,0,0,0,0,0,0,0,0,0,0,0,1.5,1.95,1.53,0
2012-03-01,0,0,0,0,0,0,0,0,0,0,0,0,0,0,0,0,0,0,0,0,0,0,0,0,0,0,0,0,0,0,0,1.68,0,0,0,0,1.88,0,0,0,0,0,1.62,0,0,1.51,0,0,0,0,0,0,0,0,0,0,0,0,0,0,0,0,0,0,2.36,0,0,0,0,0,0,1.53,0,2.26,1.59,0,0,0,0,1.62,0,0,0,1.62,0,1.54,1.64,0,0,0,0,0,0,0,2.1,0,0,0,0,0,0,0,0,0,0,0,0,0,0,0,0,0,0,0,0,0,0,1.52,0,0,1.49,0,0,0,0,0,0,0,0,0,0,0,0,1.72,0,0,0,0,0,0,0,0,0,0,0,0,0,0,0,1.5,1.95,1.53,0
2012-04-01,0,0,0,0,0,0,0,0,0,0,0,0,0,0,0,0,0,0,0,0,0,0,0,0,0,0,0,0,0,1.58,0,1.86,0,0,0,0,1.9,0,0,0,0,0,0,0,0,0,0,0,0,0,0,0,0,0,0,1.68,0,0,0,0,0,0,0,0,2.31,0,0,0,0,0,0,1.62,0,2.39,1.55,0,0,0,0,0,0,0,0,1.66,1.61,1.69,1.58,0,0,0,0,0,0,0,2.22,0,0,0,0,0,0,0,0,0,0,0,0,0,0,0,0,0,0,0,0,0,0,0,0,0,0,0,0,0,0,1.55,1.57,0,0,0,0,0,0,1.7,0,0,0,0,1.55,0,0,0,0,0,0,0,0,0,0,1.65,2.11,1.55,0
2012-05-01,0,0,0,0,0,0,0,0,0,0,0,0,0,0,0,0,0,0,0,0,0,0,0,0,0,0,0,0,0,1.58,0,1.86,0,0,0,0,1.9,0,0,0,0,0,0,0,0,0,0,0,0,0,0,0,0,0,0,1.68,0,0,0,0,0,0,0,0,2.31,0,0,0,0,0,0,1.62,0,2.39,1.55,0,0,0,0,0,0,0,0,1.66,1.61,1.69,1.58,0,0,0,0,0,0,0,2.22,0,0,0,0,0,0,0,0,0,0,0,0,0,0,0,0,0,0,0,0,0,0,0,0,0,0,0,0,0,0,1.55,1.57,0,0,0,0,0,0,1.7,0,0,0,0,1.55,0,0,0,0,0,0,0,0,0,0,1.65,2.11,1.55,0
2012-06-01,0,0,0,0,0,0,0,0,0,0,0,0,0,0,0,0,0,0,0,0,0,0,0,0,0,0,0,0,0,1.58,0,1.86,0,0,0,0,1.9,0,0,0,0,0,0,0,0,0,0,0,0,0,0,0,0,0,0,1.68,0,0,0,0,0,0,0,0,2.31,0,0,0,0,0,0,1.62,0,2.39,1.55,0,0,0,0,0,0,0,0,1.66,1.61,1.69,1.58,0,0,0,0,0,0,0,2.22,0,0,0,0,0,0,0,0,0,0,0,0,0,0,0,0,0,0,0,0,0,0,0,0,0,0,0,0,0,0,1.55,1.57,0,0,0,0,0,0,1.7,0,0,0,0,1.55,0,0,0,0,0,0,0,0,0,0,1.65,2.11,1.55,0
2012-07-01,1.52,0,0,1.58,0,0,0,0,0,0,0,0,0,0,0,0,0,0,0,0,0,0,0,0,0,0,0,0,0,0,0,2.16,0,0,0,0,1.82,0,0,0,0,0,0,0,0,0,0,0,0,0,0,0,0,0,0,1.65,0,0,0,0,0,0,0,0,1.93,0,0,0,0,0,0,1.65,0,2,0,0,0,0,0,0,0,0,0,1.52,1.57,1.58,1.6,0,0,0,0,0,0,0,2.13,0,0,0,0,0,1.53,0,0,0,0,0,0,0,0,0,0,0,0,0,0,0,0,0,0,0,0,0,0,0,0,0,1.57,0,0,0,0,0,1.51,0,0,0,0,0,1.5,0,0,0,0,0,0,0,0,0,0,0,2,1.53,0
2012-08-01,1.52,0,0,1.58,0,0,0,0,0,0,0,0,0,0,0,0,0,0,0,0,0,0,0,0,0,0,0,0,0,0,0,2.16,0,0,0,0,1.82,0,0,0,0,0,0,0,0,0,0,0,0,0,0,0,0,0,0,1.65,0,0,0,0,0,0,0,0,1.93,0,0,0,0,0,0,1.65,0,2,0,0,0,0,0,0,0,0,0,1.52,1.57,1.58,1.6,0,0,0,0,0,0,0,2.13,0,0,0,0,0,1.53,0,0,0,0,0,0,0,0,0,0,0,0,0,0,0,0,0,0,0,0,0,0,0,0,0,1.57,0,0,0,0,0,1.51,0,0,0,0,0,1.5,0,0,0,0,0,0,0,0,0,0,0,2,1.53,0
2012-09-01,1.52,0,0,1.58,0,0,0,0,0,0,0,0,0,0,0,0,0,0,0,0,0,0,0,0,0,0,0,0,0,0,0,2.16,0,0,0,0,1.82,0,0,0,0,0,0,0,0,0,0,0,0,0,0,0,0,0,0,1.65,0,0,0,0,0,0,0,0,1.93,0,0,0,0,0,0,1.65,0,2,0,0,0,0,0,0,0,0,0,1.52,1.57,1.58,1.6,0,0,0,0,0,0,0,2.13,0,0,0,0,0,1.53,0,0,0,0,0,0,0,0,0,0,0,0,0,0,0,0,0,0,0,0,0,0,0,0,0,1.57,0,0,0,0,0,1.51,0,0,0,0,0,1.5,0,0,0,0,0,0,0,0,0,0,0,2,1.53,0
2012-10-01,1.72,0,0,1.64,0,0,0,0,0,0,0,1.76,0,0,0,0,0,0,0,0,0,0,0,0,0,1.49,0,0,0,0,0,1.99,0,0,0,0,1.96,0,0,0,0,0,0,0,0,0,0,0,0,0,0,0,0,0,0,1.49,0,0,0,0,0,0,0,0,2.03,0,0,0,0,0,0,1.48,0,1.65,0,0,0,1.58,1.5,0,0,0,0,1.48,1.69,0,1.88,0,0,0,0,0,0,0,1.99,0,0,0,0,0,0,0,0,0,0,0,0,0,0,0,0,0,0,0,0,0,0,0,0,0,1.62,0,0,0,0,0,1.54,0,0,0,0,1.54,1.53,0,0,0,0,0,0,0,0,0,0,0,0,0,0,0,0,0,0,0,0
2012-11-01,1.72,0,0,1.64,0,0,0,0,0,0,0,1.76,0,0,0,0,0,0,0,0,0,0,0,0,0,1.49,0,0,0,0,0,1.99,0,0,0,0,1.96,0,0,0,0,0,0,0,0,0,0,0,0,0,0,0,0,0,0,1.49,0,0,0,0,0,0,0,0,2.03,0,0,0,0,0,0,1.48,0,1.65,0,0,0,1.58,1.5,0,0,0,0,1.48,1.69,0,1.88,0,0,0,0,0,0,0,1.99,0,0,0,0,0,0,0,0,0,0,0,0,0,0,0,0,0,0,0,0,0,0,0,0,0,1.62,0,0,0,0,0,1.54,0,0,0,0,1.54,1.53,0,0,0,0,0,0,0,0,0,0,0,0,0,0,0,0,0,0,0,0
2012-12-01,1.72,0,0,1.64,0,0,0,0,0,0,0,1.76,0,0,0,0,0,0,0,0,0,0,0,0,0,1.49,0,0,0,0,0,1.99,0,0,0,0,1.96,0,0,0,0,0,0,0,0,0,0,0,0,0,0,0,0,0,0,1.49,0,0,0,0,0,0,0,0,2.03,0,0,0,0,0,0,1.48,0,1.65,0,0,0,1.58,1.5,0,0,0,0,1.48,1.69,0,1.88,0,0,0,0,0,0,0,1.99,0,0,0,0,0,0,0,0,0,0,0,0,0,0,0,0,0,0,0,0,0,0,0,0,0,1.62,0,0,0,0,0,1.54,0,0,0,0,1.54,1.53,0,0,0,0,0,0,0,0,0,0,0,0,0,0,0,0,0,0,0,0
2013-01-01,1.34,1.3,0,1.45,0,0,0,0,0,1.3,0,1.78,1.43,0,0,0,0,0,0,0,0,0,0,0,0,0,0,0,0,0,0,1.78,0,0,0,0,1.97,0,0,0,0,0,0,0,0,1.38,0,0,0,0,0,0,0,0,0,1.5,0,0,0,0,0,0,0,0,1.64,0,0,0,0,0,0,0,0,0,0,0,0,1.52,1.32,0,0,0,0,0,1.59,1.31,1.89,0,0,0,0,0,0,0,1.87,0,0,0,0,0,0,0,0,0,0,0,0,0,0,0,0,0,0,0,0,0,0,0,0,0,0,0,0,0,0,0,0,0,0,0,0,0,0,0,1.55,0,0,0,1.37,0,0,0,0,0,0,0,0,0,0,0,0,0,0
2013-02-01,1.34,1.3,0,1.45,0,0,0,0,0,1.3,0,1.78,1.43,0,0,0,0,0,0,0,0,0,0,0,0,0,0,0,0,0,0,1.78,0,0,0,0,1.97,0,0,0,0,0,0,0,0,1.38,0,0,0,0,0,0,0,0,0,1.5,0,0,0,0,0,0,0,0,1.64,0,0,0,0,0,0,0,0,0,0,0,0,1.52,1.32,0,0,0,0,0,1.59,1.31,1.89,0,0,0,0,0,0,0,1.87,0,0,0,0,0,0,0,0,0,0,0,0,0,0,0,0,0,0,0,0,0,0,0,0,0,0,0,0,0,0,0,0,0,0,0,0,0,0,0,1.55,0,0,0,1.37,0,0,0,0,0,0,0,0,0,0,0,0,0,0
2013-03-01,1.34,1.3,0,1.45,0,0,0,0,0,1.3,0,1.78,1.43,0,0,0,0,0,0,0,0,0,0,0,0,0,0,0,0,0,0,1.78,0,0,0,0,1.97,0,0,0,0,0,0,0,0,1.38,0,0,0,0,0,0,0,0,0,1.5,0,0,0,0,0,0,0,0,1.64,0,0,0,0,0,0,0,0,0,0,0,0,1.52,1.32,0,0,0,0,0,1.59,1.31,1.89,0,0,0,0,0,0,0,1.87,0,0,0,0,0,0,0,0,0,0,0,0,0,0,0,0,0,0,0,0,0,0,0,0,0,0,0,0,0,0,0,0,0,0,0,0,0,0,0,1.55,0,0,0,1.37,0,0,0,0,0,0,0,0,0,0,0,0,0,0
2013-04-01,0,1.32,0,1.31,0,0,0,0,0,0,0,1.32,0,1.36,0,0,0,0,0,0,0,0,0,0,0,0,0,0,0,0,0,1.71,0,0,1.33,0,1.66,0,0,0,0,0,0,0,0,1.34,0,0,0,0,0,0,0,0,0,1.5,0,0,0,0,0,0,0,0,1.46,0,0,0,0,0,0,0,0,0,0,0,0,1.63,1.35,0,0,0,0,0,1.52,1.4,1.45,0,0,0,0,0,0,0,1.68,0,0,0,0,0,0,0,0,0,0,0,0,0,0,0,0,0,0,0,0,0,0,0,0,0,0,0,0,0,0,0,0,0,0,0,1.34,0,0,0,1.49,0,0,0,1.49,0,0,0,0,0,0,0,0,0,0,0,0,0,0
2013-05-01,0,1.32,0,1.31,0,0,0,0,0,0,0,1.32,0,1.36,0,0,0,0,0,0,0,0,0,0,0,0,0,0,0,0,0,1.71,0,0,1.33,0,1.66,0,0,0,0,0,0,0,0,1.34,0,0,0,0,0,0,0,0,0,1.5,0,0,0,0,0,0,0,0,1.46,0,0,0,0,0,0,0,0,0,0,0,0,1.63,1.35,0,0,0,0,0,1.52,1.4,1.45,0,0,0,0,0,0,0,1.68,0,0,0,0,0,0,0,0,0,0,0,0,0,0,0,0,0,0,0,0,0,0,0,0,0,0,0,0,0,0,0,0,0,0,0,1.34,0,0,0,1.49,0,0,0,1.49,0,0,0,0,0,0,0,0,0,0,0,0,0,0
2013-06-01,0,1.32,0,1.31,0,0,0,0,0,0,0,1.32,0,1.36,0,0,0,0,0,0,0,0,0,0,0,0,0,0,0,0,0,1.71,0,0,1.33,0,1.66,0,0,0,0,0,0,0,0,1.34,0,0,0,0,0,0,0,0,0,1.5,0,0,0,0,0,0,0,0,1.46,0,0,0,0,0,0,0,0,0,0,0,0,1.63,1.35,0,0,0,0,0,1.52,1.4,1.45,0,0,0,0,0,0,0,1.68,0,0,0,0,0,0,0,0,0,0,0,0,0,0,0,0,0,0,0,0,0,0,0,0,0,0,0,0,0,0,0,0,0,0,0,1.34,0,0,0,1.49,0,0,0,1.49,0,0,0,0,0,0,0,0,0,0,0,0,0,0
2013-07-01,0,1.38,0,1.31,0,0,0,0,0,0,0,0,0,1.53,0,0,0,0,0,0,0,0,0,0,0,0,0,0,0,0,0,0,0,0,0,0,1.63,0,1.25,0,0,0,0,0,1.3,1.3,0,0,0,0,0,0,0,0,0,1.5,0,0,0,0,0,0,0,0,0,0,0,0,0,0,0,0,0,0,0,0,0,1.52,1.36,0,0,0,1.24,0,1.64,1.47,1.36,0,0,0,0,0,0,0,0,0,0,1.29,0,0,0,0,0,0,0,0,0,0,0,0,0,0,0,0,0,0,0,0,0,0,0,0,0,0,0,0,1.25,0,0,0,1.23,0,0,0,1.48,0,0,0,1.47,0,0,0,0,0,0,0,0,0,0,0,0,0,0
2013-08-01,0,1.38,0,1.31,0,0,0,0,0,0,0,0,0,1.53,0,0,0,0,0,0,0,0,0,0,0,0,0,0,0,0,0,0,0,0,0,0,1.63,0,1.25,0,0,0,0,0,1.3,1.3,0,0,0,0,0,0,0,0,0,1.5,0,0,0,0,0,0,0,0,0,0,0,0,0,0,0,0,0,0,0,0,0,1.52,1.36,0,0,0,1.24,0,1.64,1.47,1.36,0,0,0,0,0,0,0,0,0,0,1.29,0,0,0,0,0,0,0,0,0,0,0,0,0,0,0,0,0,0,0,0,0,0,0,0,0,0,0,0,1.25,0,0,0,1.23,0,0,0,1.48,0,0,0,1.47,0,0,0,0,0,0,0,0,0,0,0,0,0,0
2013-09-01,0,1.38,0,1.31,0,0,0,0,0,0,0,0,0,1.53,0,0,0,0,0,0,0,0,0,0,0,0,0,0,0,0,0,0,0,0,0,0,1.63,0,1.25,0,0,0,0,0,1.3,1.3,0,0,0,0,0,0,0,0,0,1.5,0,0,0,0,0,0,0,0,0,0,0,0,0,0,0,0,0,0,0,0,0,1.52,1.36,0,0,0,1.24,0,1.64,1.47,1.36,0,0,0,0,0,0,0,0,0,0,1.29,0,0,0,0,0,0,0,0,0,0,0,0,0,0,0,0,0,0,0,0,0,0,0,0,0,0,0,0,1.25,0,0,0,1.23,0,0,0,1.48,0,0,0,1.47,0,0,0,0,0,0,0,0,0,0,0,0,0,0
2013-10-01,0,1.37,0,0,0,0,0,0,0,0,0,0,0,1.66,0,0,0,0,0,0,0,0,0,0,0,0,0,0,0,0,0,1.38,0,0,0,0,1.72,1.34,1.34,0,0,0,0,0,1.49,1.39,0,0,0,0,0,0,0,0,0,1.66,0,0,0,0,0,0,0,0,0,0,0,0,0,0,0,1.35,0,0,0,0,0,1.58,1.36,0,0,0,1.29,0,1.79,0,1.63,0,0,0,0,0,0,0,0,0,0,0,0,0,0,0,0,0,0,0,0,0,0,1.28,0,0,0,0,0,0,0,0,0,0,0,0,0,0,0,0,1.32,0,1.59,0,0,0,0,0,1.45,0,0,0,1.54,0,0,0,0,0,0,0,0,0,0,0,0,0,0
2013-11-01,0,1.37,0,0,0,0,0,0,0,0,0,0,0,1.66,0,0,0,0,0,0,0,0,0,0,0,0,0,0,0,0,0,1.38,0,0,0,0,1.72,1.34,1.34,0,0,0,0,0,1.49,1.39,0,0,0,0,0,0,0,0,0,1.66,0,0,0,0,0,0,0,0,0,0,0,0,0,0,0,1.35,0,0,0,0,0,1.58,1.36,0,0,0,1.29,0,1.79,0,1.63,0,0,0,0,0,0,0,0,0,0,0,0,0,0,0,0,0,0,0,0,0,0,1.28,0,0,0,0,0,0,0,0,0,0,0,0,0,0,0,0,1.32,0,1.59,0,0,0,0,0,1.45,0,0,0,1.54,0,0,0,0,0,0,0,0,0,0,0,0,0,0
2013-12-01,0,1.37,0,0,0,0,0,0,0,0,0,0,0,1.66,0,0,0,0,0,0,0,0,0,0,0,0,0,0,0,0,0,1.38,0,0,0,0,1.72,1.34,1.34,0,0,0,0,0,1.49,1.39,0,0,0,0,0,0,0,0,0,1.66,0,0,0,0,0,0,0,0,0,0,0,0,0,0,0,1.35,0,0,0,0,0,1.58,1.36,0,0,0,1.29,0,1.79,0,1.63,0,0,0,0,0,0,0,0,0,0,0,0,0,0,0,0,0,0,0,0,0,0,1.28,0,0,0,0,0,0,0,0,0,0,0,0,0,0,0,0,1.32,0,1.59,0,0,0,0,0,1.45,0,0,0,1.54,0,0,0,0,0,0,0,0,0,0,0,0,0,0
2014-01-01,0,1.37,0,0,0,0,0,0,0,0,0,1.74,0,1.53,0,0,0,0,0,0,0,0,0,0,1.41,0,0,0,0,0,0,0,0,0,0,0,1.6,1.57,0,0,0,0,0,0,0,0,0,0,0,0,0,0,0,0,0,1.5,0,0,0,0,0,0,0,0,0,0,0,0,0,0,0,1.4,0,0,0,1.49,0,0,1.72,0,0,0,1.48,0,1.57,0,1.59,0,0,0,0,0,0,0,0,0,0,0,0,0,0,0,0,0,0,0,0,0,0,1.45,1.48,0,0,0,0,0,0,0,0,0,0,0,0,0,0,0,1.35,0,1.63,0,0,0,0,0,1.39,0,0,0,1.58,0,0,0,0,0,0,0,0,0,0,0,0,0,0
2014-02-01,0,1.37,0,0,0,0,0,0,0,0,0,1.74,0,1.53,0,0,0,0,0,0,0,0,0,0,1.41,0,0,0,0,0,0,0,0,0,0,0,1.6,1.57,0,0,0,0,0,0,0,0,0,0,0,0,0,0,0,0,0,1.5,0,0,0,0,0,0,0,0,0,0,0,0,0,0,0,1.4,0,0,0,1.49,0,0,1.72,0,0,0,1.48,0,1.57,0,1.59,0,0,0,0,0,0,0,0,0,0,0,0,0,0,0,0,0,0,0,0,0,0,1.45,1.48,0,0,0,0,0,0,0,0,0,0,0,0,0,0,0,1.35,0,1.63,0,0,0,0,0,1.39,0,0,0,1.58,0,0,0,0,0,0,0,0,0,0,0,0,0,0
2014-03-01,0,1.37,0,0,0,0,0,0,0,0,0,1.74,0,1.53,0,0,0,0,0,0,0,0,0,0,1.41,0,0,0,0,0,0,0,0,0,0,0,1.6,1.57,0,0,0,0,0,0,0,0,0,0,0,0,0,0,0,0,0,1.5,0,0,0,0,0,0,0,0,0,0,0,0,0,0,0,1.4,0,0,0,1.49,0,0,1.72,0,0,0,1.48,0,1.57,0,1.59,0,0,0,0,0,0,0,0,0,0,0,0,0,0,0,0,0,0,0,0,0,0,1.45,1.48,0,0,0,0,0,0,0,0,0,0,0,0,0,0,0,1.35,0,1.63,0,0,0,0,0,1.39,0,0,0,1.58,0,0,0,0,0,0,0,0,0,0,0,0,0,0
2014-04-01,0,0,0,0,0,0,0,0,0,0,0,1.77,0,1.76,0,0,0,0,0,0,0,0,0,0,1.75,0,0,0,0,0,0,1.35,0,0,0,0,1.56,0,0,0,0,0,0,0,0,0,0,1.43,0,0,0,0,0,0,0,1.52,0,0,0,0,0,0,0,0,0,0,0,0,0,0,0,1.69,0,0,0,1.67,0,0,1.45,0,0,0,1.37,0,1.43,1.45,1.41,0,0,0,0,0,0,0,0,0,0,0,0,0,0,0,0,0,0,0,0,0,0,1.5,1.82,0,0,0,0,0,0,0,0,0,0,0,0,0,0,0,0,0,1.46,0,0,0,0,0,0,0,0,0,1.6,0,0,0,0,0,0,0,0,0,0,0,0,1.44,0
2014-05-01,0,0,0,0,0,0,0,0,0,0,0,1.77,0,1.76,0,0,0,0,0,0,0,0,0,0,1.75,0,0,0,0,0,0,1.35,0,0,0,0,1.56,0,0,0,0,0,0,0,0,0,0,1.43,0,0,0,0,0,0,0,1.52,0,0,0,0,0,0,0,0,0,0,0,0,0,0,0,1.69,0,0,0,1.67,0,0,1.45,0,0,0,1.37,0,1.43,1.45,1.41,0,0,0,0,0,0,0,0,0,0,0,0,0,0,0,0,0,0,0,0,0,0,1.5,1.82,0,0,0,0,0,0,0,0,0,0,0,0,0,0,0,0,0,1.46,0,0,0,0,0,0,0,0,0,1.6,0,0,0,0,0,0,0,0,0,0,0,0,1.44,0
2014-06-01,0,0,0,0,0,0,0,0,0,0,0,1.77,0,1.76,0,0,0,0,0,0,0,0,0,0,1.75,0,0,0,0,0,0,1.35,0,0,0,0,1.56,0,0,0,0,0,0,0,0,0,0,1.43,0,0,0,0,0,0,0,1.52,0,0,0,0,0,0,0,0,0,0,0,0,0,0,0,1.69,0,0,0,1.67,0,0,1.45,0,0,0,1.37,0,1.43,1.45,1.41,0,0,0,0,0,0,0,0,0,0,0,0,0,0,0,0,0,0,0,0,0,0,1.5,1.82,0,0,0,0,0,0,0,0,0,0,0,0,0,0,0,0,0,1.46,0,0,0,0,0,0,0,0,0,1.6,0,0,0,0,0,0,0,0,0,0,0,0,1.44,0
2014-07-01,0,0,0,0,1.34,0,0,0,0,0,0,1.56,0,1.62,0,0,0,0,0,0,0,0,0,0,1.52,0,0,0,0,0,0,0,0,0,1.34,0,1.33,0,0,0,0,0,0,0,1.43,0,0,0,0,0,0,0,0,0,0,1.43,0,0,0,0,0,0,0,0,0,0,0,0,0,0,0,0,0,0,0,1.7,0,0,1.36,0,0,0,1.32,0,1.36,1.4,0,0,1.36,0,0,0,0,0,0,0,0,0,0,0,0,0,0,0,0,0,0,0,0,1.33,1.59,0,0,0,0,1.32,0,0,0,0,0,0,0,0,0,0,0,0,1.52,0,0,0,0,0,0,0,0,0,1.5,0,0,0,0,0,0,0,0,0,0,0,0,1.67,0
2014-08-01,0,0,0,0,1.34,0,0,0,0,0,0,1.56,0,1.62,0,0,0,0,0,0,0,0,0,0,1.52,0,0,0,0,0,0,0,0,0,1.34,0,1.33,0,0,0,0,0,0,0,1.43,0,0,0,0,0,0,0,0,0,0,1.43,0,0,0,0,0,0,0,0,0,0,0,0,0,0,0,0,0,0,0,1.7,0,0,1.36,0,0,0,1.32,0,1.36,1.4,0,0,1.36,0,0,0,0,0,0,0,0,0,0,0,0,0,0,0,0,0,0,0,0,1.33,1.59,0,0,0,0,1.32,0,0,0,0,0,0,0,0,0,0,0,0,1.52,0,0,0,0,0,0,0,0,0,1.5,0,0,0,0,0,0,0,0,0,0,0,0,1.67,0
2014-09-01,0,0,0,0,1.34,0,0,0,0,0,0,1.56,0,1.62,0,0,0,0,0,0,0,0,0,0,1.52,0,0,0,0,0,0,0,0,0,1.34,0,1.33,0,0,0,0,0,0,0,1.43,0,0,0,0,0,0,0,0,0,0,1.43,0,0,0,0,0,0,0,0,0,0,0,0,0,0,0,0,0,0,0,1.7,0,0,1.36,0,0,0,1.32,0,1.36,1.4,0,0,1.36,0,0,0,0,0,0,0,0,0,0,0,0,0,0,0,0,0,0,0,0,1.33,1.59,0,0,0,0,1.32,0,0,0,0,0,0,0,0,0,0,0,0,1.52,0,0,0,0,0,0,0,0,0,1.5,0,0,0,0,0,0,0,0,0,0,0,0,1.67,0
2014-10-01,0,0,0,0,1.45,0,0,0,0,0,0,0,0,1.63,0,1.26,0,0,0,0,0,0,0,0,1.56,0,0,0,0,0,0,0,0,0,0,0,0,0,0,0,0,0,0,0,1.38,0,0,0,0,0,0,0,0,1.5,0,1.4,1.4,0,0,0,0,0,0,0,1.31,0,0,0,0,0,0,0,0,0,0,1.64,0,0,0,0,0,0,1.43,0,1.43,0,1.4,0,1.41,0,0,0,0,0,0,0,0,0,0,0,0,0,0,0,1.65,0,0,0,0,0,0,0,0,0,0,0,0,0,1.36,0,0,0,0,0,0,0,0,0,1.51,0,0,0,0,0,0,1.39,0,0,1.5,0,0,0,0,0,0,0,0,0,0,0,0,1.36,0
2014-11-01,0,0,0,0,1.45,0,0,0,0,0,0,0,0,1.63,0,1.26,0,0,0,0,0,0,0,0,1.56,0,0,0,0,0,0,0,0,0,0,0,0,0,0,0,0,0,0,0,1.38,0,0,0,0,0,0,0,0,1.5,0,1.4,1.4,0,0,0,0,0,0,0,1.31,0,0,0,0,0,0,0,0,0,0,1.64,0,0,0,0,0,0,1.43,0,1.43,0,1.4,0,1.41,0,0,0,0,0,0,0,0,0,0,0,0,0,0,0,1.65,0,0,0,0,0,0,0,0,0,0,0,0,0,1.36,0,0,0,0,0,0,0,0,0,1.51,0,0,0,0,0,0,1.39,0,0,1.5,0,0,0,0,0,0,0,0,0,0,0,0,1.36,0
2014-12-01,0,0,0,0,1.45,0,0,0,0,0,0,0,0,1.63,0,1.26,0,0,0,0,0,0,0,0,1.56,0,0,0,0,0,0,0,0,0,0,0,0,0,0,0,0,0,0,0,1.38,0,0,0,0,0,0,0,0,1.5,0,1.4,1.4,0,0,0,0,0,0,0,1.31,0,0,0,0,0,0,0,0,0,0,1.64,0,0,0,0,0,0,1.43,0,1.43,0,1.4,0,1.41,0,0,0,0,0,0,0,0,0,0,0,0,0,0,0,1.65,0,0,0,0,0,0,0,0,0,0,0,0,0,1.36,0,0,0,0,0,0,0,0,0,1.51,0,0,0,0,0,0,1.39,0,0,1.5,0,0,0,0,0,0,0,0,0,0,0,0,1.36,0
2015-01-01,0,1.43,0,0,1.44,0,0,0,0,0,0,0,0,1.61,0,1.3,0,0,0,0,0,0,0,0,1.42,0,0,0,0,0,0,0,0,0,0,0,0,0,0,0,0,0,0,0,0,0,0,0,0,0,0,1.35,1.38,1.48,0,1.39,1.4,0,0,0,0,0,0,0,1.63,0,0,0,0,0,0,0,0,1.72,0,1.71,0,0,0,0,0,0,0,0,1.63,0,0,0,1.43,0,0,0,0,0,0,0,0,0,0,0,0,0,0,0,1.52,0,0,0,0,0,0,0,0,0,0,0,0,0,0,1.25,0,0,0,0,0,0,0,0,1.42,0,0,0,0,0,0,0,0,0,1.37,0,0,0,0,1.44,0,0,0,0,0,0,0,0,0
2015-02-01,0,1.43,0,0,1.44,0,0,0,0,0,0,0,0,1.61,0,1.3,0,0,0,0,0,0,0,0,1.42,0,0,0,0,0,0,0,0,0,0,0,0,0,0,0,0,0,0,0,0,0,0,0,0,0,0,1.35,1.38,1.48,0,1.39,1.4,0,0,0,0,0,0,0,1.63,0,0,0,0,0,0,0,0,1.72,0,1.71,0,0,0,0,0,0,0,0,1.63,0,0,0,1.43,0,0,0,0,0,0,0,0,0,0,0,0,0,0,0,1.52,0,0,0,0,0,0,0,0,0,0,0,0,0,0,1.25,0,0,0,0,0,0,0,0,1.42,0,0,0,0,0,0,0,0,0,1.37,0,0,0,0,1.44,0,0,0,0,0,0,0,0,0
2015-03-01,0,1.43,0,0,1.44,0,0,0,0,0,0,0,0,1.61,0,1.3,0,0,0,0,0,0,0,0,1.42,0,0,0,0,0,0,0,0,0,0,0,0,0,0,0,0,0,0,0,0,0,0,0,0,0,0,1.35,1.38,1.48,0,1.39,1.4,0,0,0,0,0,0,0,1.63,0,0,0,0,0,0,0,0,1.72,0,1.71,0,0,0,0,0,0,0,0,1.63,0,0,0,1.43,0,0,0,0,0,0,0,0,0,0,0,0,0,0,0,1.52,0,0,0,0,0,0,0,0,0,0,0,0,0,0,1.25,0,0,0,0,0,0,0,0,1.42,0,0,0,0,0,0,0,0,0,1.37,0,0,0,0,1.44,0,0,0,0,0,0,0,0,0
2015-04-01,0,1.32,0,0,0,0,0,1.38,0,0,0,0,0,1.58,0,1.34,0,0,0,0,0,0,0,0,1.3,0,0,0,0,0,0,1.31,0,0,1.45,0,0,0,0,0,0,0,0,0,0,0,0,0,0,1.3,0,0,1.34,1.36,0,1.47,0,0,0,0,0,0,0,0,1.4,0,0,0,0,0,0,0,0,1.53,0,1.6,0,0,0,0,0,0,0,0,1.54,0,0,0,1.34,0,0,0,0,0,0,0,0,0,0,0,0,0,0,0,1.49,0,0,0,0,0,0,0,0,0,0,0,0,0,0,1.39,0,0,0,0,0,0,0,0,0,0,0,0,0,0,0,0,0,0,1.34,0,0,0,0,1.31,0,0,0,0,0,0,0,0,0
2015-05-01,0,1.32,0,0,0,0,0,1.38,0,0,0,0,0,1.58,0,1.34,0,0,0,0,0,0,0,0,1.3,0,0,0,0,0,0,1.31,0,0,1.45,0,0,0,0,0,0,0,0,0,0,0,0,0,0,1.3,0,0,1.34,1.36,0,1.47,0,0,0,0,0,0,0,0,1.4,0,0,0,0,0,0,0,0,1.53,0,1.6,0,0,0,0,0,0,0,0,1.54,0,0,0,1.34,0,0,0,0,0,0,0,0,0,0,0,0,0,0,0,1.49,0,0,0,0,0,0,0,0,0,0,0,0,0,0,1.39,0,0,0,0,0,0,0,0,0,0,0,0,0,0,0,0,0,0,1.34,0,0,0,0,1.31,0,0,0,0,0,0,0,0,0
2015-06-01,0,1.32,0,0,0,0,0,1.38,0,0,0,0,0,1.58,0,1.34,0,0,0,0,0,0,0,0,1.3,0,0,0,0,0,0,1.31,0,0,1.45,0,0,0,0,0,0,0,0,0,0,0,0,0,0,1.3,0,0,1.34,1.36,0,1.47,0,0,0,0,0,0,0,0,1.4,0,0,0,0,0,0,0,0,1.53,0,1.6,0,0,0,0,0,0,0,0,1.54,0,0,0,1.34,0,0,0,0,0,0,0,0,0,0,0,0,0,0,0,1.49,0,0,0,0,0,0,0,0,0,0,0,0,0,0,1.39,0,0,0,0,0,0,0,0,0,0,0,0,0,0,0,0,0,0,1.34,0,0,0,0,1.31,0,0,0,0,0,0,0,0,0
2015-07-01,0,1.39,0,0,0,0,0,1.44,0,0,0,0,0,1.51,0,0,0,0,0,0,0,0,0,0,0,0,0,0,0,0,0,1.56,0,0,0,0,0,1.45,0,0,0,0,0,0,0,0,0,0,0,1.37,0,0,0,1.44,0,1.57,0,0,0,0,0,0,0,0,1.43,0,0,0,0,0,0,0,0,1.85,0,1.56,0,0,0,0,0,0,1.46,0,1.57,0,0,0,1.42,0,0,0,0,0,0,0,0,0,0,0,0,0,0,0,1.65,0,0,0,0,0,0,0,0,0,0,0,0,0,0,1.49,0,0,0,0,0,0,0,0,1.41,0,0,0,0,0,0,0,0,0,1.41,0,0,0,0,0,0,0,0,0,0,0,0,1.65,0
2015-08-01,0,1.39,0,0,0,0,0,1.44,0,0,0,0,0,1.51,0,0,0,0,0,0,0,0,0,0,0,0,0,0,0,0,0,1.56,0,0,0,0,0,1.45,0,0,0,0,0,0,0,0,0,0,0,1.37,0,0,0,1.44,0,1.57,0,0,0,0,0,0,0,0,1.43,0,0,0,0,0,0,0,0,1.85,0,1.56,0,0,0,0,0,0,1.46,0,1.57,0,0,0,1.42,0,0,0,0,0,0,0,0,0,0,0,0,0,0,0,1.65,0,0,0,0,0,0,0,0,0,0,0,0,0,0,1.49,0,0,0,0,0,0,0,0,1.41,0,0,0,0,0,0,0,0,0,1.41,0,0,0,0,0,0,0,0,0,0,0,0,1.65,0
2015-09-01,0,1.39,0,0,0,0,0,1.44,0,0,0,0,0,1.51,0,0,0,0,0,0,0,0,0,0,0,0,0,0,0,0,0,1.56,0,0,0,0,0,1.45,0,0,0,0,0,0,0,0,0,0,0,1.37,0,0,0,1.44,0,1.57,0,0,0,0,0,0,0,0,1.43,0,0,0,0,0,0,0,0,1.85,0,1.56,0,0,0,0,0,0,1.46,0,1.57,0,0,0,1.42,0,0,0,0,0,0,0,0,0,0,0,0,0,0,0,1.65,0,0,0,0,0,0,0,0,0,0,0,0,0,0,1.49,0,0,0,0,0,0,0,0,1.41,0,0,0,0,0,0,0,0,0,1.41,0,0,0,0,0,0,0,0,0,0,0,0,1.65,0
2015-10-01,0,0,0,0,0,0,0,1.53,0,0,0,1.51,1.57,1.59,0,0,0,0,0,0,0,0,0,0,0,0,0,0,0,0,0,1.63,0,0,0,1.71,0,1.51,0,0,0,0,0,0,0,0,0,0,0,0,0,0,0,1.78,0,0,1.52,0,0,0,0,0,0,0,1.49,0,0,0,0,0,0,0,0,0,0,1.78,0,0,0,0,1.5,0,1.9,0,1.56,0,0,0,0,0,0,0,0,0,0,0,0,0,0,0,0,0,0,0,1.67,0,0,0,0,0,0,0,0,0,1.57,0,0,0,0,1.75,0,0,0,0,0,0,0,0,0,0,0,0,0,0,0,0,0,0,0,0,0,0,0,1.5,0,0,0,0,0,0,0,1.88,0
2015-11-01,0,0,0,0,0,0,0,1.53,0,0,0,1.51,1.57,1.59,0,0,0,0,0,0,0,0,0,0,0,0,0,0,0,0,0,1.63,0,0,0,1.71,0,1.51,0,0,0,0,0,0,0,0,0,0,0,0,0,0,0,1.78,0,0,1.52,0,0,0,0,0,0,0,1.49,0,0,0,0,0,0,0,0,0,0,1.78,0,0,0,0,1.5,0,1.9,0,1.56,0,0,0,0,0,0,0,0,0,0,0,0,0,0,0,0,0,0,0,1.67,0,0,0,0,0,0,0,0,0,1.57,0,0,0,0,1.75,0,0,0,0,0,0,0,0,0,0,0,0,0,0,0,0,0,0,0,0,0,0,0,1.5,0,0,0,0,0,0,0,1.88,0
2015-12-01,0,0,0,0,0,0,0,1.53,0,0,0,1.51,1.57,1.59,0,0,0,0,0,0,0,0,0,0,0,0,0,0,0,0,0,1.63,0,0,0,1.71,0,1.51,0,0,0,0,0,0,0,0,0,0,0,0,0,0,0,1.78,0,0,1.52,0,0,0,0,0,0,0,1.49,0,0,0,0,0,0,0,0,0,0,1.78,0,0,0,0,1.5,0,1.9,0,1.56,0,0,0,0,0,0,0,0,0,0,0,0,0,0,0,0,0,0,0,1.67,0,0,0,0,0,0,0,0,0,1.57,0,0,0,0,1.75,0,0,0,0,0,0,0,0,0,0,0,0,0,0,0,0,0,0,0,0,0,0,0,1.5,0,0,0,0,0,0,0,1.88,0
2016-01-01,0,0,0,0,0,1.53,0,1.58,0,0,0,1.65,0,0,0,0,0,0,0,0,0,0,0,0,0,0,0,0,0,0,0,1.9,0,0,0,0,0,1.52,0,0,0,0,0,0,0,0,1.5,0,0,0,0,0,0,1.72,0,0,0,0,0,0,0,0,0,0,1.71,0,0,0,0,0,0,0,0,0,0,1.9,0,0,0,0,1.86,0,1.69,0,1.99,0,0,0,0,0,0,0,0,0,0,0,0,0,0,0,0,0,0,0,1.71,0,0,0,0,0,0,0,0,0,1.69,0,0,0,1.56,0,0,0,0,0,0,0,0,0,0,0,0,0,0,0,0,0,0,0,0,0,0,0,0,1.63,0,0,0,1.89,0,0,0,1.88,2.04
2016-02-01,0,0,0,0,0,1.53,0,1.58,0,0,0,1.65,0,0,0,0,0,0,0,0,0,0,0,0,0,0,0,0,0,0,0,1.9,0,0,0,0,0,1.52,0,0,0,0,0,0,0,0,1.5,0,0,0,0,0,0,1.72,0,0,0,0,0,0,0,0,0,0,1.71,0,0,0,0,0,0,0,0,0,0,1.9,0,0,0,0,1.86,0,1.69,0,1.99,0,0,0,0,0,0,0,0,0,0,0,0,0,0,0,0,0,0,0,1.71,0,0,0,0,0,0,0,0,0,1.69,0,0,0,1.56,0,0,0,0,0,0,0,0,0,0,0,0,0,0,0,0,0,0,0,0,0,0,0,0,1.63,0,0,0,1.89,0,0,0,1.88,2.04
2016-03-01,0,0,0,0,0,1.53,0,1.58,0,0,0,1.65,0,0,0,0,0,0,0,0,0,0,0,0,0,0,0,0,0,0,0,1.9,0,0,0,0,0,1.52,0,0,0,0,0,0,0,0,1.5,0,0,0,0,0,0,1.72,0,0,0,0,0,0,0,0,0,0,1.71,0,0,0,0,0,0,0,0,0,0,1.9,0,0,0,0,1.86,0,1.69,0,1.99,0,0,0,0,0,0,0,0,0,0,0,0,0,0,0,0,0,0,0,1.71,0,0,0,0,0,0,0,0,0,1.69,0,0,0,1.56,0,0,0,0,0,0,0,0,0,0,0,0,0,0,0,0,0,0,0,0,0,0,0,0,1.63,0,0,0,1.89,0,0,0,1.88,2.04
2016-04-01,0,0,0,0,0,0,0,1.63,0,0,0,1.66,0,0,0,0,0,0,0,0,0,0,0,0,0,0,0,0,0,0,0,1.63,0,0,0,0,0,1.57,0,0,0,0,0,0,0,0,1.67,0,0,0,0,0,0,1.67,0,0,0,0,0,0,0,0,0,0,1.84,0,0,0,0,0,0,0,0,0,0,1.9,0,0,0,0,1.79,0,1.84,0,1.83,0,1.71,0,0,0,0,0,0,0,1.52,0,0,0,0,0,0,0,0,0,1.83,0,0,0,0,0,0,0,0,0,0,0,0,0,0,1.55,0,0,0,0,0,0,0,0,0,0,0,0,0,0,0,0,0,0,1.47,0,0,0,0,0,0,0,0,0,0,0,0,1.53,1.84
2016-05-01,0,0,0,0,0,0,0,1.63,0,0,0,1.66,0,0,0,0,0,0,0,0,0,0,0,0,0,0,0,0,0,0,0,1.63,0,0,0,0,0,1.57,0,0,0,0,0,0,0,0,1.67,0,0,0,0,0,0,1.67,0,0,0,0,0,0,0,0,0,0,1.84,0,0,0,0,0,0,0,0,0,0,1.9,0,0,0,0,1.79,0,1.84,0,1.83,0,1.71,0,0,0,0,0,0,0,1.52,0,0,0,0,0,0,0,0,0,1.83,0,0,0,0,0,0,0,0,0,0,0,0,0,0,1.55,0,0,0,0,0,0,0,0,0,0,0,0,0,0,0,0,0,0,1.47,0,0,0,0,0,0,0,0,0,0,0,0,1.53,1.84
2016-06-01,0,0,0,0,0,0,0,1.63,0,0,0,1.66,0,0,0,0,0,0,0,0,0,0,0,0,0,0,0,0,0,0,0,1.63,0,0,0,0,0,1.57,0,0,0,0,0,0,0,0,1.67,0,0,0,0,0,0,1.67,0,0,0,0,0,0,0,0,0,0,1.84,0,0,0,0,0,0,0,0,0,0,1.9,0,0,0,0,1.79,0,1.84,0,1.83,0,1.71,0,0,0,0,0,0,0,1.52,0,0,0,0,0,0,0,0,0,1.83,0,0,0,0,0,0,0,0,0,0,0,0,0,0,1.55,0,0,0,0,0,0,0,0,0,0,0,0,0,0,0,0,0,0,1.47,0,0,0,0,0,0,0,0,0,0,0,0,1.53,1.84
2016-07-01,0,0,0,0,0,0,0,0,0,0,0,1.66,0,0,0,0,0,0,0,0,0,0,0,1.64,0,0,0,0,0,0,0,0,0,1.57,1.74,0,0,0,0,0,0,0,0,1.66,1.54,0,1.63,0,0,0,0,0,0,1.51,0,0,1.6,0,0,0,0,0,0,0,1.79,0,0,0,0,0,0,0,0,0,0,2.06,0,0,0,0,1.68,0,1.5,0,2.04,0,0,0,0,0,0,0,0,0,1.66,0,0,0,0,0,0,0,1.6,0,1.74,0,0,0,0,0,0,0,0,0,0,0,0,0,0,1.61,0,0,0,0,0,0,0,0,0,0,0,0,0,0,0,0,0,0,0,0,0,0,0,0,0,0,0,0,0,0,0,0,1.88
2016-08-01,0,0,0,0,0,0,0,0,0,0,0,1.66,0,0,0,0,0,0,0,0,0,0,0,1.64,0,0,0,0,0,0,0,0,0,1.57,1.74,0,0,0,0,0,0,0,0,1.66,1.54,0,1.63,0,0,0,0,0,0,1.51,0,0,1.6,0,0,0,0,0,0,0,1.79,0,0,0,0,0,0,0,0,0,0,2.06,0,0,0,0,1.68,0,1.5,0,2.04,0,0,0,0,0,0,0,0,0,1.66,0,0,0,0,0,0,0,1.6,0,1.74,0,0,0,0,0,0,0,0,0,0,0,0,0,0,1.61,0,0,0,0,0,0,0,0,0,0,0,0,0,0,0,0,0,0,0,0,0,0,0,0,0,0,0,0,0,0,0,0,1.88
2016-09-01,0,0,0,0,0,0,0,0,0,0,0,1.66,0,0,0,0,0,0,0,0,0,0,0,1.64,0,0,0,0,0,0,0,0,0,1.57,1.74,0,0,0,0,0,0,0,0,1.66,1.54,0,1.63,0,0,0,0,0,0,1.51,0,0,1.6,0,0,0,0,0,0,0,1.79,0,0,0,0,0,0,0,0,0,0,2.06,0,0,0,0,1.68,0,1.5,0,2.04,0,0,0,0,0,0,0,0,0,1.66,0,0,0,0,0,0,0,1.6,0,1.74,0,0,0,0,0,0,0,0,0,0,0,0,0,0,1.61,0,0,0,0,0,0,0,0,0,0,0,0,0,0,0,0,0,0,0,0,0,0,0,0,0,0,0,0,0,0,0,0,1.88
2016-10-01,0,0,0,0,0,0,0,0,0,0,0,1.91,0,0,0,0,0,0,0,0,0,0,0,1.47,0,0,0,0,0,0,0,0,0,1.42,0,1.51,0,1.63,0,0,0,0,0,0,0,0,0,0,0,0,0,0,0,1.52,0,0,0,0,0,0,0,0,0,0,0,0,0,0,0,0,0,0,0,0,0,1.45,0,0,0,0,1.76,0,0,0,2.18,0,0,0,0,0,0,0,0,0,1.42,0,0,0,0,0,0,0,1.78,0,1.51,0,0,0,1.87,0,0,0,0,0,1.38,0,0,0,0,1.56,0,0,0,0,0,0,0,0,0,0,0,0,0,0,0,0,0,0,0,0,0,0,0,0,0,0,0,0,0,0,0,2.29,2.17
2016-11-01,0,0,0,0,0,0,0,0,0,0,0,1.91,0,0,0,0,0,0,0,0,0,0,0,1.47,0,0,0,0,0,0,0,0,0,1.42,0,1.51,0,1.63,0,0,0,0,0,0,0,0,0,0,0,0,0,0,0,1.52,0,0,0,0,0,0,0,0,0,0,0,0,0,0,0,0,0,0,0,0,0,1.45,0,0,0,0,1.76,0,0,0,2.18,0,0,0,0,0,0,0,0,0,1.42,0,0,0,0,0,0,0,1.78,0,1.51,0,0,0,1.87,0,0,0,0,0,1.38,0,0,0,0,1.56,0,0,0,0,0,0,0,0,0,0,0,0,0,0,0,0,0,0,0,0,0,0,0,0,0,0,0,0,0,0,0,2.29,2.17
2016-12-01,0,0,0,0,0,0,0,0,0,0,0,1.91,0,0,0,0,0,0,0,0,0,0,0,1.47,0,0,0,0,0,0,0,0,0,1.42,0,1.51,0,1.63,0,0,0,0,0,0,0,0,0,0,0,0,0,0,0,1.52,0,0,0,0,0,0,0,0,0,0,0,0,0,0,0,0,0,0,0,0,0,1.45,0,0,0,0,1.76,0,0,0,2.18,0,0,0,0,0,0,0,0,0,1.42,0,0,0,0,0,0,0,1.78,0,1.51,0,0,0,1.87,0,0,0,0,0,1.38,0,0,0,0,1.56,0,0,0,0,0,0,0,0,0,0,0,0,0,0,0,0,0,0,0,0,0,0,0,0,0,0,0,0,0,0,0,2.29,2.17
2017-01-01,0,0,0,0,0,0,0,0,0,0,0,1.77,0,0,0,0,0,0,0,0,0,0,0,0,0,0,0,0,0,0,0,0,0,0,0,1.54,0,0,0,0,0,0,1.34,1.42,1.34,0,0,0,0,0,0,0,0,0,0,0,0,0,0,0,0,0,0,0,0,0,0,0,0,0,0,0,0,0,0,0,0,0,0,0,1.72,0,0,0,2.03,0,0,0,0,0,0,0,0,0,0,0,0,0,0,0,0,0,1.72,0,1.7,0,0,0,2.04,0,0,0,0,0,1.35,0,0,0,0,1.55,0,1.44,0,1.53,0,0,0,0,0,0,0,0,0,0,0,0,0,0,0,1.39,0,0,0,0,0,0,0,0,0,0,0,2.14,2.2
2017-02-01,0,0,0,0,0,0,0,0,0,0,0,1.77,0,0,0,0,0,0,0,0,0,0,0,0,0,0,0,0,0,0,0,0,0,0,0,1.54,0,0,0,0,0,0,1.34,1.42,1.34,0,0,0,0,0,0,0,0,0,0,0,0,0,0,0,0,0,0,0,0,0,0,0,0,0,0,0,0,0,0,0,0,0,0,0,1.72,0,0,0,2.03,0,0,0,0,0,0,0,0,0,0,0,0,0,0,0,0,0,1.72,0,1.7,0,0,0,2.04,0,0,0,0,0,1.35,0,0,0,0,1.55,0,1.44,0,1.53,0,0,0,0,0,0,0,0,0,0,0,0,0,0,0,1.39,0,0,0,0,0,0,0,0,0,0,0,2.14,2.2
2017-03-01,0,0,0,0,0,0,0,0,0,0,0,1.77,0,0,0,0,0,0,0,0,0,0,0,0,0,0,0,0,0,0,0,0,0,0,0,1.54,0,0,0,0,0,0,1.34,1.42,1.34,0,0,0,0,0,0,0,0,0,0,0,0,0,0,0,0,0,0,0,0,0,0,0,0,0,0,0,0,0,0,0,0,0,0,0,1.72,0,0,0,2.03,0,0,0,0,0,0,0,0,0,0,0,0,0,0,0,0,0,1.72,0,1.7,0,0,0,2.04,0,0,0,0,0,1.35,0,0,0,0,1.55,0,1.44,0,1.53,0,0,0,0,0,0,0,0,0,0,0,0,0,0,0,1.39,0,0,0,0,0,0,0,0,0,0,0,2.14,2.2
2017-04-01,0,2.07,0,0,0,0,0,0,0,0,0,0,0,0,0,0,0,0,0,0,0,0,0,1.44,0,0,0,0,0,0,0,0,0,1.28,0,0,0,0,0,0,0,0,0,0,0,0,0,0,0,0,0,0,0,0,0,0,0,0,0,2.42,0,0,0,0,0,0,0,0,0,0,0,0,0,0,0,1.33,0,0,0,0,1.92,0,0,0,1.66,0,0,0,0,0,0,0,0,0,0,0,0,0,0,0,0,0,1.54,0,2.18,0,1.47,0,1.55,0,0,0,0,0,0,0,0,0,0,1.47,0,1.58,1.81,1.52,0,0,0,0,0,0,0,0,0,0,0,0,0,0,0,0,0,0,0,1.95,0,0,0,1.36,0,0,0,1.81,1.44
2017-05-01,0,2.07,0,0,0,0,0,0,0,0,0,0,0,0,0,0,0,0,0,0,0,0,0,1.44,0,0,0,0,0,0,0,0,0,1.28,0,0,0,0,0,0,0,0,0,0,0,0,0,0,0,0,0,0,0,0,0,0,0,0,0,2.42,0,0,0,0,0,0,0,0,0,0,0,0,0,0,0,1.33,0,0,0,0,1.92,0,0,0,1.66,0,0,0,0,0,0,0,0,0,0,0,0,0,0,0,0,0,1.54,0,2.18,0,1.47,0,1.55,0,0,0,0,0,0,0,0,0,0,1.47,0,1.58,1.81,1.52,0,0,0,0,0,0,0,0,0,0,0,0,0,0,0,0,0,0,0,1.95,0,0,0,1.36,0,0,0,1.81,1.44
2017-06-01,0,2.07,0,0,0,0,0,0,0,0,0,0,0,0,0,0,0,0,0,0,0,0,0,1.44,0,0,0,0,0,0,0,0,0,1.28,0,0,0,0,0,0,0,0,0,0,0,0,0,0,0,0,0,0,0,0,0,0,0,0,0,2.42,0,0,0,0,0,0,0,0,0,0,0,0,0,0,0,1.33,0,0,0,0,1.92,0,0,0,1.66,0,0,0,0,0,0,0,0,0,0,0,0,0,0,0,0,0,1.54,0,2.18,0,1.47,0,1.55,0,0,0,0,0,0,0,0,0,0,1.47,0,1.58,1.81,1.52,0,0,0,0,0,0,0,0,0,0,0,0,0,0,0,0,0,0,0,1.95,0,0,0,1.36,0,0,0,1.81,1.44
2017-07-01,0,2.25,0,0,0,0,0,0,0,0,0,0,0,0,0,0,0,0,0,0,0,0,0,1.62,0,0,0,0,0,0,0,1.5,0,0,0,0,0,0,0,0,0,0,0,1.36,0,0,0,0,0,0,0,0,0,1.32,0,0,0,0,0,2.6,0,0,0,0,0,0,0,0,0,0,0,0,0,0,0,1.4,0,0,0,0,1.89,0,0,0,1.74,0,0,0,0,0,0,0,0,0,0,0,0,0,0,0,0,0,1.47,0,2.04,0,1.62,0,1.64,0,0,0,0,0,0,0,0,0,0,1.75,0,1.67,0,1.74,0,0,0,0,0,0,0,0,0,0,0,0,0,0,0,0,0,0,0,2.09,0,0,0,0,0,0,0,2,1.6
2017-08-01,0,2.25,0,0,0,0,0,0,0,0,0,0,0,0,0,0,0,0,0,0,0,0,0,1.62,0,0,0,0,0,0,0,1.5,0,0,0,0,0,0,0,0,0,0,0,1.36,0,0,0,0,0,0,0,0,0,1.32,0,0,0,0,0,2.6,0,0,0,0,0,0,0,0,0,0,0,0,0,0,0,1.4,0,0,0,0,1.89,0,0,0,1.74,0,0,0,0,0,0,0,0,0,0,0,0,0,0,0,0,0,1.47,0,2.04,0,1.62,0,1.64,0,0,0,0,0,0,0,0,0,0,1.75,0,1.67,0,1.74,0,0,0,0,0,0,0,0,0,0,0,0,0,0,0,0,0,0,0,2.09,0,0,0,0,0,0,0,2,1.6
2017-09-01,0,2.25,0,0,0,0,0,0,0,0,0,0,0,0,0,0,0,0,0,0,0,0,0,1.62,0,0,0,0,0,0,0,1.5,0,0,0,0,0,0,0,0,0,0,0,1.36,0,0,0,0,0,0,0,0,0,1.32,0,0,0,0,0,2.6,0,0,0,0,0,0,0,0,0,0,0,0,0,0,0,1.4,0,0,0,0,1.89,0,0,0,1.74,0,0,0,0,0,0,0,0,0,0,0,0,0,0,0,0,0,1.47,0,2.04,0,1.62,0,1.64,0,0,0,0,0,0,0,0,0,0,1.75,0,1.67,0,1.74,0,0,0,0,0,0,0,0,0,0,0,0,0,0,0,0,0,0,0,2.09,0,0,0,0,0,0,0,2,1.6
2017-10-01,0,2.44,0,0,0,0,0,0,0,0,0,0,0,0,0,0,0,0,0,0,0,0,0,1.53,0,0,1.5,0,0,0,0,1.37,0,0,0,0,0,0,0,0,0,0,0,2.14,0,0,0,0,0,0,0,0,0,1.44,0,0,0,0,0,2.8,0,0,0,0,0,0,0,0,0,0,0,0,0,2.27,0,0,0,0,0,0,1.61,0,0,0,1.95,0,0,0,0,0,0,0,0,0,0,0,0,0,0,0,0,0,0,0,1.97,0,1.46,0,1.5,0,0,0,0,0,0,0,0,0,0,1.52,0,1.94,0,1.96,0,0,0,0,0,0,0,0,0,0,0,0,0,0,0,0,0,0,0,1.84,1.52,0,0,0,0,0,0,2.19,1.72
2017-11-01,0,2.44,0,0,0,0,0,0,0,0,0,0,0,0,0,0,0,0,0,0,0,0,0,1.53,0,0,1.5,0,0,0,0,1.37,0,0,0,0,0,0,0,0,0,0,0,2.14,0,0,0,0,0,0,0,0,0,1.44,0,0,0,0,0,2.8,0,0,0,0,0,0,0,0,0,0,0,0,0,2.27,0,0,0,0,0,0,1.61,0,0,0,1.95,0,0,0,0,0,0,0,0,0,0,0,0,0,0,0,0,0,0,0,1.97,0,1.46,0,1.5,0,0,0,0,0,0,0,0,0,0,1.52,0,1.94,0,1.96,0,0,0,0,0,0,0,0,0,0,0,0,0,0,0,0,0,0,0,1.84,1.52,0,0,0,0,0,0,2.19,1.72
2017-12-01,0,2.44,0,0,0,0,0,0,0,0,0,0,0,0,0,0,0,0,0,0,0,0,0,1.53,0,0,1.5,0,0,0,0,1.37,0,0,0,0,0,0,0,0,0,0,0,2.14,0,0,0,0,0,0,0,0,0,1.44,0,0,0,0,0,2.8,0,0,0,0,0,0,0,0,0,0,0,0,0,2.27,0,0,0,0,0,0,1.61,0,0,0,1.95,0,0,0,0,0,0,0,0,0,0,0,0,0,0,0,0,0,0,0,1.97,0,1.46,0,1.5,0,0,0,0,0,0,0,0,0,0,1.52,0,1.94,0,1.96,0,0,0,0,0,0,0,0,0,0,0,0,0,0,0,0,0,0,0,1.84,1.52,0,0,0,0,0,0,2.19,1.72
2018-01-01,0,2.41,0,0,0,0,0,0,0,0,0,0,0,0,0,0,0,0,0,0,0,0,0,0,0,0,1.73,0,0,0,0,1.4,0,1.46,0,0,0,0,0,0,0,0,0,1.57,0,0,0,0,0,0,0,0,0,0,0,0,0,0,0,2.39,0,0,0,0,0,0,0,0,0,0,0,0,0,2.17,0,0,0,0,0,0,1.61,0,0,0,1.8,0,0,0,0,0,0,0,0,0,1.72,0,0,0,0,0,1.34,0,1.44,0,1.38,0,0,0,0,0,0,0,0,0,0,0,0,0,0,1.43,0,1.51,0,1.4,0,0,0,0,0,0,0,0,0,0,0,0,0,0,0,0,0,0,1.33,1.67,0,0,0,0,0,0,0,1.91,1.89
2018-02-01,0,2.41,0,0,0,0,0,0,0,0,0,0,0,0,0,0,0,0,0,0,0,0,0,0,0,0,1.73,0,0,0,0,1.4,0,1.46,0,0,0,0,0,0,0,0,0,1.57,0,0,0,0,0,0,0,0,0,0,0,0,0,0,0,2.39,0,0,0,0,0,0,0,0,0,0,0,0,0,2.17,0,0,0,0,0,0,1.61,0,0,0,1.8,0,0,0,0,0,0,0,0,0,1.72,0,0,0,0,0,1.34,0,1.44,0,1.38,0,0,0,0,0,0,0,0,0,0,0,0,0,0,1.43,0,1.51,0,1.4,0,0,0,0,0,0,0,0,0,0,0,0,0,0,0,0,0,0,1.33,1.67,0,0,0,0,0,0,0,1.91,1.89
2018-03-01,0,2.41,0,0,0,0,0,0,0,0,0,0,0,0,0,0,0,0,0,0,0,0,0,0,0,0,1.73,0,0,0,0,1.4,0,1.46,0,0,0,0,0,0,0,0,0,1.57,0,0,0,0,0,0,0,0,0,0,0,0,0,0,0,2.39,0,0,0,0,0,0,0,0,0,0,0,0,0,2.17,0,0,0,0,0,0,1.61,0,0,0,1.8,0,0,0,0,0,0,0,0,0,1.72,0,0,0,0,0,1.34,0,1.44,0,1.38,0,0,0,0,0,0,0,0,0,0,0,0,0,0,1.43,0,1.51,0,1.4,0,0,0,0,0,0,0,0,0,0,0,0,0,0,0,0,0,0,1.33,1.67,0,0,0,0,0,0,0,1.91,1.89
2018-04-01,0,2.48,0,0,0,0,0,0,0,0,0,0,0,0,0,0,0,0,0,0,0,0,0,1.33,0,0,1.64,0,0,0,0,0,0,1.4,0,0,0,0,0,0,0,0,0,2.27,0,0,0,0,0,0,0,0,0,0,0,0,0,0,0,1.36,0,0,0,0,0,0,0,0,0,0,0,0,0,0,0,1.4,0,0,0,0,0,1.45,0,0,1.71,0,0,0,0,0,0,0,0,0,0,0,0,0,0,0,1.57,0,1.54,0,1.45,0,0,0,0,0,0,0,0,0,0,0,0,0,0,1.49,0,1.44,0,1.63,0,0,0,0,0,0,0,0,0,0,0,0,0,0,0,0,0,0,1.43,1.75,0,0,0,0,0,0,0,2.09,1.53
2018-05-01,0,2.48,0,0,0,0,0,0,0,0,0,0,0,0,0,0,0,0,0,0,0,0,0,1.33,0,0,1.64,0,0,0,0,0,0,1.4,0,0,0,0,0,0,0,0,0,2.27,0,0,0,0,0,0,0,0,0,0,0,0,0,0,0,1.36,0,0,0,0,0,0,0,0,0,0,0,0,0,0,0,1.4,0,0,0,0,0,1.45,0,0,1.71,0,0,0,0,0,0,0,0,0,0,0,0,0,0,0,1.57,0,1.54,0,1.45,0,0,0,0,0,0,0,0,0,0,0,0,0,0,1.49,0,1.44,0,1.63,0,0,0,0,0,0,0,0,0,0,0,0,0,0,0,0,0,0,1.43,1.75,0,0,0,0,0,0,0,2.09,1.53
2018-06-01,0,2.48,0,0,0,0,0,0,0,0,0,0,0,0,0,0,0,0,0,0,0,0,0,1.33,0,0,1.64,0,0,0,0,0,0,1.4,0,0,0,0,0,0,0,0,0,2.27,0,0,0,0,0,0,0,0,0,0,0,0,0,0,0,1.36,0,0,0,0,0,0,0,0,0,0,0,0,0,0,0,1.4,0,0,0,0,0,1.45,0,0,1.71,0,0,0,0,0,0,0,0,0,0,0,0,0,0,0,1.57,0,1.54,0,1.45,0,0,0,0,0,0,0,0,0,0,0,0,0,0,1.49,0,1.44,0,1.63,0,0,0,0,0,0,0,0,0,0,0,0,0,0,0,0,0,0,1.43,1.75,0,0,0,0,0,0,0,2.09,1.53
2018-07-01,0,1.57,0,0,0,0,0,0,0,0,0,0,0,0,0,0,0,0,0,0,0,0,0,1.36,0,0,1.63,0,0,0,0,1.49,0,1.35,1.34,0,0,0,0,0,0,0,1.32,1.9,0,0,0,0,0,0,0,0,0,0,0,0,0,0,0,1.31,0,0,1.38,0,0,0,0,0,0,0,0,0,0,0,0,1.32,0,0,0,0,1.39,1.28,0,0,1.74,0,0,0,0,0,0,0,0,0,0,0,0,0,0,0,1.63,0,1.65,0,0,0,0,0,0,0,0,0,0,0,0,0,0,0,0,0,0,0,0,0,0,0,0,0,0,0,0,0,0,0,0,0,0,0,0,0,0,0,1.37,1.86,0,0,0,0,0,0,0,1.87,0
2018-08-01,0,1.57,0,0,0,0,0,0,0,0,0,0,0,0,0,0,0,0,0,0,0,0,0,1.36,0,0,1.63,0,0,0,0,1.49,0,1.35,1.34,0,0,0,0,0,0,0,1.32,1.9,0,0,0,0,0,0,0,0,0,0,0,0,0,0,0,1.31,0,0,1.38,0,0,0,0,0,0,0,0,0,0,0,0,1.32,0,0,0,0,1.39,1.28,0,0,1.74,0,0,0,0,0,0,0,0,0,0,0,0,0,0,0,1.63,0,1.65,0,0,0,0,0,0,0,0,0,0,0,0,0,0,0,0,0,0,0,0,0,0,0,0,0,0,0,0,0,0,0,0,0,0,0,0,0,0,0,1.37,1.86,0,0,0,0,0,0,0,1.87,0
2018-09-01,0,1.57,0,0,0,0,0,0,0,0,0,0,0,0,0,0,0,0,0,0,0,0,0,1.36,0,0,1.63,0,0,0,0,1.49,0,1.35,1.34,0,0,0,0,0,0,0,1.32,1.9,0,0,0,0,0,0,0,0,0,0,0,0,0,0,0,1.31,0,0,1.38,0,0,0,0,0,0,0,0,0,0,0,0,1.32,0,0,0,0,1.39,1.28,0,0,1.74,0,0,0,0,0,0,0,0,0,0,0,0,0,0,0,1.63,0,1.65,0,0,0,0,0,0,0,0,0,0,0,0,0,0,0,0,0,0,0,0,0,0,0,0,0,0,0,0,0,0,0,0,0,0,0,0,0,0,0,1.37,1.86,0,0,0,0,0,0,0,1.87,0
2018-10-01,0,1.72,0,0,0,0,0,0,0,0,0,0,0,0,0,0,0,0,0,0,0,0,0,1.61,0,0,0,0,0,0,0,1.61,0,1.36,0,0,0,0,0,0,0,0,1.51,2.01,0,0,0,0,0,0,0,0,0,0,1.28,0,0,0,0,1.69,0,0,1.5,0,0,0,0,0,0,0,0,0,0,1.57,0,1.28,0,0,0,0,1.95,1.42,0,0,1.76,0,0,0,0,0,0,0,0,0,0,0,0,0,0,0,1.42,0,0,1.37,0,0,0,0,0,0,0,0,0,0,0,0,0,0,0,0,0,0,0,0,1.43,0,0,0,0,0,0,0,0,0,0,0,0,0,0,0,0,0,0,1.95,0,0,0,1.53,0,0,0,1.81,0
2018-11-01,0,1.72,0,0,0,0,0,0,0,0,0,0,0,0,0,0,0,0,0,0,0,0,0,1.61,0,0,0,0,0,0,0,1.61,0,1.36,0,0,0,0,0,0,0,0,1.51,2.01,0,0,0,0,0,0,0,0,0,0,1.28,0,0,0,0,1.69,0,0,1.5,0,0,0,0,0,0,0,0,0,0,1.57,0,1.28,0,0,0,0,1.95,1.42,0,0,1.76,0,0,0,0,0,0,0,0,0,0,0,0,0,0,0,1.42,0,0,1.37,0,0,0,0,0,0,0,0,0,0,0,0,0,0,0,0,0,0,0,0,1.43,0,0,0,0,0,0,0,0,0,0,0,0,0,0,0,0,0,0,1.95,0,0,0,1.53,0,0,0,1.81,0
2018-12-01,0,1.72,0,0,0,0,0,0,0,0,0,0,0,0,0,0,0,0,0,0,0,0,0,1.61,0,0,0,0,0,0,0,1.61,0,1.36,0,0,0,0,0,0,0,0,1.51,2.01,0,0,0,0,0,0,0,0,0,0,1.28,0,0,0,0,1.69,0,0,1.5,0,0,0,0,0,0,0,0,0,0,1.57,0,1.28,0,0,0,0,1.95,1.42,0,0,1.76,0,0,0,0,0,0,0,0,0,0,0,0,0,0,0,1.42,0,0,1.37,0,0,0,0,0,0,0,0,0,0,0,0,0,0,0,0,0,0,0,0,1.43,0,0,0,0,0,0,0,0,0,0,0,0,0,0,0,0,0,0,1.95,0,0,0,1.53,0,0,0,1.81,0
2019-01-01,0,0,0,0,0,0,0,0,0,0,0,0,0,0,0,0,0,0,0,0,0,0,0,1.75,0,0,0,0,0,0,0,1.41,0,1.57,1.51,0,0,0,0,0,0,0,1.62,2.04,0,0,0,0,1.44,0,0,0,0,0,1.66,0,0,0,0,0,0,0,0,0,0,0,0,0,0,0,0,0,0,1.45,0,1.47,0,0,0,0,0,1.54,0,0,1.56,0,0,0,0,0,0,0,0,0,0,0,0,0,0,0,0,0,0,1.34,0,0,0,0,0,0,0,0,0,0,0,0,0,0,0,0,0,0,0,0,1.63,0,0,0,0,0,0,0,0,0,0,0,0,0,0,0,0,0,1.32,1.5,1.51,0,0,1.71,0,0,0,2.11,0
2019-02-01,0,0,0,0,0,0,0,0,0,0,0,0,0,0,0,0,0,0,0,0,0,0,0,1.75,0,0,0,0,0,0,0,1.41,0,1.57,1.51,0,0,0,0,0,0,0,1.62,2.04,0,0,0,0,1.44,0,0,0,0,0,1.66,0,0,0,0,0,0,0,0,0,0,0,0,0,0,0,0,0,0,1.45,0,1.47,0,0,0,0,0,1.54,0,0,1.56,0,0,0,0,0,0,0,0,0,0,0,0,0,0,0,0,0,0,1.34,0,0,0,0,0,0,0,0,0,0,0,0,0,0,0,0,0,0,0,0,1.63,0,0,0,0,0,0,0,0,0,0,0,0,0,0,0,0,0,1.32,1.5,1.51,0,0,1.71,0,0,0,2.11,0
2019-03-01,0,0,0,0,0,0,0,0,0,0,0,0,0,0,0,0,0,0,0,0,0,0,0,1.75,0,0,0,0,0,0,0,1.41,0,1.57,1.51,0,0,0,0,0,0,0,1.62,2.04,0,0,0,0,1.44,0,0,0,0,0,1.66,0,0,0,0,0,0,0,0,0,0,0,0,0,0,0,0,0,0,1.45,0,1.47,0,0,0,0,0,1.54,0,0,1.56,0,0,0,0,0,0,0,0,0,0,0,0,0,0,0,0,0,0,1.34,0,0,0,0,0,0,0,0,0,0,0,0,0,0,0,0,0,0,0,0,1.63,0,0,0,0,0,0,0,0,0,0,0,0,0,0,0,0,0,1.32,1.5,1.51,0,0,1.71,0,0,0,2.11,0
2019-04-01,0,0,0,0,0,0,0,0,0,0,0,0,1.43,0,0,0,0,0,0,0,0,0,0,1.86,0,0,0,0,0,0,0,0,0,1.62,1.34,0,0,0,0,0,0,0,0,2.23,0,0,0,0,1.49,0,0,0,0,0,0,0,0,0,0,0,0,0,0,0,0,0,0,0,0,0,0,0,0,1.36,0,1.38,0,0,0,0,0,1.59,0,0,1.41,0,0,0,0,0,1.33,0,0,0,0,0,0,0,0,0,0,0,0,1.41,0,0,0,0,0,0,0,0,0,0,0,0,0,0,0,0,0,1.4,0,0,1.74,0,0,0,0,0,0,0,0,0,0,0,0,0,0,0,0,0,1.43,1.38,1.46,0,0,1.67,0,0,0,2.04,0
2019-05-01,0,0,0,0,0,0,0,0,0,0,0,0,1.43,0,0,0,0,0,0,0,0,0,0,1.86,0,0,0,0,0,0,0,0,0,1.62,1.34,0,0,0,0,0,0,0,0,2.23,0,0,0,0,1.49,0,0,0,0,0,0,0,0,0,0,0,0,0,0,0,0,0,0,0,0,0,0,0,0,1.36,0,1.38,0,0,0,0,0,1.59,0,0,1.41,0,0,0,0,0,1.33,0,0,0,0,0,0,0,0,0,0,0,0,1.41,0,0,0,0,0,0,0,0,0,0,0,0,0,0,0,0,0,1.4,0,0,1.74,0,0,0,0,0,0,0,0,0,0,0,0,0,0,0,0,0,1.43,1.38,1.46,0,0,1.67,0,0,0,2.04,0
2019-06-01,0,0,0,0,0,0,0,0,0,0,0,0,1.43,0,0,0,0,0,0,0,0,0,0,1.86,0,0,0,0,0,0,0,0,0,1.62,1.34,0,0,0,0,0,0,0,0,2.23,0,0,0,0,1.49,0,0,0,0,0,0,0,0,0,0,0,0,0,0,0,0,0,0,0,0,0,0,0,0,1.36,0,1.38,0,0,0,0,0,1.59,0,0,1.41,0,0,0,0,0,1.33,0,0,0,0,0,0,0,0,0,0,0,0,1.41,0,0,0,0,0,0,0,0,0,0,0,0,0,0,0,0,0,1.4,0,0,1.74,0,0,0,0,0,0,0,0,0,0,0,0,0,0,0,0,0,1.43,1.38,1.46,0,0,1.67,0,0,0,2.04,0
2019-07-01,0,0,0,0,0,0,0,0,0,0,0,0,0,0,0,0,0,0,0,0,0,0,0,1.8,0,0,0,0,0,0,0,0,0,1.84,0,0,0,0,0,0,0,0,0,2.06,0,0,0,0,1.34,0,0,0,0,1.53,0,0,0,1.52,0,0,0,0,0,0,0,0,0,0,0,0,0,0,0,1.45,0,1.43,0,0,0,0,0,1.42,0,0,1.33,0,0,0,0,0,1.53,0,0,0,0,0,0,0,0,0,0,0,0,0,0,0,0,0,0,0,0,0,0,0,0,0,0,0,0,0,0,0,0,0,1.69,0,0,0,0,0,0,0,0,0,1.41,0,0,0,1.32,0,0,0,1.48,1.76,0,0,0,1.64,0,0,0,1.73,1.44
2019-08-01,0,0,0,0,0,0,0,0,0,0,0,0,0,0,0,0,0,0,0,0,0,0,0,1.8,0,0,0,0,0,0,0,0,0,1.84,0,0,0,0,0,0,0,0,0,2.06,0,0,0,0,1.34,0,0,0,0,1.53,0,0,0,1.52,0,0,0,0,0,0,0,0,0,0,0,0,0,0,0,1.45,0,1.43,0,0,0,0,0,1.42,0,0,1.33,0,0,0,0,0,1.53,0,0,0,0,0,0,0,0,0,0,0,0,0,0,0,0,0,0,0,0,0,0,0,0,0,0,0,0,0,0,0,0,0,1.69,0,0,0,0,0,0,0,0,0,1.41,0,0,0,1.32,0,0,0,1.48,1.76,0,0,0,1.64,0,0,0,1.73,1.44
2019-09-01,0,0,0,0,0,0,0,0,0,0,0,0,0,0,0,0,0,0,0,0,0,0,0,1.8,0,0,0,0,0,0,0,0,0,1.84,0,0,0,0,0,0,0,0,0,2.06,0,0,0,0,1.34,0,0,0,0,1.53,0,0,0,1.52,0,0,0,0,0,0,0,0,0,0,0,0,0,0,0,1.45,0,1.43,0,0,0,0,0,1.42,0,0,1.33,0,0,0,0,0,1.53,0,0,0,0,0,0,0,0,0,0,0,0,0,0,0,0,0,0,0,0,0,0,0,0,0,0,0,0,0,0,0,0,0,1.69,0,0,0,0,0,0,0,0,0,1.41,0,0,0,1.32,0,0,0,1.48,1.76,0,0,0,1.64,0,0,0,1.73,1.44
2019-10-01,0,0,0,0,0,0,0,0,0,0,0,0,1.35,0,0,0,0,0,0,0,0,0,0,1.68,0,0,0,0,0,0,0,1.4,0,1.43,0,0,0,0,0,0,0,0,1.34,2.56,0,0,0,0,1.45,0,0,0,0,1.41,0,0,0,1.73,0,1.51,0,1.3,0,0,0,0,0,0,0,0,0,0,0,1.52,0,0,0,0,0,0,0,0,0,0,0,0,0,0,0,0,1.4,0,0,0,0,0,0,0,0,0,0,0,0,0,0,0,0,0,0,0,0,0,0,0,0,0,0,0,0,0,0,1.4,0,0,1.52,0,0,0,0,0,0,0,0,0,0,0,0,0,0,0,1.69,0,1.54,1.82,0,0,0,1.62,0,0,0,1.83,0
2019-11-01,0,0,0,0,0,0,0,0,0,0,0,0,1.35,0,0,0,0,0,0,0,0,0,0,1.68,0,0,0,0,0,0,0,1.4,0,1.43,0,0,0,0,0,0,0,0,1.34,2.56,0,0,0,0,1.45,0,0,0,0,1.41,0,0,0,1.73,0,1.51,0,1.3,0,0,0,0,0,0,0,0,0,0,0,1.52,0,0,0,0,0,0,0,0,0,0,0,0,0,0,0,0,1.4,0,0,0,0,0,0,0,0,0,0,0,0,0,0,0,0,0,0,0,0,0,0,0,0,0,0,0,0,0,0,1.4,0,0,1.52,0,0,0,0,0,0,0,0,0,0,0,0,0,0,0,1.69,0,1.54,1.82,0,0,0,1.62,0,0,0,1.83,0
2019-12-01,0,0,0,0,0,0,0,0,0,0,0,0,1.35,0,0,0,0,0,0,0,0,0,0,1.68,0,0,0,0,0,0,0,1.4,0,1.43,0,0,0,0,0,0,0,0,1.34,2.56,0,0,0,0,1.45,0,0,0,0,1.41,0,0,0,1.73,0,1.51,0,1.3,0,0,0,0,0,0,0,0,0,0,0,1.52,0,0,0,0,0,0,0,0,0,0,0,0,0,0,0,0,1.4,0,0,0,0,0,0,0,0,0,0,0,0,0,0,0,0,0,0,0,0,0,0,0,0,0,0,0,0,0,0,1.4,0,0,1.52,0,0,0,0,0,0,0,0,0,0,0,0,0,0,0,1.69,0,1.54,1.82,0,0,0,1.62,0,0,0,1.83,0
2020-01-01,0,1.53,0,0,0,0,0,0,0,0,0,0,1.76,0,0,0,0,0,0,0,0,0,0,1.41,0,0,0,0,0,0,0,1.83,0,1.87,0,0,0,0,0,0,0,0,1.5,1.6,0,0,0,0,1.62,0,0,0,0,1.56,0,0,0,1.87,0,2.27,0,0,0,0,0,0,0,0,0,0,0,0,0,1.99,0,0,0,0,0,0,1.41,0,0,0,0,0,0,0,1.4,0,1.4,0,0,0,0,0,0,0,0,0,0,0,0,0,0,0,0,0,0,0,0,0,0,0,0,0,0,0,0,0,0,0,0,0,0,0,0,0,0,0,0,0,0,0,0,0,1.53,1.72,0,0,0,0,1.97,0,0,0,0,1.45,0,0,0,1.87,0
2020-02-01,0,1.53,0,0,0,0,0,0,0,0,0,0,1.76,0,0,0,0,0,0,0,0,0,0,1.41,0,0,0,0,0,0,0,1.83,0,1.87,0,0,0,0,0,0,0,0,1.5,1.6,0,0,0,0,1.62,0,0,0,0,1.56,0,0,0,1.87,0,2.27,0,0,0,0,0,0,0,0,0,0,0,0,0,1.99,0,0,0,0,0,0,1.41,0,0,0,0,0,0,0,1.4,0,1.4,0,0,0,0,0,0,0,0,0,0,0,0,0,0,0,0,0,0,0,0,0,0,0,0,0,0,0,0,0,0,0,0,0,0,0,0,0,0,0,0,0,0,0,0,0,1.53,1.72,0,0,0,0,1.97,0,0,0,0,1.45,0,0,0,1.87,0
2020-03-01,0,1.53,0,0,0,0,0,0,0,0,0,0,1.76,0,0,0,0,0,0,0,0,0,0,1.41,0,0,0,0,0,0,0,1.83,0,1.87,0,0,0,0,0,0,0,0,1.5,1.6,0,0,0,0,1.62,0,0,0,0,1.56,0,0,0,1.87,0,2.27,0,0,0,0,0,0,0,0,0,0,0,0,0,1.99,0,0,0,0,0,0,1.41,0,0,0,0,0,0,0,1.4,0,1.4,0,0,0,0,0,0,0,0,0,0,0,0,0,0,0,0,0,0,0,0,0,0,0,0,0,0,0,0,0,0,0,0,0,0,0,0,0,0,0,0,0,0,0,0,0,1.53,1.72,0,0,0,0,1.97,0,0,0,0,1.45,0,0,0,1.87,0
