,Mkt-RF,SMB,HML,RMW,CMA,RF,R_ME,R_IA,R_ROE,R_EG,rSP500,HiTec,NASDQ
196307,-0.39,-0.47,-0.83,0.66,-1.15,0.27,,,,,-0.003459795,-0.69,
196308,5.07,-0.79,1.67,0.39,-0.4,0.25,,,,,0.04874878,5.14,
196309,-1.57,-0.48,0.18,-0.76,0.24,0.27,,,,,-0.011034524,0.13,
196310,2.53,-1.29,-0.1,2.75,-2.24,0.29,,,,,0.032217644,8.29,
196311,-0.85,-0.84,1.71,-0.45,2.22,0.27,,,,,-0.010539103,-0.29,
196312,1.83,-1.89,-0.12,0.08,-0.3,0.29,,,,,0.024443451,3.05,
196401,2.24,0.08,1.59,0.22,1.5,0.3,,,,,0.026926207,2.91,
196402,1.54,0.32,2.83,0.06,0.85,0.26,,,,,0.009865031,1.96,
196403,1.41,1.41,3.32,-2.01,2.93,0.31,,,,,0.015167095,3.38,
196404,0.1,-1.52,-0.55,-1.35,-1.08,0.29,,,,,0.006077437,-3.63,
196405,1.42,-0.68,1.98,-0.26,0.24,0.26,,,,,0.011452354,2.74,
196406,1.27,0.09,0.68,-0.42,0.14,0.3,,,,,0.016424026,0.52,
196407,1.74,0.53,0.68,0.14,1.84,0.3,,,,,0.018239662,-1.8,
196408,-1.44,0.3,0.09,0.06,0.36,0.28,,,,,-0.016229839,-2.75,
196409,2.69,-0.31,1.65,-0.48,0.58,0.28,,,,,0.028718049,1.15,
196410,0.59,0.88,1.14,-0.29,0.48,0.29,,,,,0.00807794,-0.99,
196411,0,-0.27,-1.98,0.6,-0.16,0.29,,,,,-0.005185046,-0.23,
196412,0.03,-0.58,-2.55,1.13,-1.63,0.31,,,,,0.00390905,-0.01,
196501,3.54,2.49,0.18,0.84,0.11,0.28,,,,,0.033156319,7.46,
196502,0.44,3.31,0.22,0.4,-0.69,0.3,,,,,-0.001484673,2.2,
196503,-1.34,2.03,1.09,-0.3,0.73,0.36,,,,,-0.014525861,-0.48,
196504,3.11,1.18,0.71,0.26,-2.3,0.31,,,,,0.034238589,5.14,
196505,-0.77,0.06,-1.63,-0.37,0.7,0.31,,,,,-0.007743272,0.48,
196506,-5.51,-4.3,0.55,0.12,0.41,0.35,,,,,-0.048631476,-5.71,
196507,1.43,1.07,2.18,-1.41,-0.02,0.31,,,,,0.013433155,3.6,
196508,2.73,2.72,-0.96,2.06,-0.76,0.33,,,,,0.022521971,5.88,
196509,2.86,0.62,-0.1,-0.82,0.82,0.31,,,,,0.032006436,5.29,
196510,2.6,3.42,1.52,1.22,-0.76,0.31,,,,,0.027345476,5.22,
196511,-0.03,5.19,0.21,-1.06,-0.9,0.35,,,,,-0.008764304,2.73,
196512,1.01,2.64,1.95,-1.28,-0.45,0.33,,,,,0.008950977,-1.54,
196601,0.72,4.72,3.49,-2.83,-0.07,0.38,,,,,0.004868517,1.35,
196602,-1.21,4.86,0.27,-0.15,-1.44,0.35,,,,,-0.017872481,5.03,
196603,-2.51,0.22,-2.07,1.3,-0.01,0.38,,,,,-0.021815369,-0.9,
196604,2.14,3.36,-0.54,0.41,-0.91,0.34,,,,,0.020508741,7.65,
196605,-5.66,-5.18,-1.55,1.66,-1.52,0.41,,,,,-0.05414014,-6.05,
196606,-1.44,1.34,0.5,0.06,0.8,0.38,,,,,-0.016138384,-0.13,
196607,-1.63,-0.5,0.96,-0.45,1.77,0.35,,,,,-0.013452915,-1.76,
196608,-7.91,-3.03,0.47,0.05,0.77,0.41,,,,,-0.077751198,-5.98,
196609,-1.06,-1.18,0.53,-1.65,2.5,0.4,,,,,-0.007003891,-1.9,
196610,3.86,-6.53,2.87,-3.64,4.28,0.45,,,,,0.047544398,0.3,
196611,1.4,3.37,-4.46,4.17,-6.53,0.4,,,,,0.003117207,10.88,
196612,0.13,1.91,-1.22,0.68,-0.13,0.4,,,,,-0.001491548,0.41,
196701,8.15,9,2.22,0.62,-2.97,0.43,6.7282,-2.9434,1.8866,-2.2469,0.078177503,10.2,
196702,0.78,3.03,-2.17,1.94,-0.94,0.36,1.6918,-0.2064,3.5317,2.5812,0.001962799,6.17,
196703,3.99,1.9,0.31,0.9,-1.51,0.39,1.9517,-1.6933,1.8876,-1.4789,0.03940998,5.44,
196704,3.89,0.46,-2.64,2.43,-3.75,0.32,-0.7446,-2.9519,1.0983,-2.2351,0.042239525,7.73,
196705,-4.33,2.37,0.8,-1.75,1.61,0.33,2.9132,2.4686,0.5234,0.2749,-0.052441229,-4.44,
196706,2.41,6.46,0.96,-0.64,-2.39,0.27,6.235,-2.17,0.2945,-0.4518,0.017512314,6.32,
196707,4.58,3.48,2.65,0.51,2.72,0.31,3.0119,2.3713,-0.7125,-0.1554,0.04534423,3.92,
196708,-0.89,0.76,1.46,0.42,1.41,0.31,0.2796,1.8169,-0.678,-0.0121,-0.01171505,-1.01,
196709,3.11,2.46,-2.47,0.22,-0.95,0.32,1.7933,-0.4427,0.764,-0.5957,0.032785135,8.36,
196710,-3.09,0.47,-3.39,0.81,-2.55,0.39,0.7602,-2.4696,3.3736,0.1947,-0.035260015,4.8,
196711,0.37,-0.06,-1.71,1.29,-2.29,0.36,0.1462,-2.7052,0.7948,0.2268,0.007502647,1.37,
196712,3.05,5.75,-0.39,-0.65,0.03,0.33,4.5301,0.3024,0.8415,1.5013,0.026276606,2.19,
196801,-4.06,4.49,4.75,-4.58,6.45,0.4,5.3829,4.7175,-2.7611,1.1872,-0.043847859,-8.69,
196802,-3.75,-2.91,1.17,-0.14,2.49,0.39,-1.5916,2.7512,-0.3786,3.3638,-0.031222865,-4.55,
196803,0.2,-1.52,-0.59,1.17,-1.15,0.38,-2.2592,-1.1343,1.6762,1.1894,0.009400134,4.16,
196804,9.05,6.25,-1.03,2.79,-3.66,0.43,5.3526,-2.6056,3.7654,-1.9498,0.08048783,12.38,
196805,2.28,7.04,0.84,0.39,-1.82,0.45,6.6977,-2.3165,1.96,-0.3907,0.012517966,3.81,
196806,0.69,-0.26,0.67,-1.33,2.68,0.43,-0.4317,2.4451,-0.477,-0.0139,0.009120409,-2,
196807,-2.72,-1.33,5.48,-3,3.61,0.48,-1.1638,2.7644,-2.101,3.3461,-0.018477646,-5.6,
196808,1.34,2.29,1,-0.6,0.4,0.42,2.1609,0.369,-0.7607,1.5628,0.011459004,0.53,
196809,4.03,2.77,0.24,-2.03,0.92,0.43,1.4565,-0.5757,-3.4236,-1.1965,0.038539318,2.95,
196810,0.42,-0.43,2.89,-1.3,2.81,0.44,-0.6765,2.6934,0.6051,2.5335,0.007207617,-4.99,
196811,5.43,2.41,-0.9,0.46,-2.52,0.42,2.818,-1.35,-0.4084,-0.9061,0.047964402,8.62,
196812,-3.94,3.6,0.02,-1.78,1.65,0.43,3.1692,2.5891,-0.7669,-0.8123,-0.041616701,-5.37,
196901,-1.25,-0.46,1.69,-1.54,1.41,0.53,-0.3062,1.1287,-0.0599,0.4839,-0.008184084,-4.68,
196902,-5.84,-4.12,0.9,2.17,0.8,0.46,-3.8896,0.8468,1.0708,2.3862,-0.047374089,-3.58,
196903,2.64,-0.41,-0.46,-1.34,-0.42,0.46,-0.329,0.4342,1.9151,2.5092,0.034444157,5.46,
196904,1.46,-0.83,0.03,0.38,0.06,0.53,-0.1529,0.5729,2.0249,-0.2396,0.021475716,3.91,
196905,-0.1,-0.18,0.73,-0.97,1.49,0.48,0.3868,1.4177,-0.0632,0.0143,-0.002218179,-1.7,
196906,-7.18,-5.49,-1.09,4.26,-1.55,0.51,-4.711,-0.6272,3.4035,2.6999,-0.055577035,-0.13,
196907,-7,-3.37,1.42,1.4,1.97,0.53,-2.9302,1.9971,2.0585,3.4093,-0.060178048,-5.42,
196908,4.68,0.71,-3.87,1.16,-4.08,0.5,1.0624,-2.5157,0.4656,-2.1044,0.040074049,7.03,
196909,-2.98,1.29,-3.19,3.42,-0.83,0.62,0.7009,0.0668,2.0461,2.7936,-0.025023547,0.21,
196910,5.06,3.89,-3.19,0.01,-2.03,0.6,2.7812,-1.5403,-1.0961,-1.245,0.042955325,5.8,
196911,-3.79,-2.41,-1.12,1.44,0.32,0.52,-2.0346,0.1868,2.7251,2.3591,-0.034081599,-1.79,
196912,-2.63,-3.7,-3.02,2.47,-2.04,0.64,-3.7731,-0.6988,3.5171,1.6236,-0.018654728,-0.75,
197001,-8.1,3.09,3.04,-1.77,3.92,0.6,3.5944,3.543,-1.1151,3.2645,-0.076471879,-9.07,
197002,5.13,-2.58,4.04,-2.28,3.06,0.62,-2.4785,1.7291,-2.148,0.1417,0.052693521,2.95,
197003,-1.06,-2.4,4.25,-0.87,4.43,0.57,-1.2521,3.3862,-0.9004,3.0289,0.00145248,-2.58,
197004,-11,-6.3,6.39,-0.64,5.88,0.5,-4.6176,5.1869,0.3842,5.5544,-0.0904831,-14.34,
197005,-6.92,-4.42,3.6,-1.3,3.62,0.53,-3.2345,3.1902,0.2447,3.5983,-0.060966563,-9.54,
197006,-5.79,-2.17,0.87,0.19,2.9,0.58,-1.8501,3.7465,2.6608,3.4015,-0.050032683,-11.76,
197007,6.93,-0.69,0.96,-0.07,1.9,0.52,-0.4726,2.5463,-0.8376,-1.2997,0.073294856,2.41,
197008,4.49,1.54,1.03,0.57,-0.15,0.53,0.6459,-0.8656,-3.3301,-2.1074,0.044458602,7.99,
197009,4.18,8.49,-5.58,0.24,-5.93,0.54,7.1669,-4.5667,-1.3578,-5.4366,0.034102136,10.17,
197010,-2.28,-4.5,0.27,1.83,2.38,0.46,-3.2219,2.9508,5.4955,3.8581,-0.012455551,-3.54,
197011,4.59,-4,1.63,1.75,1.59,0.46,-3.7022,0.7996,0.6343,2.1569,0.047447411,4.08,
197012,5.72,3.02,1.01,0.14,0.28,0.42,2.7348,0.2506,-1.0453,-0.2209,0.056766114,4.43,
197101,4.84,7.54,1.38,-2.19,-0.14,0.38,6.7855,-0.2393,-4.3397,-3.1099,0.040477427,5.44,
197102,1.41,2.05,-1.29,0.65,-0.72,0.33,1.4429,0.6299,2.4201,0.7462,0.009073874,2.78,
197103,4.13,2.15,-4.04,1.97,-2.69,0.3,2.6136,-1.9517,1.9082,-0.3295,0.036795845,8.08,
197104,3.15,-0.37,0.72,-1.56,0.72,0.28,-0.2761,1.3011,-1.1778,-0.8496,0.036287499,2.37,
197105,-3.98,-1.17,-1.38,1.46,0.3,0.29,-1.4764,0.8408,1.4227,0.8511,-0.041558443,-6.11,
197106,-0.1,-1.45,-2.06,1.52,-1.74,0.37,-0.6857,-0.7086,4.3661,2.3722,-0.009334538,-2.17,
197107,-4.5,-1.41,0.17,0.48,1.62,0.4,0.2058,2.3799,2.382,0.6458,-0.031610893,-8.6,
197108,3.79,-0.18,2.67,-0.34,2.6,0.47,-2.2947,1.5681,-3.3154,0.0843,0.036095385,5.7,
197109,-0.85,0.19,-2.96,2.59,-1.56,0.37,0.3436,0.0654,2.7789,1.3024,-0.006967616,-1.56,
197110,-4.42,-1.65,-0.43,1.48,-1.24,0.37,-1.2297,-0.8146,1.818,2.5812,-0.041793707,-4.37,
197111,-0.46,-2.9,-1.7,2.45,-0.36,0.37,-2.6877,-0.2272,1.6929,1.5225,-0.002547013,1.77,
197112,8.71,3.27,-0.35,-0.43,-1.83,0.37,2.7116,-2.149,-1.4548,-1.5395,0.086179361,11.28,
197201,2.49,6.33,1.99,-1.48,0.29,0.29,6.6986,0.1462,-6.5071,2.0035,0.018121325,8.42,
197202,2.87,0.96,-2.76,1.65,-0.52,0.25,0.4947,1.9682,1.0483,-0.3198,0.02530304,1.88,
197203,0.63,-0.49,-1.73,1.58,-0.19,0.27,-1.0273,1.8522,2.0909,1.5623,0.005911579,1.09,
197204,0.29,0.15,0.23,-0.59,-0.89,0.29,0.2123,0.3007,0.7439,0.2764,0.004384338,0.74,
197205,1.25,-3.15,-2.69,2.33,-1.85,0.3,-2.5167,-1.4978,2.0885,1.2908,0.017275017,3.71,
197206,-2.43,-0.35,-2.51,1.75,-0.36,0.29,0.4544,-0.0442,3.5904,1.5981,-0.021820506,-2.55,
197207,-0.8,-2.74,0.78,1.08,-0.59,0.31,-1.9601,-0.3813,2.1009,3.2245,0.002333396,0.95,
197208,3.26,-3.53,4.69,-2.02,2.95,0.29,-3.503,3.5751,-1.5003,0.5274,0.034453832,2.86,
197209,-1.14,-2.25,0.47,1.67,-1.98,0.34,-1.0618,-1.1171,2.1073,0.4777,-0.004860861,-1.16,
197210,0.52,-2.53,1.37,-0.12,-0.05,0.4,-3.0778,-0.4564,-0.4273,0.6831,0.009317042,-3.3,
197211,4.6,-0.53,4.76,-1.98,3.35,0.37,-0.9411,2.6856,-4.0002,0.7227,0.045617458,2.5,
197212,0.62,-1.82,-2.27,2.6,-2.2,0.37,-1.7259,-1.4356,2.9658,1.826,0.011828277,1.99,
197301,-3.29,-2.79,2.68,0.4,0.92,0.44,-2.379,0.3819,-0.4243,3.3714,-0.017111427,1.92,
197302,-4.85,-4.01,1.7,-0.34,-0.01,0.41,-4.4754,0.0895,-1.0202,1.4968,-0.037490296,-3.03,
197303,-1.3,-2.31,2.78,-1.07,0.73,0.46,-1.6619,0.5769,-1.9084,3.2346,-0.001432692,-1.23,
197304,-5.68,-3,5.69,-1.63,2.71,0.52,-2.918,3.1285,-0.4763,4.0611,-0.040799822,-6.7,
197305,-2.94,-5.98,0.21,2.02,-1.79,0.51,-5.7174,-0.4296,1.5506,1.5935,-0.018883836,-2.59,
197306,-1.56,-2.54,1.44,-0.27,0.22,0.51,-1.2292,0.4198,-0.2085,2.8674,-0.006574512,-0.09,
197307,5.05,7.25,-5.31,-0.1,-3.45,0.64,7.9566,-5.7598,1.1344,-4.0992,0.037981958,4.98,
197308,-3.82,-1.75,1.14,-1.36,1.2,0.7,-1.941,1.6852,1.4658,1.5273,-0.03668454,-3.68,
197309,4.75,3.54,2.18,-2.3,1.82,0.68,5.7177,2.1917,-1.298,-1.5706,0.040095923,-2.8,
197310,-0.83,-0.26,1.74,-1.94,2.59,0.65,-1.1937,2.6122,0.4963,4.157,-0.001291146,3.85,
197311,-12.75,-7.25,4.04,-2.71,1.49,0.56,-7.4069,1.9803,-1.1485,2.1201,-0.113860946,-11.46,
197312,0.61,-4.6,4.09,-2.8,2.3,0.64,-4.5565,2.5209,3.6897,4.5754,0.016569446,-4.32,
197401,-0.17,10.41,5.99,-3.01,4.47,0.63,11.5318,2.0989,-4.7769,-0.5303,-0.010046161,1.25,
197402,-0.47,0.16,2.54,-1.93,2.67,0.58,-0.494,2.1141,-1.0424,1.4956,-0.003624304,-0.6,
197403,-2.81,2.64,-0.11,2.82,0.36,0.56,1.8302,-0.0561,1.822,1.1659,-0.023279962,-2.76,
197404,-5.29,-0.63,1.06,2.86,1.85,0.75,-0.4711,2.3695,2.2048,2.5009,-0.039050914,-3.68,
197405,-4.68,-3.17,-2.04,5.08,0,0.75,-4.0803,-0.3267,2.2504,0.403,-0.033551091,-4.26,
197406,-2.83,-0.02,0.79,0.62,3.06,0.6,0.2569,1.5964,1.5679,2.1942,-0.014665433,-2.95,
197407,-8.05,1.99,5.14,-3.26,4.58,0.7,3.5312,4.4291,2.5754,5.7334,-0.077790721,-8.45,
197408,-9.35,0.3,2.5,-0.26,2.55,0.6,2.2084,3.1493,2.971,4.9026,-0.090278605,-4.9,
197409,-11.77,1.46,5.49,-4.28,5.91,0.81,2.0542,4.8696,-2.3265,3.4019,-0.11933473,-16.88,
197410,16.1,-6.85,-9.99,-0.03,-2.94,0.51,-6.1756,-1.866,8.4657,0.7406,0.163046913,14.83,
197411,-4.51,-1.44,-0.16,-3.39,2.95,0.54,-0.8272,2.5433,1.7198,1.375,-0.053179985,-4.92,
197412,-3.45,-4.36,0,-0.65,3.23,0.7,-3.8523,2.1589,0.4904,1.9947,-0.020151536,-5.3,
197501,13.66,12.79,8.44,-0.89,-0.86,0.58,12.4554,-0.5409,-11.6678,-5.4121,0.122812212,15.29,
197502,5.56,-0.65,-4.56,1.15,-2.14,0.43,-1.3678,-1.6715,3.5775,0.6185,0.059885591,13.21,
197503,2.66,3.98,2.49,1.23,-1.25,0.41,3.3142,-0.6368,-1.7323,-1.7972,0.021693897,1,
197504,4.23,-0.59,-1.11,1.37,-1.35,0.44,-1.3525,-0.0429,3.3383,2.2828,0.047264899,5.54,
197505,5.19,2.89,-4.02,-1.05,-0.61,0.44,3.2779,-0.1207,-0.2728,-0.01,0.044100789,5.86,
197506,4.83,1.32,1.32,-2.62,1.06,0.41,1.6136,0.3474,-1.5739,-0.6553,0.044322544,2.27,
197507,-6.59,3.42,1.7,0.43,1.19,0.48,2.9714,1.4388,-1.3878,1.7376,-0.067654185,-9.4,
197508,-2.85,-2.79,-0.9,1.03,-0.89,0.48,-3.215,-0.1715,0.713,1.373,-0.021070456,-2.97,
197509,-4.26,0.02,0.34,0.53,0.5,0.53,0.6399,1.3497,1.6701,3.2938,-0.03464542,-0.84,
197510,5.31,-4.23,0.3,-0.46,2.27,0.56,-4.6539,2.9666,2.4021,2.5945,0.061642993,8.38,
197511,2.64,-1.07,1.99,-0.62,1.71,0.41,-0.4698,1.579,0.6747,1.5925,0.024707962,5.02,
197512,-1.6,-0.03,1.76,-0.12,0.6,0.48,0.2833,-0.0444,-2.2549,0.4867,-0.011508067,-1.25,
197601,12.16,6.35,8.58,-1.9,2.36,0.47,6.7636,1.4911,-2.6485,0.9416,0.118305785,18.31,
197602,0.32,7.97,5.78,-2.58,3.84,0.34,6.9406,2.1535,-3.7705,0.8377,-0.011401963,1.2,
197603,2.32,-1.34,-0.04,-0.38,1.09,0.4,-0.4251,1.6998,2.4445,1.6319,0.030688978,2.97,
197604,-1.49,0.14,-0.06,0.39,-1.1,0.42,-0.5911,-0.7454,-0.282,0.0682,-0.010995408,-3.4,
197605,-1.34,-1.12,-1.32,2.47,-1.42,0.37,-1.2445,-0.9753,0.4638,0.4006,-0.014364414,0.53,
197606,4.05,-1.13,0.68,-0.59,0.93,0.43,0.04,1.342,-0.0402,0.9974,0.040926323,8.21,
197607,-1.07,0.62,1.74,-1.09,0.29,0.47,1.1583,0.9213,0.7522,1.602,-0.008055207,-2.21,
197608,-0.56,-2.03,0.79,-0.46,-0.59,0.42,-2.0533,-0.5975,0.0019,0.6296,-0.005123724,-0.84,
197609,2.07,0.12,-0.29,0.99,-1.14,0.44,-0.2218,-1.4154,1.1099,0.9664,0.022641084,2.89,
197610,-2.42,0.16,-0.13,-0.22,-0.31,0.41,0.7091,-1.1258,0.298,-0.4814,-0.022234854,-4.5,
197611,0.36,2.65,1.51,-1.39,0.08,0.4,3.4747,-0.2677,-0.5127,0.0745,-0.007774577,1.66,
197612,5.65,3.61,2.22,-0.62,2.23,0.4,3.3003,1.8146,-1.0926,1.0778,0.052497562,3.84,
197701,-4.05,5.9,4.26,-0.53,1.93,0.36,6.0477,0.9953,-2.1494,1.6548,-0.05053043,-3.88,
197702,-1.94,1.11,0.5,-0.13,-0.19,0.35,1.0733,0.121,1.251,0.3944,-0.021660286,-0.65,
197703,-1.37,1.29,1.02,-0.32,-0.09,0.38,1.4505,-0.1567,0.2845,-0.3464,-0.014025265,-0.04,
197704,0.15,0.59,3.45,-2.03,1.16,0.38,1.2282,1.2277,0.3708,0.7455,0.000203251,-3.45,
197705,-1.45,1.28,0.84,0.33,0.11,0.37,1.5106,0.2061,1.7462,2.7125,-0.023567645,-1.47,
197706,4.71,2.07,-0.64,0.88,-1.22,0.4,3.0804,-0.707,2.3207,2.92,0.045359965,7.78,
197707,-1.69,1.82,-0.59,0.83,0.01,0.42,1.0218,1.0303,1.7279,2.4073,-0.016222183,-0.16,
197708,-1.75,0.89,-2.79,0.96,-0.62,0.44,-0.2567,-0.9221,1.3905,-0.0612,-0.021041993,0.49,
197709,-0.27,1.56,-0.49,1.23,-0.84,0.43,1.4214,-0.0246,1.3822,1.5164,-0.002480087,-1.79,
197710,-4.38,1.5,1.72,-0.3,-0.46,0.49,1.4077,-0.5652,-0.9856,1.1205,-0.043406226,-3.19,
197711,4,3.62,0.31,-0.05,0.65,0.5,4.5803,1.202,2.565,1.4966,0.026965628,5.22,
197712,0.27,1.6,-0.37,0.94,-0.65,0.49,1.4872,0.0436,1.2518,1.824,0.002847158,2.4,
197801,-6.01,2.69,3.31,-1.67,1.53,0.49,2.2906,0.9791,-1.7383,0.2813,-0.061514176,-4.73,
197802,-1.38,3.67,0.76,0.36,1.04,0.46,4.0881,1.3206,0.0728,1.6669,-0.024761894,-3.48,
197803,2.85,3.72,1.2,-0.6,1.88,0.53,3.3843,2.5349,-0.0044,0.1286,0.024931043,-0.69,
197804,7.88,-0.31,-3.54,2.82,-1.35,0.54,-0.1048,-0.362,5.5452,0.5713,0.085416468,13.31,
197805,1.76,4.56,-0.62,0.27,0.36,0.51,3.6571,0.8898,0.503,0.5269,0.004234184,1.62,
197806,-1.69,1.59,0.59,-1.44,-0.02,0.54,1.4508,0.43,1.5126,1.2215,-0.017585346,-0.36,
197807,5.11,0.15,-1.11,1.58,-0.78,0.56,0.1866,0.2737,1.82,2.6165,0.053909778,8.58,
197808,3.75,4.93,-0.46,1.39,0.42,0.56,4.7053,1.1637,1.9068,0.6588,0.025923729,6.02,
197809,-1.43,-0.28,1.87,-0.68,1.8,0.62,-0.7342,0.2454,-3.5455,-0.8557,-0.007261109,-4.16,
197810,-11.91,-10.05,1.36,0.17,1.03,0.68,-10.9812,0.5996,-1.1601,0.9792,-0.091574009,-10.82,
197811,2.71,2.85,-2.22,1.09,-1.21,0.7,4.0574,-1.0321,1.2777,1.5672,0.016639774,5.08,
197812,0.88,1.07,-2.19,1.96,-1.38,0.78,0.4927,-1.0916,2.6761,2.4785,0.014889166,6.44,
197901,4.23,3.84,2.27,-2.5,1.57,0.77,4.2986,1.6783,-1.2204,-1.32,0.039746113,4.31,
197902,-3.56,0.55,1.2,-1.14,1.04,0.73,0.3875,-0.4669,-2.4104,0.4715,-0.036525578,-3.31,
197903,5.68,3.16,-0.67,0.62,0.28,0.81,3.8495,0.762,2.3211,0.521,0.05515161,7.61,
197904,-0.06,2.4,1.05,1.05,0.21,0.8,2.3717,0.8093,1.8596,-0.2652,0.001673452,0.33,
197905,-2.21,0.15,1.32,-1.39,-0.35,0.82,0.5172,-0.0488,-0.6354,0.4403,-0.026336477,-1.98,
197906,3.85,0.99,1.48,-1.61,-0.45,0.81,0.866,-0.8884,-1.0071,-1.7176,0.038655651,0.49,
197907,0.82,1.24,1.7,-0.2,0.59,0.77,1.271,0.6421,0.5525,-0.6755,0.008745447,-1.52,
197908,5.53,1.97,-1.55,1.58,-1.45,0.77,1.6294,-0.348,2.8977,-0.0615,0.053077758,5.94,
197909,-0.82,-0.27,-0.87,1.02,0.54,0.83,-0.0593,-0.1385,0.6966,2.8822,0,-1.76,
197910,-8.1,-3.46,-1.86,1.04,0.24,0.87,-3.1861,0.0203,0.9841,1.6684,-0.068605928,-7.73,
197911,5.21,2.44,-3.25,0.11,-2,0.99,2.1608,-2.5489,2.2859,-0.3063,0.042624278,8.17,
197912,1.79,4.34,-1.98,-0.67,-1.01,0.95,3.976,-1.1103,1.2236,-0.0718,0.016767124,1.79,
198001,5.51,1.9,1.8,-1.67,2.01,0.8,0.7921,1.3627,1.7475,0.4129,0.057624624,7.37,
198002,-1.22,-1.49,0.62,0.11,3.04,0.89,-1.5739,1.6345,2.2602,3.6,-0.004379818,-3.56,
198003,-12.9,-6.97,-1.06,1.38,-1.34,1.21,-6.5916,0.7581,-1.1728,-1.0575,-0.101794893,-12.67,
198004,3.97,1,1.06,-2.09,0.54,1.26,1.3321,1.2175,0.1694,1.4254,0.041140221,0.72,
198005,5.26,2.1,0.39,0.31,-0.47,0.81,1.4786,-1.3314,-0.941,-0.7665,0.046570674,4.82,
198006,3.06,1.47,-0.89,-0.09,-0.95,0.61,1.3291,-1.1272,3.0683,0.8596,0.026968717,3.03,
198007,6.49,3.93,-6.3,3.94,-2.46,0.53,3.6816,-2.2885,-0.5185,-3.3287,0.065038517,15.48,
198008,1.8,4.26,-2.64,2.1,-0.8,0.64,4.7395,0.6597,2.4955,1.4979,0.005835448,3.68,
198009,2.19,0.58,-4.79,2.03,-2.81,0.75,0.8408,-0.4912,5.1664,2.2821,0.025167528,2.01,
198010,1.06,2.33,-2.74,1.67,-1.22,0.95,1.174,0.4872,4.0221,2.6663,0.016021059,1.94,
198011,9.59,-3.4,-8.35,4.53,-5.74,0.96,-5.0212,-1.8913,9.0038,0.9803,0.102377053,9.8,
198012,-4.52,-0.31,2.68,-1.25,1.18,1.31,1.0713,0.9482,-1.3091,0.1308,-0.033874245,-1.17,
198101,-5.04,3.37,6.84,-3.54,4.35,1.04,3.7021,2.3986,-4.8819,0.6545,-0.045742429,-8.08,
198102,0.57,-0.49,0.97,0.19,2.25,1.07,-0.0201,1.8857,0.7112,1.6564,0.013276735,0.49,
198103,3.56,3.08,0.67,-2.34,-0.53,1.21,3.4804,-1.7376,-1.2846,-1.876,0.036032573,5.01,
198104,-2.11,4.6,2.26,0.82,1.2,1.08,4.1917,2.3693,1.313,1.1027,-0.023455897,0.15,
198105,0.11,2.45,-0.43,0.33,-1.6,1.15,2.47,-0.5126,-0.031,1.6439,-0.001656517,4.23,
198106,-2.36,-0.97,5.13,-1.35,2.68,1.35,-0.7648,2.7016,-0.0363,1.8918,-0.010407942,-6.66,
198107,-1.54,-1.97,-0.66,1.08,-3.04,1.24,-1.6107,-1.9616,3.1701,-0.5636,-0.002210266,-3.78,
198108,-7.04,-1.81,4.84,-0.25,1.46,1.28,-1.4078,1.2272,0.7274,2.2465,-0.06209897,-7.27,
198109,-7.17,-2.49,5.2,-0.02,2.79,1.24,-1.7177,3.5677,0.6074,3.9926,-0.053831753,-3.89,
198110,4.92,2.24,-4.21,3.29,-2.76,1.21,1.9587,-0.9324,4.8052,-0.9146,0.049147865,5.15,
198111,3.36,-1.38,1.9,0.1,0.63,1.07,-1.4241,0.5772,0.5384,1.9903,0.03659036,1.54,
198112,-3.65,1.19,0.74,0.19,2.41,0.87,1.2942,1.8902,-0.5258,1.3389,-0.030075149,-0.02,
198201,-3.24,-1.18,3.17,-1.52,2.08,0.8,-0.2856,1.9657,-1.4965,0.8404,-0.017543867,2.78,
198202,-5.86,0.37,6.1,-3.38,4.57,0.92,0.5385,4.692,0.2831,3.089,-0.06054818,-5.22,
198203,-1.87,0,3.78,-1.44,2.37,0.98,0.6576,1.8195,-1.7068,2.45,-0.010167112,-3.57,
198204,3.27,1.15,-2.78,1.51,-0.15,1.13,0.4602,1.2224,1.9119,0.6936,0.040014318,7.44,
198205,-3.99,0.56,1.81,0.91,-0.09,1.06,-0.4066,-0.5126,-0.4668,0.9558,-0.039161842,-5.42,
198206,-3.09,-0.51,1.54,0.03,2.72,0.96,1.1276,2.8363,0.1351,3.4196,-0.020289561,-2.33,
198207,-3.19,0.95,0.15,1.03,1.54,1.05,1.7298,2.0984,2.8115,3.8912,-0.022990648,1.56,
198208,11.14,-4.29,1.16,-1.96,0.18,0.76,-3.4109,-0.524,-1.2378,-2.8913,0.115977276,12.78,
198209,1.29,2.57,0.34,2.12,-0.04,0.51,3.158,1.0037,3.6253,3.4271,0.007614392,1.2,
198210,11.3,1.92,-3.68,0.3,-0.37,0.59,0.8638,-1.0627,-0.7911,-0.6491,0.110446796,16.96,
198211,4.67,4.53,-1.96,-1.05,0.32,0.63,4.5172,1.401,3.2276,3.7709,0.03597067,10.67,
198212,0.55,-0.01,0.01,-0.07,1.03,0.67,-0.8142,0.4203,-0.7457,-0.1808,0.015231358,2.7,
198301,3.6,3.28,-0.86,-1.5,-0.46,0.69,2.1224,-0.7363,-2.4907,-1.8943,0.033134272,8.39,
198302,2.59,2.9,0.67,-0.57,1.02,0.62,3.8293,1.5546,3.1079,2.0041,0.018995148,3.59,
198303,2.82,1.42,2.07,-0.07,2.81,0.63,1.6463,2.8076,1.2412,2.0384,0.033094753,0.67,
198304,6.67,0.49,0.6,-0.16,1.6,0.71,-0.349,2.1438,0.5924,2.3433,0.07498683,7.49,
198305,0.52,6.22,-1.4,-1.85,-1.53,0.69,6.0475,-1.5267,-3.6447,-3.8832,-0.012406459,2.74,
198306,3.07,1.15,-3.87,2.52,-0.89,0.67,2.1432,-1.105,1.6774,2.6106,0.032329577,6.13,
198307,-4.07,0.98,5.62,-0.03,2.84,0.74,0.6786,2.7744,1.194,2.9509,-0.030303036,-5.39,
198308,-0.5,-4.34,5.55,0.45,1.95,0.76,-4.685,1.1896,-0.4458,0.3393,0.011318873,-1.1,
198309,0.91,0.25,1.09,1.21,0.59,0.76,0.4251,1.3672,3.2784,2.9057,0.01015823,2.12,
198310,-3.44,-3.82,5.06,-0.81,2.97,0.76,-3.8336,2.6752,1.6521,3.6911,-0.015174348,-6.9,
198311,2.16,1.88,-0.62,-0.48,0.64,0.7,2.0489,1.1084,-0.2409,-1.7574,0.017425808,2.27,
198312,-1.78,-0.47,1.67,1.59,1.21,0.73,-1.1725,1.3314,-1.5443,1.0862,-0.008834141,0.38,
198401,-1.92,-0.07,7.63,-0.93,3,0.76,-0.9688,2.328,-3.7142,0.8412,-0.009215965,-6.16,
198402,-4.82,-1.62,3.36,0.82,1.57,0.71,-1.7978,0.9164,-0.7799,0.691,-0.038859347,-5.95,
198403,0.63,-0.28,0.48,-0.93,1.09,0.73,-0.184,0.7269,-0.6017,1.3117,0.013497995,1.85,
198404,-0.51,-1.01,1.29,3.27,0.76,0.81,-0.926,1.0354,2.1327,2.3962,0.005465574,-0.44,
198405,-5.97,0.08,0.26,2.32,-0.5,0.78,-0.4082,-1.4655,1.8025,1.8991,-0.05935645,-5.51,
198406,1.82,0.07,-2.6,3.08,-1.51,0.75,0.4929,-2.2535,1.8586,0.7168,0.017469213,1.79,
198407,-2.74,-2.22,0.49,3.69,-2.17,0.82,-2.2901,-1.2812,3.6501,3.0351,-0.016451163,-2.33,
198408,10.28,-0.3,-1.85,-0.89,-0.81,0.83,0.2333,-0.4724,0.9506,0.0303,0.106332063,13.87,
198409,-0.8,0,5.32,1.4,2.53,0.86,-0.6953,2.5778,0.2349,1.2388,-0.003479644,-3.9,
198410,-0.84,-1.43,0.51,1.17,-1.16,1,-1.3706,-0.3578,2.6866,1.8068,-6.03E-05,-0.51,
198411,-1.76,-0.98,4.08,0.81,2.08,0.73,-1.0569,2.2392,0.8011,1.6722,-0.015112253,-3.84,
198412,1.84,-0.69,-0.17,1.21,-1.26,0.64,-0.4099,-0.8247,2.5505,1.3251,0.022374391,2.43,
198501,7.99,3.49,-5.43,-0.83,-3.36,0.65,3.4395,-3.4515,0.9728,-1.6141,0.074085145,12.56,
198502,1.22,1,-0.12,1.26,1.03,0.58,0.7735,1.0906,1.5462,2.2266,0.008628781,-1.3,
198503,-0.84,-1.48,4.1,1.18,2.94,0.62,-2.0449,3.3007,0.9211,2.0067,-0.002870013,-6.02,
198504,-0.96,-0.1,3.73,1.59,0.71,0.72,-0.688,1.4025,0.1247,1.8031,-0.004594276,-3.62,
198505,5.09,-2.33,-0.86,1.3,-1.39,0.66,-1.5727,-1.2263,3.2192,1.511,0.054051053,2.87,
198506,1.27,0.31,0.4,1.73,-0.59,0.55,-0.5306,-0.1952,2.9012,1.6929,0.012134017,-0.72,
198507,-0.74,2.89,-1.63,-0.45,-0.31,0.62,2.3309,-0.8273,-1.8254,1.3245,-0.004847579,4.46,
198508,-1.02,-0.32,2.28,-0.04,1.88,0.55,-0.1823,2.0991,0.4306,1.1911,-0.011994516,-2.52,
198509,-4.54,-1.81,1.32,1.16,1.61,0.6,-1.8169,1.9838,1.2,1.7401,-0.034724078,-4.75,
198510,4.02,-1.55,0.78,0.92,-1.11,0.65,-0.2065,0.262,2.1957,2.8545,0.042508814,3.05,
198511,6.48,0,-2.87,0.29,-2.33,0.61,-0.2586,-1.6424,1.8021,-0.9075,0.065061588,8.66,0.09161755
198512,3.88,-0.39,-1.53,0.97,-1.8,0.65,0.3142,-1.4693,1.7907,-0.9129,0.045061093,8.27,0.049460575
198601,0.65,1.01,0.53,-2.02,-2.05,0.56,1.0622,-0.7089,1.7395,1.8057,0.002366528,-0.26,0.004762123
198602,7.13,-0.76,-0.94,1.15,-1.39,0.53,-0.4444,-1.4614,2.2439,0.8796,0.071489277,4.99,0.056422794
198603,4.88,-0.57,-0.44,1.12,0.99,0.6,0.6332,1.0696,2.0588,1.7284,0.052793919,-0.07,0.060067636
198604,-1.31,2.92,-2.85,2.91,0.02,0.52,1.0631,-1.5629,0.6536,0.0689,-0.014148138,3.92,0.040642234
198605,4.62,-1.26,-0.11,2.08,1.11,0.49,-1.1615,1.2742,3.4486,1.0156,0.050229288,0.99,0.053256728
198606,1.03,-0.87,1.4,1.83,0.87,0.52,-0.2989,1.6352,5.297,0.9327,0.014109521,-3.97,-0.003340273
198607,-6.45,-3.54,4.78,-0.57,0.61,0.52,-2.7338,1.3587,3.0072,2.8047,-0.058682831,-8.34,-0.110137456
198608,6.07,-4.36,3.52,-1.74,3.24,0.46,-4.3963,3.0888,-2.7171,1.6136,0.071192607,6.97,0.04833969
198609,-8.6,1.97,3.19,-0.05,3.62,0.45,0.5282,3.3936,-3.8269,-0.3289,-0.085438606,-7.06,-0.093638776
198610,4.66,-2.33,-1.32,0.13,0.89,0.46,-2.006,0.0726,0.9132,0.6079,0.05472933,0.63,0.050801856
198611,1.17,-1.88,-0.06,1.12,0.61,0.39,-2.0096,0.3937,1.0802,3.7208,0.021477191,3.52,0.023947993
198612,-3.27,0.07,0.37,0.83,-0.03,0.49,0.8289,1.0972,1.867,1.62,-0.028288271,-3.68,-0.044173333
198701,12.47,-1.51,-3.18,0.2,-1.09,0.42,-1.2075,-1.2057,0.9773,2.8945,0.131766896,16.45,0.178706582
198702,4.39,3.41,-5.99,-0.9,-2.76,0.43,3.36,-1.9813,2.1111,-1.0486,0.036923619,9.41,0.096445158
198703,1.64,0.21,1.66,1.36,4.03,0.47,-0.7154,4.1787,-1.1975,1.3333,0.026389865,2.68,0.018002698
198704,-2.11,-1.55,-0.33,-0.46,1.22,0.44,-2.4642,0.2809,-1.4873,0.5919,-0.011450212,4.37,-0.00650393
198705,0.11,-0.59,0.13,0.52,1.32,0.38,-1.2248,-0.089,-2.3887,-0.152,0.006034197,0.3,0.021316896
198706,3.94,-2.29,1.07,1.73,0.83,0.48,-1.5125,1.3796,1.4062,-0.2125,0.047914491,0.01,0.002489808
198707,3.85,-1.11,0.66,-0.5,1.56,0.46,-2.0695,0.0906,-1.774,-0.6777,0.048223697,1.03,0.037571342
198708,3.52,-0.9,-0.9,2.03,-1.59,0.47,-0.2032,-0.24,3.8224,2.4264,0.03495884,7.4,0.067354167
198709,-2.59,0.37,0.28,-0.9,1.89,0.45,0.6282,1.8849,0.5862,1.8495,-0.024166165,-2.71,-0.019420217
198710,-23.24,-8.09,4.23,2.01,2.39,0.6,-7.3612,3.3037,0.571,2.5112,-0.217630416,-25.93,-0.269750111
198711,-7.77,2.83,3.14,-1.92,0.71,0.35,3.2813,0.6495,-0.7044,0.8775,-0.085348865,-9.8,-0.086259788
198712,6.81,0.09,-4.49,3.01,-2.36,0.39,0.1934,-2.4618,3.8851,1.512,0.07286148,11.86,0.139471285
198801,4.21,-0.54,5.08,-1.12,2.09,0.29,-0.7378,1.3266,-4.0738,-1.7589,0.040432269,-2.44,0.018432032
198802,4.75,3.32,-1.65,1.56,-0.11,0.46,3.5224,-0.5932,1.0481,-0.548,0.041817403,7.47,0.084899099
198803,-2.27,6.26,0.74,-0.16,1.91,0.44,5.7105,1.6329,-2.1454,-2.0242,-0.03334326,-4.65,0.003591265
198804,0.56,1.12,1.69,-0.23,1.9,0.46,0.9133,2.1413,0.6524,0.9063,0.009424744,2.59,0.015352667
198805,-0.29,-2.59,2.3,-0.7,0.38,0.51,-1.1736,0.4606,-0.1385,1.3565,0.003176126,-1.31,-0.014637318
198806,4.79,2.19,-1.07,1.42,-3.25,0.49,2.8763,-3.0728,2.3096,1.8386,0.043256011,9.4,0.090455409
198807,-1.25,-0.17,2.27,-0.59,1.45,0.51,0.1952,1.1126,-1.183,0.09,-0.005411375,-5.1,-0.041608201
198808,-3.31,-0.02,2.03,-0.76,1.74,0.59,0.0699,1.6595,-2.1331,-0.4089,-0.038600104,-8.19,-0.056110669
198809,3.3,-1.31,-0.68,1.72,-0.48,0.62,-1.4901,-0.3702,2.1637,0.8178,0.039729334,2.84,0.04894886
198810,1.15,-2.95,1.71,1.4,1.04,0.61,-2.7997,0.4982,0.1131,0.6627,0.025964462,0,-0.025562433
198811,-2.29,-1.66,1.24,-0.31,1.6,0.57,-1.9117,1.3915,-0.4641,0.3461,-0.018890881,-3.15,-0.032011678
198812,1.49,2.01,-1.55,0.64,-0.37,0.63,2.4781,0.4733,0.8732,0.4898,0.014687573,4.89,0.048615457
198901,6.1,-2.23,0.51,-1.03,0.16,0.55,-2.2241,0.0239,-0.3618,1.5782,0.071114792,7.09,0.051068129
198902,-2.25,2.67,0.87,-0.82,1.89,0.61,2.9549,1.586,-0.4831,-0.145,-0.028944149,-3.76,-0.014372328
198903,1.57,0.76,0.46,0.01,0.79,0.67,1.3223,1.296,-0.0879,0.7068,0.020805962,-5.49,0.011317276
198904,4.33,-0.7,-1.45,0.76,-0.54,0.67,-0.9292,-0.274,1.1675,-0.2083,0.050089939,5.19,0.078549558
198905,3.35,-0.01,-0.82,0.49,-0.04,0.79,0.0302,0.1261,1.31,0.3702,0.035137493,2.46,0.070209991
198906,-1.35,-1.08,2.19,0.24,1.52,0.71,-0.7235,1.5784,-0.1784,-0.9204,-0.007924554,-3.26,-0.046423786
198907,7.2,-4.04,-2.84,1.99,-0.62,0.7,-3.4714,-0.3429,4.9021,2.471,0.088370259,2.95,0.047364111
198908,1.44,0.43,0.72,0.41,-0.5,0.74,0.4844,-0.4271,1.6706,0.2146,0.015516716,2.53,0.036075189
198909,-0.76,0.46,-1.34,1.4,0.59,0.65,0.764,1.1867,1.6168,1.9062,-0.006544367,-2.71,0.01975178
198910,-3.67,-3.33,-1.03,0,0.02,0.68,-3.3425,1.2867,1.3911,2.3063,-0.025175452,-4.42,-0.016674738
198911,1.03,-1.3,-1.12,-0.91,1.47,0.69,-1.3368,1.6249,0.2317,-0.4967,0.016541325,-1.8,0.008220479
198912,1.16,-2.3,0.28,-0.1,1.45,0.61,-1.9386,1.579,1.0581,2.4312,0.021416816,-1.09,-0.002717815
199001,-7.85,-1.33,0.87,-1.13,1.32,0.57,-1.2251,0.9053,0.0231,-0.2384,-0.068817225,-1.28,-0.097817608
199002,1.11,1.18,0.61,-0.19,-0.64,0.57,1.1806,-1.0975,-0.401,0.0992,0.008539043,4.11,0.029587952
199003,1.83,1.64,-2.9,2.15,-1.02,0.64,1.2076,-0.3595,2.243,1.665,0.024254984,4.46,0.025154564
199004,-3.36,-0.4,-2.55,1.72,-0.98,0.69,-0.4589,-0.787,2.2141,0.5999,-0.026887139,-2,-0.034389743
199005,8.42,-2.4,-3.74,1.65,-1.57,0.68,-1.6575,-0.8183,3.7639,2.6215,0.09198919,12.54,0.147389606
199006,-1.09,1.38,-1.94,-1,-0.34,0.63,1.8543,0.2713,2.2175,-0.2309,-0.008886366,-1.17,0.009781974
199007,-1.9,-3.27,-0.01,-0.27,3.1,0.68,-2.4725,3.9945,2.5795,0.0509,-0.005223158,-7.43,-0.063218198
199008,-10.15,-3.85,1.58,-0.43,2.99,0.66,-4.5174,3.7185,-1.0206,1.2605,-0.094314184,-12.04,-0.133267635
199009,-6.12,-3.78,0.73,-0.16,3.71,0.6,-3.447,2.575,-0.4876,2.6992,-0.051184307,-6.66,-0.085530623
199010,-1.92,-5.07,0.22,2.87,-0.49,0.68,-5.0339,0.2264,2.102,3.0656,-0.006698213,-3.5,-0.025415832
199011,6.35,-0.06,-3.16,0.82,-4.75,0.57,0.4131,-3.9682,1.5223,-0.829,0.059934214,11.19,0.116050012
199012,2.46,0.61,-1.54,2.86,-2,0.6,1.2575,-1.942,3.9192,1.4869,0.024827757,4.18,0.041281529
199101,4.69,3.86,-1.84,1.55,-4.08,0.52,3.3666,-3.9407,0.1517,1.5811,0.041517752,14.96,0.159053529
199102,7.19,3.96,-0.54,-0.27,-0.16,0.48,3.621,0.1596,-1.2271,-0.681,0.067281175,6.41,0.076110581
199103,2.65,3.82,-1.23,-0.39,-0.99,0.44,3.9364,-0.9255,1.6607,0.0336,0.022202833,0.75,0.059132774
199104,-0.28,0.33,1.42,0.53,0.71,0.53,-0.7132,0.4803,1.3908,0.6355,0.000319799,-2.89,-0.004718673
199105,3.65,0.17,-0.57,2.11,-2.45,0.47,-0.577,-1.9576,-0.6927,-1.0672,0.038604975,3.61,0.058201062
199106,-4.94,0.17,1.21,1.75,0.63,0.42,0.0759,0.6187,1.3632,0.474,-0.047892629,-8.82,-0.088906785
199107,4.24,-0.96,-1.25,1.61,-1.41,0.49,-0.5747,-0.614,3.1421,0.3736,0.044859343,4.63,0.070654385
199108,2.32,1.44,-0.78,0.88,-0.55,0.46,1.2362,0.0166,1.2334,-0.2208,0.019648784,2.81,0.056034245
199109,-1.59,1.55,-1,-1.81,0.16,0.46,1.8296,-0.8092,-0.383,0.277,-0.019143738,-1.3,0.000452341
199110,1.29,0.95,-0.43,-1.73,-0.29,0.42,0.636,1.2809,0.1098,3.1848,0.011834237,1.99,0.017284856
199111,-4.19,-0.87,-1.93,1.08,0.12,0.39,-0.3546,0.3441,3.45,0.4427,-0.043903709,-4.37,-0.026375603
199112,10.84,-2.42,-4.03,3.58,-3.12,0.38,-1.552,-2.0468,6.8643,-0.4819,0.111587855,9.13,0.161750766
199201,-0.59,9.26,4.51,-1.33,3.15,0.34,8.3338,1.5253,-3.9617,1.4792,-0.01992375,6.63,0.022547614
199202,1.09,1.35,6.37,0.09,2.04,0.28,1.3226,2.2887,0.8278,2.2066,0.009589542,3.86,0.022360826
199203,-2.66,-0.9,3.65,-0.08,1.93,0.34,-1.2396,2.0219,1.0721,1.961,-0.021831863,-5.17,-0.066005599
199204,1.07,-5.73,4.31,1.71,2.22,0.32,-6.9751,1.8166,-1.6567,1.9513,0.027892715,-1.02,-0.047020596
199205,0.3,0.21,1.28,-0.96,0.43,0.28,-0.3332,0.3615,-0.1166,-0.6787,0.000963957,0.03,0.02415068
199206,-2.34,-2.71,3.4,-0.03,1.07,0.32,-2.5932,0.567,0.7956,0.8133,-0.017358832,-4.09,-0.044609021
199207,3.77,-0.61,-0.53,1.57,-0.72,0.31,-0.7794,0.3704,2.6153,-0.0495,0.039373684,2.98,0.032085043
199208,-2.38,-0.42,-1.03,3.79,-1.62,0.26,-0.3192,-0.7675,1.4734,-0.9092,-0.02399753,-4.55,-0.037424145
199209,1.19,0.48,-0.21,1.53,-0.5,0.26,0.6636,-0.3957,2.3068,-0.8426,0.009105594,3.36,0.046531403
199210,1.02,2.02,-2.1,1.31,-0.8,0.23,1.5359,-0.3914,2.1402,0.5989,0.002106283,2.12,0.050992229
199211,4.13,3.91,-1.48,-0.84,-1.91,0.23,3.6534,-1.2252,0.9023,-0.2352,0.030261807,6.35,0.066245362
199212,1.53,1.64,2.52,-0.44,0.75,0.28,2.7691,1.4433,1.8416,1.033,0.010107766,0,0.026285067
199301,0.93,2.09,5.87,-1.77,2.78,0.23,2.3154,2.9767,-1.4159,0.0751,0.007045989,4.84,0.028804642
199302,0.12,-3.42,6.42,-0.5,4.05,0.22,-3.3516,3.6442,-1.4748,2.274,0.010483627,-0.35,-0.052407122
199303,2.3,0.05,1.22,-0.29,0.92,0.25,0.0049,0.9528,1.8004,0.4903,0.018697298,2.21,0.023580332
199304,-3.05,-0.86,2.61,-3.69,1.52,0.24,-1.151,1.2198,-3.0085,2.0296,-0.02541681,-3.68,-0.054184534
199305,2.89,1.88,-3.41,-0.01,-1.18,0.22,1.8254,-0.8001,-0.5424,-0.3906,0.022717463,8.78,0.082851571
199306,0.31,0.11,2.62,-1.06,1.09,0.25,1.5941,1.8326,2.9356,1.6362,0.00075523,-0.43,-0.005392369
199307,-0.34,0.9,3.25,-2.18,2.03,0.24,1.415,1.4857,-0.5377,0.7905,-0.005327046,-3.89,-0.036217166
199308,3.71,0.25,-0.45,-1.15,-0.04,0.25,-0.0177,-0.0651,0.467,0.7241,0.034431957,6.41,0.056069615
199309,-0.12,3.06,-0.44,0.77,-0.08,0.26,3.0943,0.2739,0.9383,1.4226,-0.00998793,1.33,0.027009264
199310,1.41,1.61,-1.54,-0.1,0.6,0.22,0.4125,-0.5554,-1.429,-1.4347,0.019392923,1.6,0.02160874
199311,-1.89,-1.43,-0.27,1.55,-0.95,0.25,-1.8563,-0.7638,-0.7219,0.1243,-0.012910626,0.01,-0.010805978
199312,1.65,1.36,0.57,0.7,-0.32,0.23,2.1015,-0.2397,2.3752,2.2608,0.010091173,2.98,0.029785885
199401,2.87,-0.14,2.09,-2.29,1.44,0.25,0.1844,1.1615,-0.8224,0.9359,0.032500745,4.72,0.039444589
199402,-2.55,2.65,-1.45,2.45,-1.03,0.21,2.6468,-0.4624,2.6564,1.6242,-0.030044996,1.66,-0.004396186
199403,-4.78,-1.02,1.29,0.77,1.27,0.27,-0.9399,0.9673,0.2169,1.3591,-0.045746511,-3.89,-0.070868867
199404,0.68,-1.05,1.68,1.01,1.12,0.27,-0.8094,1.2677,1.4826,1.5047,0.011530644,-1.6,-0.025355106
199405,0.58,-2.46,0.2,0.9,0.7,0.31,-1.9911,0.5192,-0.7221,1.2093,0.012397143,2.09,0.015003365
199406,-3.03,-0.52,1.69,1.16,1.53,0.31,-0.8614,0.9418,0.191,1.3344,-0.026790824,-5.23,-0.048964017
199407,2.82,-1.83,0.62,-0.89,0.11,0.28,-1.4246,0.4364,0.7146,-0.1197,0.031489908,3.87,0.027366129
199408,4.01,1.29,-2.81,0.87,-1.45,0.37,2.0916,-0.6882,2.0678,2.6417,0.037598699,9.27,0.074940538
199409,-2.31,2.67,-1.91,0.6,0.93,0.37,2.2055,0.5683,1.0702,0.996,-0.026877535,-0.49,-0.010178407
199410,1.34,-2.3,-1.74,0.58,-0.62,0.38,-1.8404,0.2235,0.3868,2.4575,0.020833816,7.23,0.048749477
199411,-4.04,0.11,-0.94,0.81,-0.44,0.37,0.5281,-1.0009,1.3627,1.4756,-0.039504613,-2.14,-0.019924903
199412,0.86,-0.02,0.54,0.42,0.31,0.44,1.196,1.2826,4.0151,3.701,0.012299118,2.5,-0.001358673
199501,1.8,-2.76,0.81,0.61,-0.83,0.42,-2.4135,-0.032,-0.0282,1.1286,0.024277711,-0.82,0.002622005
199502,3.63,-0.55,1.09,0.58,-0.33,0.4,-0.6971,-0.8327,0.5089,1.1642,0.03607415,6.75,0.067031835
199503,2.19,-0.72,-1.1,-0.33,0.16,0.46,-1.2207,0.1458,1.2495,0.7807,0.027329193,4.52,0.033872818
199504,2.11,-0.34,2.27,0.05,1,0.44,0.0106,0.0043,0.1905,3.4517,0.027960359,8.29,0.05011742
199505,2.9,-2.06,1.72,0.46,0.09,0.54,-2.2114,0.8572,-0.9955,1.4486,0.036311712,3.08,0.039483789
199506,2.72,2.95,-2.28,-0.48,-2.44,0.47,3.2142,-1.7442,2.1324,1.8437,0.021278544,9.79,0.102294658
199507,3.72,2.1,-1.67,0.45,-1.7,0.45,1.7425,-2.5244,0.9478,0.3118,0.03177604,7.91,0.057338762
199508,0.55,1.83,2.71,-1.36,1.64,0.47,2.3651,2.1659,0.1635,1.2812,-0.000320238,-0.08,0.013869384
199509,3.35,-1.88,-0.75,1.33,0.36,0.43,-0.7735,1.8764,1.4294,3.124,0.040097472,1.28,0.014407817
199510,-1.52,-4.05,-0.74,2.14,-0.03,0.47,-5.0011,0.7869,2.8045,4.4602,-0.004979335,1.45,0.023415621
199511,3.96,-1.17,0.94,-0.82,1.19,0.42,-0.7635,1.1519,-0.2423,-1.3147,0.041049003,-0.68,-0.008450613
199512,1.03,0.67,0.87,-1.33,2.99,0.49,0.6345,3.1218,0.2894,0.4123,0.017443874,-4.2,-0.029458317
199601,2.26,-2.59,0.3,-0.64,2.28,0.43,-2.6934,2.4345,-1.5145,1.4312,0.032617387,1.95,0.027055217
199602,1.33,1.82,-1.42,0.4,-1.8,0.39,2.7365,-0.995,3.1343,0.7526,0.006933702,6.33,0.052397705
199603,0.73,1.54,1.01,1.3,-0.97,0.39,1.855,-0.6444,0.2568,-1.3527,0.007916567,-3.42,-0.021097273
199604,2.06,4.64,-3.91,0.18,-2.2,0.46,5.1454,-1.7122,2.8427,1.1859,0.013431422,10.01,0.093555705
199605,2.36,3.17,-1.2,0.43,-0.22,0.42,4.4318,1.0609,1.7912,-1.4628,0.022853406,3.85,0.038486397
199606,-1.14,-3.47,1.56,3.46,1.09,0.4,-4.2909,1.7015,0.8619,1.6746,0.00225671,-4.92,-0.021794114
199607,-5.97,-3.68,4.45,2.83,2.6,0.45,-3.3604,2.024,2.4171,2.9716,-0.045748017,-7.52,-0.060962614
199608,2.77,2.54,-0.46,-0.3,-2.42,0.41,2.4752,-1.8438,0.1208,-1.3861,0.018813935,4.42,0.043332647
199609,5.01,-1.33,-3.15,1.51,-2.18,0.44,-1.4527,-1.7281,2.1972,2.9831,0.054203328,10.58,0.111518
199610,0.86,-3.88,5.12,1.32,2.98,0.42,-2.4072,3.6469,1.9016,3.2911,0.026101003,-1.25,0.019550663
199611,6.25,-3.78,1.16,2,-0.73,0.41,-3.5352,-1.3062,0.8143,5.3909,0.073376152,12.02,0.109070627
199612,-1.7,3.21,0.88,0.54,1.51,0.46,3.3386,1.2042,0.9562,1.7017,-0.021505415,-2.53,-0.015167714
199701,4.98,-1.82,-1.64,1.31,-0.28,0.45,-0.8141,-0.6163,1.781,2.6005,0.061317039,9.38,0.121980623
199702,-0.49,-2.53,5.19,0.68,3.42,0.39,-2.4784,2.9357,-1.5541,0.6443,0.00592759,-7.44,-0.077141736
199703,-5.02,-0.48,3.81,0.36,1.66,0.43,-0.5358,1.7651,1.7604,0.2147,-0.04261401,-5.55,-0.062789576
199704,4.04,-5.73,-0.07,3.25,-0.89,0.43,-4.7283,-1.8757,3.856,2.9686,0.058405579,8.15,0.097458149
199705,6.74,4.65,-3.87,-0.97,-2.91,0.49,5.0056,-3.2146,-0.2413,-1.4727,0.058576884,10.14,0.096154271
199706,4.1,1.26,1.23,1.01,0.55,0.37,1.0392,0.2212,2.1184,0.1438,0.043452616,1.34,-0.001616507
199707,7.33,-2.84,0.82,-0.24,-2.56,0.43,-1.3948,-2.9906,1.3313,1.2966,0.07814581,15.96,0.156408694
199708,-4.15,7.66,1.38,-0.93,-0.02,0.41,7.4864,-0.769,-1.4326,0.4372,-0.057465632,-1.3,-0.029791405
199709,5.35,2.56,0.01,-1.39,-0.93,0.44,2.4315,-0.1147,-1.0519,-2.6029,0.05315359,3.47,0.021516674
199710,-3.8,-0.51,1.95,1.09,1.87,0.42,-1.0912,2.6402,-1.0299,-1.4217,-0.034477697,-8.42,-0.070673408
199711,2.98,-5.03,0.79,3.07,1.66,0.39,-5.5249,2.8658,1.4063,3.6419,0.044586855,1.46,0.030295615
199712,1.32,-2.01,3.45,1.19,1.92,0.48,-2.2209,2.2279,1.5733,-2.3996,0.015731598,-4.18,-0.056810494
199801,0.15,-1.41,-1.45,0.46,-0.85,0.43,-1.2128,-1.1806,2.1906,2.5971,0.010150177,5.25,0.081043152
199802,7.04,-0.02,-0.13,-0.86,-2.41,0.39,1.0517,-2.4559,1.1398,-0.2694,0.070449193,10.42,0.114831999
199803,4.76,-0.65,1.05,-1.02,-0.47,0.39,-0.3319,0.4864,-0.1748,-1.0906,0.049945714,1.33,0.022217036
199804,0.73,-0.02,0.74,-2.13,-0.23,0.43,0.4928,0.1799,-0.1997,2.2943,0.009076469,5.08,0.022495994
199805,-3.07,-3.11,4.16,0.96,2.54,0.4,-2.6325,2.2656,1.7802,1.0587,-0.018826224,-6.95,-0.04490758
199806,3.18,-3.68,-2.33,-0.52,-2.93,0.41,-3.2856,-1.514,3.1588,0.4178,0.039438241,8.73,0.121863671
199807,-2.46,-5.32,-0.96,1.82,0.45,0.4,-5.7035,1.8861,0.9701,2.8503,-0.011615327,0.47,0.029850334
199808,-16.08,-5.02,3.4,3.47,5.84,0.43,-6.1936,5.4493,3.0576,6.7098,-0.145796719,-17.6,-0.172022742
199809,6.15,-0.84,-3.31,-1.51,-2.91,0.46,-2.0586,-3.0781,-1.8245,1.2778,0.062395516,15.2,0.179893734
199810,7.13,-3.51,-2.21,0.59,0.29,0.32,-2.1604,-0.9494,0.6375,-0.5727,0.080294228,6.35,0.040907365
199811,6.1,0.64,-3.15,-1.24,-1.15,0.31,0.8964,-0.0252,1.3693,1.2943,0.059125996,11.62,0.112415345
199812,6.16,-1.51,-4.46,-0.75,-3.33,0.38,-1.8778,-2.9398,2.9291,-2.247,0.056375287,15.25,0.1784706
199901,3.5,-0.75,-4.03,-2.69,-6.86,0.35,-1.886,-4.462,-3.2508,-1.0641,0.041009442,15.09,0.158593869
199902,-4.08,-5.15,1.4,-1.71,4.09,0.35,-4.2281,4.814,0.016,0.0032,-0.032282563,-11.46,-0.09491861
199903,3.45,-4.29,-2.65,-4.2,-1.4,0.43,-5.5963,0.2962,-0.6922,0.3901,0.038794215,8.51,0.094069362
199904,4.33,4.67,2.53,-2.42,0.92,0.37,3.977,2.6497,-5.1524,0.4438,0.037944028,2.36,0.014242377
199905,-2.46,3.73,2.4,1.09,3.36,0.34,4.9459,0.4521,0.6807,2.0544,-0.024970481,-0.67,-0.021854598
199906,4.77,2.25,-3.6,1.32,-3.38,0.4,3.1452,-2.1207,2.3906,4.3237,0.054438331,11.72,0.099090814
199907,-3.49,2.53,-0.76,0.49,3.11,0.38,2.2716,3.4204,1.0146,1.9684,-0.032046092,-1.8,-0.011250621
199908,-1.38,-1.93,-1.31,-0.3,0.31,0.39,-1.551,-1.1996,-0.027,4.6439,-0.006254092,5.45,0.055457539
199909,-2.79,2.57,-3.39,-0.72,-1.07,0.39,1.7315,-1.3841,-0.183,-0.8624,-0.028551792,-0.21,0.004601745
199910,6.12,-7.09,-2.89,-1.72,-1.25,0.39,-5.6664,0.3587,2.0652,1.8345,0.062539542,3.25,0.095327899
199911,3.37,5.9,-6.51,-3.85,-1.58,0.36,5.729,-3.8975,-2.9734,1.1586,0.019061859,12.87,0.124844557
199912,7.72,5.42,-8.73,-7.91,-5.29,0.44,4.1838,-5.4989,-5.4542,-1.2125,0.057843895,20.76,0.249812124
200001,-4.74,4.15,-0.28,-6.05,4.73,0.41,5.6532,2.8805,-5.0544,0.6177,-0.050903549,-4.71,-0.037159208
200002,2.45,18.32,-9.93,-18.34,-0.51,0.43,22.1369,-5.3828,-7.5429,-3.2204,-0.020108083,18.18,0.195204516
200003,5.2,-14.91,7.37,11.67,-1.05,0.47,-14.3903,1.8173,7.6659,3.4912,0.096719828,3.95,0.0306777
200004,-6.4,-5.55,8.61,7.55,5.27,0.46,-4.8613,3.7882,8.7101,5.1852,-0.030795756,-10.69,-0.142037895
200005,-4.42,-3.68,2.57,4.64,0.74,0.5,-4.6181,0.5427,0.0542,3.7443,-0.021915051,-10.84,-0.119024235
200006,4.64,10.39,-9.86,-6.83,-3.07,0.4,10.2782,-3.4094,-4.7744,-1.8451,0.02393355,13.03,0.132280195
200007,-2.51,-0.95,8.06,6,2.99,0.48,0.99,2.2531,3.4368,3.3353,-0.016341276,-5.18,-0.041033091
200008,7.03,-1.1,-0.66,-3.07,0.61,0.5,0.4354,-0.7843,-2.0644,-1.0673,0.060699105,12.56,0.129729723
200009,-5.45,0.23,6.13,3.08,6.43,0.51,1.6336,5.2174,2.1,0.8141,-0.053482975,-14.99,-0.124333239
200010,-2.76,-2.83,5.64,9.66,4.67,0.56,-2.2311,2.9431,7.3385,6.4937,-0.004949486,-7.28,-0.080745321
200011,-10.72,-0.46,11.26,13.33,8.51,0.51,1.5268,7.4717,10.3785,10.8156,-0.08006861,-23.36,-0.236346464
200012,1.19,3.17,7.38,1.85,5.68,0.5,4.6783,6.3526,5.1898,0.7257,0.004053446,-7.95,-0.065763996
200101,3.13,5.8,-4.86,-4.44,-6.55,0.54,2.7459,-7.1572,-10.8206,-6.2948,0.034636577,16.53,0.107315222
200102,-10.05,2.67,12.87,9,9.56,0.38,2.8813,9.2411,5.1658,6.4601,-0.092290736,-25.96,-0.264049384
200103,-7.26,2.32,6.46,3.41,3.94,0.42,2.9535,3.7534,3.4576,2.6557,-0.064204711,-13.59,-0.175583736
200104,7.94,-0.64,-4.72,-2.72,-3.95,0.39,-0.9027,-3.7757,0.068,-5.4031,0.076814362,17.99,0.179183235
200105,0.72,3.58,3.17,0.18,2.18,0.32,4.3821,2.3431,-2.5522,-0.2205,0.005090187,-3.33,-0.029787353
200106,-1.94,6.61,-1.03,2.03,-1.79,0.28,6.6893,-1.7646,-0.7474,1.9317,-0.025035389,1.48,0.016834321
200107,-2.13,-2.91,5.57,7.16,3.01,0.3,-2.1174,1.3779,3.9482,5.5275,-0.01074015,-7.58,-0.080090024
200108,-6.46,2.73,2.5,3.95,6.5,0.31,2.372,5.6422,4.3127,5.6464,-0.064108407,-12.65,-0.127054387
200109,-9.25,-5.68,1.6,4.96,3.27,0.28,-4.9267,2.8668,9.1938,5.7653,-0.081723406,-18.94,-0.205028214
200110,2.46,5.42,-8.1,-2.66,-4.64,0.22,3.4908,-2.9725,-4.393,-0.5554,0.018099111,15.68,0.168106024
200111,7.54,-0.31,2.01,-3.76,-1.66,0.17,-1.3884,-1.1368,-8.4926,-2.9851,0.075175904,15.92,0.169455894
200112,1.61,5.14,1.1,0.3,-0.29,0.15,5.3231,-0.183,0.5359,-2.2227,0.007573834,-0.59,-0.011904389
200201,-1.44,1.19,3.33,4.35,2.84,0.14,0.7269,3.2511,0.2975,4.281,-0.015573833,-0.56,-0.017044484
200202,-2.29,-0.46,2.5,7.62,5.12,0.13,-0.4893,4.4486,5.3193,3.7229,-0.020766211,-13.2,-0.123180082
200203,4.24,4.28,1.1,-1.36,0.61,0.13,4.6154,0.7823,-4.7081,-0.5513,0.036738894,6.43,0.068855733
200204,-5.2,6.66,3.93,4.57,5.41,0.15,7.5839,4.0765,5.4656,4.0834,-0.061417626,-11.76,-0.12096565
200205,-1.38,-3.07,1.68,2.27,2.42,0.14,-3.1793,2.1871,1.8106,0.6128,-0.009081481,-3.78,-0.053818493
200206,-7.21,3.78,0.12,3.62,2.51,0.13,3.5705,3.5486,4.9344,0.4215,-0.072455354,-12.21,-0.129872334
200207,-8.18,-6.24,-3.44,4.19,-0.72,0.15,-6.3895,1.979,6.6992,4.9534,-0.079004275,-9.63,-0.084943129
200208,0.5,-1.27,2.53,1.15,-1.61,0.14,-0.0103,-0.8647,2.4777,-1.7234,0.004881433,-0.87,-0.0204968
200209,-10.35,3.07,1.32,3.24,-2.28,0.14,3.1331,-2.1444,4.4209,1.168,-0.110024318,-16.74,-0.11657716
200210,7.84,-4.12,-5.45,-3.28,0.92,0.14,-5.1455,0.293,-4.6493,1.4936,0.086448801,19.41,0.188608027
200211,5.96,2.9,-1.12,-9.13,5.12,0.12,1.4953,3.273,-11.1746,-3.1026,0.057069621,16.14,0.127897812
200212,-5.76,0.5,2.23,6.04,-1.59,0.11,0.0685,-2.2586,5.3208,2.2789,-0.060332573,-13.03,-0.118027044
200301,-2.57,0.81,-0.94,-0.63,0.81,0.1,-0.9851,0.6899,-0.6002,0.7808,-0.027414693,-1.47,-0.001340966
200302,-1.88,-0.89,-1.45,1.04,-0.55,0.09,-2.0306,-0.1271,0.9046,1.4284,-0.017003609,1.27,0.027150198
200303,1.09,0.56,-2.07,1.8,-0.69,0.1,1.4063,-0.1302,3.4452,-0.9363,0.008357569,-0.97,0.008833941
200304,8.22,1.06,1.03,-4.57,1.14,0.1,2.3565,1.0369,-4.4538,-3.1854,0.081044107,9.27,0.085799078
200305,6.05,4.83,-0.29,-6.92,3.22,0.09,3.8209,1.848,-8.2383,-1.6032,0.05089871,9.77,0.083024385
200306,1.42,1.68,0.69,0.55,-0.33,0.1,2.217,-1.0629,1.1007,-0.1288,0.011322215,0.25,0.003172183
200307,2.35,4.73,-1.14,-4.17,1.87,0.07,4.3794,2.3396,-1.7459,-0.8855,0.016223702,5.67,0.062620146
200308,2.34,2.54,2.03,-2.46,2.2,0.07,2.2371,2.3638,-1.2401,-1.6327,0.017873203,6.05,0.05032344
200309,-1.24,0.52,0.01,1.34,0.31,0.08,0.6893,0.2277,1.2633,2.326,-0.011944365,-0.89,-0.027960037
200310,6.08,2.64,1.77,-1.59,1.55,0.07,3.0463,1.0318,-1.7515,-0.5641,0.054961486,8.23,0.08643865
200311,1.35,2.21,1.85,0.08,1.67,0.07,2.1955,2.3057,0.7762,0.538,0.007128504,1.89,0.005549308
200312,4.29,-2.68,2.41,0,0.97,0.08,-2.7825,0.7725,-1.7383,-1.3339,0.050765541,2.1,0.030661783
200401,2.15,2.54,1.97,-3.53,3.4,0.07,3.1138,2.0594,-2.4369,0.8594,0.017276387,4.5,0.017139838
200402,1.4,-0.91,0.5,2.28,-1.34,0.06,-0.3077,-0.8838,2.1326,-0.0153,0.012208973,-2.93,-0.01520344
200403,-1.32,2.11,0.22,1.5,-1.04,0.09,2.5223,-0.7362,1.7567,-1.0655,-0.016358919,-2.54,-0.021742659
200404,-1.83,-2.19,-2.62,3.31,-2.8,0.08,-3.2177,-2.9004,0.0193,1.4282,-0.016790752,-4.9,-0.025757641
200405,1.17,-0.4,-0.39,-0.97,-0.08,0.06,-0.3839,0.5514,1.0708,-0.2182,0.01208345,4.83,0.046283601
200406,1.86,2.56,1.39,1.12,-0.41,0.08,2.2427,-0.2619,0.558,0.6171,0.017988999,2.63,0.034387776
200407,-4.06,-3.03,4.11,5.08,-1.62,0.1,-3.3463,-0.9737,2.4031,3.0792,-0.034290519,-8.49,-0.076649699
200408,0.08,-1.27,1.03,1.3,-1.43,0.11,-1.5195,-1.2012,-1.2288,0.174,0.00228735,-4.43,-0.022643664
200409,1.6,3.28,-0.25,-1.34,-1.9,0.11,3.7979,-2.2103,-0.2111,-1.6158,0.009363876,3.29,0.032191553
200410,1.43,0.28,-0.63,-0.07,0.4,0.11,-0.7807,0.5882,-1.4395,0.004,0.014014244,5.03,0.052366311
200411,4.54,4.12,1.79,-1.06,-0.22,0.15,4.4795,-0.4175,-1.1336,-1.6609,0.038594936,5.84,0.057024881
200412,3.43,0.01,-0.08,-1.26,0.51,0.16,-0.0376,0.3071,-0.8596,-1.1295,0.032458213,3.19,0.031574925
200501,-2.76,-1.11,1.96,3.05,-1.38,0.16,-0.3902,-0.4017,3.2477,1.2607,-0.025290467,-6.12,-0.06260486
200502,1.89,-0.3,1.65,1.2,-0.05,0.16,0.1385,0.2844,3.5699,0.6629,0.018903346,-0.18,-0.005665843
200503,-1.97,-1.39,1.61,0.47,1.12,0.21,-1.7605,0.9149,0.5349,1.9014,-0.019117656,-2.4,-0.018854807
200504,-2.61,-4.01,-0.35,0.96,-0.9,0.21,-4.4861,-1.4659,-1.1017,2.1601,-0.020108582,-4.54,-0.041645018
200505,3.65,2.72,-0.81,-1.31,0.28,0.24,2.9653,-0.0562,0.9635,0.4256,0.029952046,7.75,0.085755082
200506,0.57,3.26,2.63,0.98,-0.52,0.23,3.8083,-0.1989,-0.4251,-0.4125,-0.000142714,-1.57,-0.031835233
200507,3.92,2.83,-0.52,-1.19,-0.98,0.24,2.7311,-2.0743,-0.2062,-0.4035,0.035968287,6.01,0.074736189
200508,-1.22,-0.86,1.27,-2.23,0.45,0.3,-0.7919,0.2404,-0.6819,-0.6295,-0.011222105,-0.58,-0.014596891
200509,0.49,-0.31,0.77,0.49,-0.57,0.29,0.0018,-0.0221,0.8642,0.2596,0.006949025,0.75,0.012612978
200510,-2.02,-1.41,0.22,-0.58,-1.26,0.27,-0.5152,-0.317,1.1044,-0.5517,-0.01774078,-1.64,-0.014035425
200511,3.61,0.8,-1.19,-0.6,-1.19,0.31,1.2213,-1.0514,0.772,-0.5969,0.035186096,6.54,0.059131956
200512,-0.25,-0.27,0.44,0.12,0.24,0.32,-0.0244,0.8785,0.2174,1.0871,-0.000952349,-1.81,-0.016358222
200601,3.04,5.77,1.13,-0.94,-0.55,0.35,6.4368,-0.6776,-0.2587,0.8715,0.025466771,3.77,0.039843211
200602,-0.3,-0.45,-0.25,-0.7,2,0.34,-0.3884,2.4359,-1.0088,-0.9959,0.000453158,-1.25,-0.023486806
200603,1.46,3.45,0.6,-0.04,-0.5,0.37,3.1198,-1.3479,0.7682,-0.7813,0.01109581,2.97,0.019807664
200604,0.73,-0.83,2.61,1.15,-0.25,0.36,-0.3043,0.3423,0.8234,-0.1274,0.012155653,-1.08,-0.001731609
200605,-3.57,-2.99,2.54,0.96,1.34,0.43,-3.513,1.3187,-0.0952,-1.606,-0.030916916,-6.79,-0.0712232
200606,-0.35,-0.24,0.87,1.38,-0.11,0.4,-0.3286,-0.4009,1.0355,0.6268,8.66E-05,-1.18,-0.002753881
200607,-0.78,-3.69,2.94,1.54,0.93,0.4,-3.1605,1.3537,0.5471,3.2009,0.005085879,-3.92,-0.041771631
200608,2.03,0.44,-1.71,-1.74,2.15,0.42,0.424,1.9388,-1.3419,-0.1832,0.021274193,7.19,0.046573822
200609,1.84,-1.44,0.04,0.88,0.53,0.41,-0.9684,0.9799,0.6243,0.9674,0.024566299,3.67,0.047096672
200610,3.23,1.93,-0.03,-0.22,0.26,0.41,1.9654,0.1918,-0.2894,0.4303,0.031508003,4.28,0.047402582
200611,1.71,0.82,0.08,0.09,-0.88,0.42,0.3941,-1.5952,0.4888,-0.8937,0.016466657,3.02,0.03388664
200612,0.87,-0.79,3.16,-0.8,2.05,0.4,-0.0051,1.8246,-0.5628,-1.2209,0.012615783,-0.99,-0.019176539
200701,1.4,0.08,-0.11,0.22,0.24,0.44,-0.0995,0.6221,0.0117,0.0522,0.014059043,2.18,0.020137745
200702,-1.96,1.4,-0.1,-0.47,-0.74,0.38,1.4366,-0.9611,-0.7334,-0.0713,-0.021846176,-2.49,-0.01711789
200703,0.68,0.07,-0.22,0.25,-0.59,0.43,-0.1798,-1.188,0.4424,-0.2282,0.009979983,0.91,0.006108089
200704,3.49,-2.02,-1.15,1.02,1.01,0.44,-1.7326,0.8545,0.5498,1.0935,0.043290691,4.91,0.053820903
200705,3.24,0.28,-0.04,1.13,-1.29,0.41,-0.2555,-2.3088,0.5252,0.1387,0.032549229,3.9,0.03235976
200706,-1.96,0.76,-1.12,0.53,0.07,0.4,0.5431,0.9411,1.1897,-0.5651,-0.017816322,0.61,0.003065069
200707,-3.73,-2.87,-3.33,0.57,-1.04,0.4,-3.0194,-2.2854,1.6421,0.0465,-0.031981878,-1.26,-0.001054711
200708,0.92,-0.34,-2.24,-0.91,-0.56,0.42,-0.8426,-1.2713,0.9747,0.4953,0.012863572,2.69,0.029331345
200709,3.22,-2.41,-1.86,-0.58,-3.17,0.32,-2.3831,-3.2483,1.6042,-0.4743,0.035794008,4.19,0.051480155
200710,1.8,0.03,-2.6,-0.31,-0.1,0.32,0.3666,0.4806,1.242,0.343,0.014822338,6.84,0.070713576
200711,-4.83,-2.81,-1.18,1.88,-0.34,0.34,-3.0333,0.2065,3.6053,1.4361,-0.044043417,-7.42,-0.066941144
200712,-0.87,0.18,-0.51,0.7,-1.09,0.27,0.6754,-0.6395,2.2799,1.0639,-0.008628509,1.42,-0.001996154
200801,-6.36,-0.52,3.65,1.98,2.2,0.21,-0.7339,1.3994,-0.3167,-0.8195,-0.061163432,-12.31,-0.116795238
200802,-3.09,-0.53,-0.94,0.76,-1.06,0.13,-0.8812,-1.5041,1.7886,1.3601,-0.034761193,-3.7,-0.05221515
200803,-0.93,0.75,-0.14,1.09,0.47,0.17,0.5829,-0.3539,2.3741,-0.0308,-0.005959624,0.73,0.021005365
200804,4.6,-1.15,-0.95,1.28,-2.54,0.18,-0.9409,-2.3042,-0.8079,3.3221,0.047546698,6.83,0.076192607
200805,1.86,3.22,-1.38,0.81,0.04,0.18,2.5362,-0.3601,-0.3372,0.0761,0.010674182,5.42,0.059899879
200806,-8.44,1.15,-2.42,4.3,-0.42,0.17,1.8768,-0.1818,6.362,1.0358,-0.085962385,-8.98,-0.096173802
200807,-0.77,3.66,5.88,-0.98,1.06,0.15,5.9815,1.8233,0.0115,-0.0734,-0.009859371,-0.82,0.006564762
200808,1.53,3.42,1.52,1.85,0.81,0.13,1.8217,0.9425,-0.8718,2.079,0.012190465,2.36,0.012649063
200809,-9.24,0.35,6.33,2.95,1.77,0.15,0.629,3.1567,1.5935,3.4509,-0.090791434,-12.54,-0.1484134
200810,-17.23,-3.2,-2.89,3.6,1.91,0.08,-3.4751,1.0567,5.8954,6.7538,-0.169424524,-18.23,-0.162953146
200811,-7.86,-3.88,-6.02,4.83,2.72,0.03,-5.2006,0.505,3.5073,2.1843,-0.074849043,-11.23,-0.111651378
200812,1.74,3.37,-0.25,-0.08,-1.4,0,3.6018,-2.3459,-0.5551,-0.8413,0.007821577,2.31,0.021842736
200901,-8.12,-2.01,-11.18,0.23,-1.15,0,-2.9341,-0.9211,-0.7729,2.4051,-0.085657343,-3.15,-0.025915094
200902,-10.1,-1.17,-7.27,1.71,-1.12,0.01,-1.5734,-1.8544,2.9629,2.8821,-0.109931198,-4.94,-0.053598822
200903,8.95,0.67,3.56,-2.33,-2.22,0.02,0.9884,-0.4461,-3.3713,0.0791,0.085404462,11.28,0.107449504
200904,10.19,6.71,5.53,0.28,0.14,0.01,7.2771,3.5049,-13.8329,-1.7607,0.09392508,12.38,0.127177585
200905,5.21,-2.33,-0.23,-0.98,-2.16,0,-1.3222,-2.4199,-3.3195,-0.5583,0.053081446,3.17,0.029576923
200906,0.43,2.32,-2.72,-1.06,-0.17,0.01,3.7488,0.5168,0.8963,2.4952,0.000195827,4.35,0.029033802
200907,7.72,2.44,5.28,-0.66,3.2,0.01,1.6914,1.9785,-4.8914,-1.0287,0.074141727,8.26,0.085368072
200908,3.33,-0.05,7.75,-3.02,3.18,0.01,0.8678,2.2621,-2.6007,-1.5815,0.033560189,2.37,0.013615131
200909,4.08,2.74,0.93,1.36,0.38,0.01,2.4653,-1.154,-2.8178,-2.6301,0.035723346,5.24,0.057716361
200910,-2.59,-4.78,-4.18,4.18,-1.66,0,-4.6119,-0.2441,3.9459,2.9368,-0.019762001,-1.4,-0.03016887
200911,5.56,-2.8,-0.17,0.81,0.13,0,-2.3817,-0.3517,1.0266,-0.3254,0.057364062,4.97,0.060163304
200912,2.75,6.22,0,0.48,-0.07,0.01,4.8196,-0.1781,-1.8517,-0.1478,0.017770571,5.89,0.05255088
201001,-3.36,0.29,0.3,-1.39,0.46,0,0.3739,0.6769,-1.065,-0.6848,-0.036974246,-7.84,-0.064112979
201002,3.4,1.46,3.16,-0.33,1.4,0,1.5232,0.7576,-1.0388,-0.5169,0.028513689,4.76,0.044594043
201003,6.31,1.79,2.11,-0.56,1.7,0.01,2.0217,1.5737,-0.5129,-1.6988,0.058796426,6.67,0.076791908
201004,2,5.04,2.81,1.1,1.69,0.01,3.9058,3.0559,-2.4882,-2.3485,0.01475923,2.16,0.02159484
201005,-7.89,0.06,-2.38,1.37,-0.22,0.01,0.0463,-0.4538,2.7218,1.7369,-0.081975842,-7.67,-0.074096654
201006,-5.56,-2.49,-4.5,-0.21,-1.51,0.01,-2.3702,-2.4616,1.327,1.9251,-0.053882442,-6.16,-0.061137233
201007,6.93,0.09,-0.26,0.24,2.02,0.01,0.4811,1.2242,-0.853,0.3616,0.06877785,7.5,0.071794096
201008,-4.77,-3.1,-1.95,0.72,-1.69,0.01,-3.6386,-1.777,-0.5614,-0.6431,-0.047449184,-6.45,-0.051807911
201009,9.54,3.72,-3.13,-0.21,0.47,0.01,3.9473,1.1549,0.5214,0.0482,0.087551103,12.43,0.130477574
201010,3.88,0.78,-2.6,1.3,-0.23,0.01,0.6884,-0.0068,0.6453,0.4416,0.036855994,6.38,0.063266956
201011,0.6,3.6,-0.9,0.24,1.64,0.01,3.6487,1.8594,-0.0799,-0.6194,-0.00229025,-0.82,-0.003351396
201012,6.82,0.95,3.82,-3.65,3.22,0.01,0.4459,3.0261,-3.6697,-2.246,0.06530004,6.04,0.047479621
201101,1.99,-2.42,0.82,-0.89,0.69,0.01,-2.0114,1.3161,0.5565,-1.3459,0.022645574,3.93,0.028879101
201102,3.49,1.64,1.1,-1.93,0.95,0.01,1.3916,1.4321,-1.6578,-0.8165,0.031956564,2.31,0.030272921
201103,0.45,2.67,-1.58,1.64,-0.03,0.01,1.8477,-0.1252,-0.9511,0.2826,-0.001047313,-1.58,-0.005104233
201104,2.9,-0.51,-2.52,1.09,-0.84,0,-0.8838,-0.9693,1.5871,1.088,0.02849538,3.13,0.027828288
201105,-1.27,-0.69,-2.08,2.02,-1.5,0,-0.8715,-1.0161,0.1308,1.3803,-0.013500953,-1.69,-0.01311938
201106,-1.75,0.11,-0.32,2.38,-1.45,0,0.4603,-1.152,2.8109,1.0019,-0.018257461,-2.34,-0.02000808
201107,-2.36,-1.34,-1.21,2.43,-1.76,0,-1.7743,-2.0383,0.735,0.659,-0.021474426,-0.34,0.016231765
201108,-5.99,-3.2,-2.48,3.2,-0.24,0.01,-3.7196,-1.3168,2.5618,2.7195,-0.056791107,-6.9,-0.051548811
201109,-7.59,-3.78,-1.41,1.85,0.28,0,-4.7805,0.0766,-0.7641,4.899,-0.071761988,-4.86,-0.045439368
201110,11.35,3.57,-0.18,-1.87,-0.88,0,5.1817,-0.5881,2.1401,-1.7028,0.107723039,11.9,0.103263939
201111,-0.28,-0.26,-0.34,1.79,1.53,0,-1.134,1.5244,0.5813,1.216,-0.005058715,-2.01,-0.027490646
201112,0.74,-0.44,1.77,0.8,2.4,0,0.1225,2.6695,1.1493,-0.6067,0.008532764,-1.46,-0.007567913
201201,5.05,2.16,-1.13,-1.81,-1.4,0,2.7843,-0.574,-0.6313,-1.312,0.043583062,8.17,0.083465345
201202,4.42,-1.63,0.08,-0.19,-0.1,0,-0.6734,0.0789,0.2918,0.0126,0.040589464,6.71,0.062866002
201203,3.11,-0.45,0.92,-0.33,0.82,0,0.7124,1.4304,1.658,1.7917,0.031332315,4.69,0.050386915
201204,-0.85,-0.59,-0.48,1.12,0.67,0,-1.1503,0.9546,1.001,-0.3668,-0.007497453,-2.09,-0.011465333
201205,-6.19,-0.09,-0.59,2.28,2.39,0.01,-0.8859,2.6812,1.6157,2.3377,-0.062650726,-7.87,-0.07299309
201206,3.89,0.95,0.44,-1.24,0.34,0,1.492,1.0221,-1.7624,0.3499,0.039554982,2.85,0.035981991
201207,0.79,-2.68,-0.27,1.11,0.13,0,-3.0745,0.5135,1.5412,0.9705,0.012597574,-0.54,0.01024959
201208,2.55,0.44,1.31,-1.26,-0.73,0.01,1.4166,-1.4606,-0.502,-0.4018,0.01976337,4.53,0.04908552
201209,2.73,0.66,1.53,-1.38,1.59,0.01,1.1813,1.1797,0.1849,-0.6571,0.024236154,1.58,0.009721363
201210,-1.76,-0.81,3.79,-1.39,2.28,0.01,0.2203,1.8559,0.4568,-3.7341,-0.01978941,-6.3,-0.054040641
201211,0.78,0.36,-0.97,0.68,0.91,0.01,0.3591,0.8177,1.7114,0.1462,0.002846717,1.89,0.011314527
201212,1.18,1.87,3.58,-1.98,0.86,0.01,2.4208,-0.8266,-1.9931,-2.6203,0.00706823,0.24,-0.006329616
201301,5.57,0.56,0.95,-1.64,1.47,0,0.1941,1.5365,-2.101,-1.6364,0.050428097,2.51,0.026532114
201302,1.29,-0.38,0.03,-0.69,0.48,0,-0.6155,0.7549,0.1044,0.435,0.011060649,0.54,0.002580989
201303,4.03,0.83,-0.3,0.17,1.31,0,1.0762,1.2925,0.4876,-1.153,0.035987724,2.64,0.029252335
201304,1.55,-2.3,0.62,0.07,0.47,0,-2.8535,0.1119,-1.0102,-0.241,0.018085768,0.52,0.024390764
201305,2.8,2.06,2.6,-1.66,-0.78,0,3.519,-1.6561,-0.3939,-1.4499,0.020762812,4.37,0.032665638
201306,-1.2,1.35,-0.17,-0.44,-0.01,0,0.7611,0.7015,-0.1332,0.5705,-0.014999302,-2.84,-0.024200443
201307,5.65,1.8,0.56,-1.46,0.56,0,2.0932,0.6474,-0.4727,-1.1175,0.04946208,5.97,0.062066895
201308,-2.71,-0.01,-2.78,0.62,-2.16,0,-0.2093,-1.7841,0.5517,0.1749,-0.031298019,-0.03,-0.005300607
201309,3.77,2.67,-1.19,-0.73,-1.32,0,2.4392,-0.7254,-0.9958,-1.002,0.029749523,3.89,0.04697424
201310,4.18,-1.53,1.14,2.7,0.87,0,-1.6175,1.1611,1.3367,0.8084,0.044595753,3.95,0.049571199
201311,3.12,1.33,0.24,0.14,0.05,0,1.9315,0.0148,1.5439,1.1916,0.028049472,3.51,0.032592921
201312,2.81,-0.53,-0.31,-0.52,0.07,0,-0.4377,0.7392,-0.1745,-1.7369,0.023562792,4.2,0.029869641
201401,-3.32,0.57,-2.09,-3.99,-1.4,0,0.3324,-0.2918,-2.3143,0.3313,-0.035582906,-1.15,-0.019510044
201402,4.65,0.15,-0.4,-0.26,-0.41,0,-0.3063,-0.6297,-1.4762,-0.0153,0.04311703,5.25,0.04945603
201403,0.43,-1.17,5.09,2.16,1.9,0,-0.1647,2.7038,1.7736,1.4456,0.006932166,-0.85,-0.027152973
201404,-0.19,-4.15,1.14,3.48,1.07,0,-4.6826,0.8015,1.0816,0.6424,0.006200789,-1.2,-0.003815618
201405,2.06,-1.89,-0.27,0.1,-1.08,0,-2.0338,-0.9378,-0.6521,0.52,0.02103028,3.45,0.043215852
201406,2.61,3.1,-0.74,-1.97,-1.91,0,2.2437,-2.6584,-2.5859,0.2659,0.019058332,2.98,0.030148605
201407,-2.04,-4.25,0.01,0.94,0.47,0,-3.5647,0.7155,1.1987,1.1992,-0.015079831,0.32,0.011175541
201408,4.24,0.29,-0.59,-0.63,-0.7,0,0.4476,-0.9248,0.1455,0.2191,0.037655295,4.28,0.048827247
201409,-1.97,-3.79,-1.23,1.13,-0.51,0,-3.1013,-0.3099,3.0614,2.1416,-0.015513837,-1.3,-0.008110134
201410,2.52,3.78,-1.7,-0.47,-0.17,0,3.6196,0.5282,1.6832,-0.1935,0.023201461,1.31,0.026857971
201411,2.55,-2.31,-3,1.4,0.18,0,-1.9758,0.3423,2.5232,0.3885,0.024533589,4.25,0.043186871
201412,-0.06,2.88,2.06,-1.16,0.88,0,2.7691,0.4722,-0.6545,0.2692,-0.004188588,-1.28,-0.023401376
201501,-3.11,-0.87,-3.48,1.67,-1.67,0,-1.5778,-1.0729,-0.3725,1.3736,-0.031040806,-3.29,-0.020737443
201502,6.13,0.21,-1.81,-1.07,-1.75,0,0.8161,-1.3948,0.0848,-0.865,0.054892511,8.27,0.070445864
201503,-1.12,3.04,-0.46,0.1,-0.51,0,2.8182,-0.2642,0.8332,-0.0434,-0.017396107,-2.45,-0.024090955
201504,0.59,-3.03,1.85,-0.15,-0.49,0,-3.7895,-0.8015,-2.2005,-0.2283,0.00852082,1.35,0.018589253
201505,1.36,0.77,-1.37,-1.72,-0.74,0,1.7447,-0.6108,1.4322,0.2452,0.010491382,2.05,0.021294671
201506,-1.53,2.86,-0.79,0.5,-1.47,0,2.8608,-2.4473,1.2469,-0.6735,-0.021011672,-3.51,-0.024730269
201507,1.54,-4.55,-4.12,0.04,-2.56,0,-4.0812,-2.7282,4.3496,2.8719,0.01974203,2.4,0.043702727
201508,-6.04,0.4,2.66,0.76,1.25,0,0.5023,1.1607,0.7607,0.3138,-0.062580818,-5.85,-0.068497763
201509,-3.08,-2.78,0.53,1.81,-0.51,0,-3.3865,0.3176,4.2461,3.4942,-0.026442832,-1.46,-0.021878177
201510,7.75,-2.16,-0.07,0.82,0.43,0,-2.7834,0.6273,-2.3743,1.0144,0.082983118,10.04,0.11187833
201511,0.56,3.35,-0.51,-2.57,-1.1,0,3.4689,-0.5501,-1.7131,0.5808,0.000504869,1.21,0.003372825
201512,-2.17,-2.99,-2.59,0.31,0.13,0.01,-2.091,0.3217,2.9295,3.391,-0.017530185,-2.48,-0.015272719
201601,-5.77,-3.42,2.08,2.6,3.02,0.01,-2.8238,2.7839,5.324,4.9483,-0.050735322,-6.2,-0.068382677
201602,-0.07,0.95,-0.5,3.29,2.05,0.02,0.4858,1.7193,2.0303,-0.182,-0.00412836,-0.95,-0.018239473
201603,6.96,1.1,1.16,0.81,-0.02,0.02,1.0429,-0.7078,-2.124,-2.6299,0.065991115,8.42,0.067253502
201604,0.92,1.17,3.26,-2.89,1.97,0.01,0.1061,1.2908,-7.2343,-5.2197,0.002699398,-4.03,-0.031750924
201605,1.78,-0.71,-1.81,-1.02,-2.55,0.01,-0.506,-2.2655,0.9588,2.2359,0.015324602,5.08,0.042058909
201606,-0.05,0.49,-1.47,1.19,1.92,0.02,-0.3441,0.5039,0.2568,-0.8138,0.000910921,-1.9,-0.023473148
201607,3.95,2.64,-1.11,1.33,-1.24,0.02,2.3392,-2.1843,-0.5095,2.1854,0.035609801,7.81,0.070744906
201608,0.5,1.72,3.34,-1.33,-0.39,0.02,0.9644,-0.2141,-2.407,-0.2465,-0.001219243,1.88,0.008629565
201609,0.25,1.74,-1.49,-2.29,-0.08,0.02,1.0136,0.1735,-3.1863,-0.9855,-0.001234451,2.39,0.021934458
201610,-2.02,-4.01,4.16,1.19,0.24,0.02,-3.4325,0.8407,3.023,2.0278,-0.019425679,-1.13,-0.015265536
201611,4.86,6.81,8.29,-0.1,3.7,0.01,6.4914,2.922,-1.1024,-2.6391,0.034174522,0.57,0.001986982
201612,1.82,0.41,3.58,0.99,-0.3,0.03,0.6259,-0.2623,1.5303,0.8,0.018200762,0.86,0.010977373
201701,1.94,-1.28,-2.78,-0.01,-0.95,0.04,-1.8649,-2.0777,-1.3198,0.673,0.017884358,4.7,0.052049687
201702,3.57,-2.13,-1.79,0.78,-1.72,0.04,-1.6716,-2.2683,2.0048,2.5065,0.03719816,4.97,0.041733367
201703,0.17,0.78,-3.17,0.68,-1,0.03,1.2411,-1.3066,1.8823,1.2346,-0.000389197,2.17,0.019871249
201704,1.09,0.49,-1.87,2,-1.55,0.05,0.5831,-1.5535,1.0088,1.6976,0.009091209,2.79,0.027095948
201705,1.06,-3.05,-3.78,1.21,-1.88,0.06,-2.5542,-1.6642,1.3102,2.6021,0.011576251,4.27,0.036763486
201706,0.78,2.48,1.35,-2.01,-0.07,0.06,3.0582,-0.4968,-1.2898,-1.9382,0.004813775,-2.1,-0.024509378
201707,1.87,-1.59,-0.29,-0.71,-0.15,0.07,-1.1228,-0.4286,1.5346,1.0357,0.019348826,3.79,0.041334065
201708,0.16,-1.85,-2.24,0.28,-2.42,0.09,-1.3984,-2.8241,0.4656,1.6153,0.000546433,3.04,0.018412235
201709,2.51,4.84,3.03,-1.18,1.63,0.09,4.9016,3.1284,0.4497,-1.8701,0.019302979,0.58,-0.001553
201710,2.25,-1.97,-0.05,1.04,-3.33,0.09,-1.0351,-2.8548,2.1725,3.1841,0.022188135,6.86,0.045032071
201711,3.12,-0.43,-0.04,3.12,0,0.08,0.2014,-0.4969,1.8734,1.1491,0.003720043,1.04,0.018724314
201712,1.06,-1.04,0.14,0.65,1.65,0.09,-0.9112,1.7456,0.32,-1.1263,0.034342557,-0.22,0.004847942
201801,5.58,-3.15,-1.37,-0.5,-0.89,0.11,-2.7743,-1.2889,-1.311,2.8559,0.056178704,7.58,0.086543773
201802,-3.65,0.32,-1.19,0.52,-2.25,0.11,0.1904,-1.6939,-0.7678,4.4879,-0.038947372,-0.04,-0.013751143
201803,-2.35,3.54,-0.12,-0.51,0,0.12,2.8151,-0.1073,0.1924,0.4606,-0.026884499,-3.29,-0.03987063
201804,0.29,0.97,0.54,-2.09,1.18,0.14,0.2795,1.5935,-0.0284,-0.6367,0.002718775,-0.14,0.003713639
201805,2.65,4.72,-3.16,-1.95,-1.42,0.14,4.8832,-1.0828,-1.8755,2.3931,0.021608342,6.93,0.054826482
201806,0.48,0.86,-2.38,0.71,0.33,0.14,0.6138,-0.409,1.4412,0.1827,0.004842436,-0.34,0.010486891
201807,3.19,-1.92,0.43,1.61,0.43,0.16,-1.3208,0.4854,1.9596,1.4113,0.036021556,2.27,0.02715319
201808,3.44,0.65,-4.08,-0.28,-2.5,0.16,1.4262,-2.331,0.3653,4.6197,0.030263211,7.32,0.058430724
201809,0.06,-2.52,-1.3,0.59,1.24,0.15,-3.1119,1.4117,0.5948,0.7674,0.004294287,-0.26,-0.003514237
201810,-7.68,-4.51,3.44,0.87,3.45,0.19,-4.77,4.1298,1.2871,-0.5494,-0.069403356,-8.78,-0.086599387
201811,1.69,-0.82,0.25,-0.6,0.32,0.18,-0.6804,-0.9417,0.97,2.908,0.017859357,-1.63,-0.002596537
201812,-9.55,-3.05,-1.47,-0.13,0.16,0.19,-3.0503,-0.8273,1.3549,2.7543,-0.091776895,-8.13,-0.089083132
201901,8.41,3.09,-0.62,-0.69,-1.36,0.21,2.0427,-1.0012,-3.9832,-7.056,0.078684402,9.58,0.091133072
201902,3.4,1.78,-2.84,0.24,-1.47,0.18,1.1534,-2.567,0.5759,1.2837,0.029728889,5.56,0.027608855
201903,1.1,-3.54,-4.07,0.93,-1.02,0.19,-3.3272,-0.5068,-0.0365,0.687,0.017924256,3.72,0.039625087
201904,3.96,-1.13,1.93,1.75,-2.17,0.21,-0.2216,-2.5239,2.0847,1.1669,0.039313498,6.03,0.054574128
201905,-6.94,-1.47,-2.39,-0.35,1.78,0.21,-1.9477,1.5123,0.6852,0.1557,-0.065777731,-8.52,-0.08398167
201906,6.93,0.37,-1.08,0.94,-0.38,0.18,-0.5105,-0.256,-0.1243,-0.233,0.068930164,7.87,0.076195731
201907,1.19,-1.91,0.14,-0.08,0.36,0.19,-1.6312,0.1712,0.5053,1.128,0.013128152,3.61,0.023164887
201908,-2.58,-3.3,-4.99,0.37,-0.96,0.16,-4.2469,-0.9351,1.7673,1.6305,-0.018091627,-2.79,-0.02010246
201909,1.44,0.32,6.71,1.97,3.55,0.18,1.3935,3.0078,1.6828,-2.0098,0.017181178,1.14,0.007599817
201910,2.06,0.21,-2.07,0.43,-0.96,0.15,0.8401,-0.5515,0.6286,1.717,0.020431771,3.35,0.043148852
201911,3.87,0.5,-1.86,-1.5,-1.29,0.12,-0.0261,-1.0127,-1.1667,-0.3332,0.034047037,5.11,0.039566592
201912,2.77,0.96,1.83,0.21,1.31,0.14,1.2822,1.836,-1.32,-0.7981,0.028589819,3.73,0.039196
202001,-0.11,-4.4,-6.27,-1.23,-2.34,0.13,,,,,-0.001628093,3.24,0.029593195
202002,-8.13,-0.07,-4.01,-1.64,-2.53,0.12,,,,,-0.084110484,-6.98,-0.058908871
202003,-13.39,-8.43,-14.11,-1.32,1.26,0.12,,,,,-0.125119282,-9.96,-0.076618187
202004,,,,,,,,,,,,15.27,0.151917805